ISO-10303-21;
HEADER;
/* Generated by software containing ST-Developer
 * from STEP Tools, Inc. (www.steptools.com) 
 */
/* OPTION: using custom renumber hook */

FILE_DESCRIPTION(
/* description */ ('STEP AP242 Edition 2',
'CAx-IF Rec.Pracs.---Representation and Presentation of Product Manufa
cturing Information (PMI)---4.0---2014-10-13',
'CAx-IF Rec.Pracs.---3D Tessellated Geometry---0.4---2014-09-14','2;1',
'CAx-IF Rec.Pracs.---User Defined Attributes---1.5---2016-08-15'),
/* implementation_level */ '2;1');

FILE_NAME(
/* name */ 'Part Studio 1 - XAxis-KW12Holder',
/* time_stamp */ '2026-08-16T16:31:34Z',
/* author */ (''),
/* organization */ (''),
/* preprocessor_version */ 'ST-DEVELOPER v20',
/* originating_system */ 'ONSHAPE BY PTC INC, 1.219',
/* authorisation */ '  ');

FILE_SCHEMA (('AP242_MANAGED_MODEL_BASED_3D_ENGINEERING_MIM_LF { 1 0 10303 442 3 1 4 }'));
ENDSEC;

DATA;
#10=SHAPE_REPRESENTATION_RELATIONSHIP('','',#757,#11);
#11=ADVANCED_BREP_SHAPE_REPRESENTATION('',(#755),#4983);
#12=B_SPLINE_SURFACE_WITH_KNOTS('',5,1,((#1264,#1265),(#1266,#1267),(#1268,
#1269),(#1270,#1271),(#1272,#1273),(#1274,#1275),(#1276,#1277),(#1278,#1279)),
 .SURF_OF_LINEAR_EXTRUSION.,.F.,.F.,.F.,(6,2,6),(2,2),(0.,0.5,1.),(0.,1.),
 .UNSPECIFIED.);
#13=B_SPLINE_SURFACE_WITH_KNOTS('',5,1,((#1294,#1295),(#1296,#1297),(#1298,
#1299),(#1300,#1301),(#1302,#1303),(#1304,#1305),(#1306,#1307),(#1308,#1309)),
 .SURF_OF_LINEAR_EXTRUSION.,.F.,.F.,.F.,(6,2,6),(2,2),(0.,0.5,1.),(0.,1.),
 .UNSPECIFIED.);
#14=B_SPLINE_SURFACE_WITH_KNOTS('',3,1,((#1324,#1325),(#1326,#1327),(#1328,
#1329),(#1330,#1331),(#1332,#1333),(#1334,#1335),(#1336,#1337)),
 .SURF_OF_LINEAR_EXTRUSION.,.F.,.F.,.F.,(4,1,1,1,4),(2,2),(-1.89984596107094E-16,
0.171246392274193,0.342492784548386,0.513739176822579,0.684985569096772),
(0.,1.),.UNSPECIFIED.);
#15=B_SPLINE_SURFACE_WITH_KNOTS('',3,1,((#1352,#1353),(#1354,#1355),(#1356,
#1357),(#1358,#1359),(#1360,#1361),(#1362,#1363),(#1364,#1365)),
 .SURF_OF_LINEAR_EXTRUSION.,.F.,.F.,.F.,(4,1,1,1,4),(2,2),(-1.5808342289524E-14,
0.171246392274182,0.342492784548379,0.513739176822577,0.684985569096774),
(0.,1.),.UNSPECIFIED.);
#16=B_SPLINE_SURFACE_WITH_KNOTS('',3,3,((#1380,#1381,#1382,#1383,#1384,
#1385,#1386,#1387,#1388,#1389,#1390),(#1391,#1392,#1393,#1394,#1395,#1396,
#1397,#1398,#1399,#1400,#1401),(#1402,#1403,#1404,#1405,#1406,#1407,#1408,
#1409,#1410,#1411,#1412),(#1413,#1414,#1415,#1416,#1417,#1418,#1419,#1420,
#1421,#1422,#1423),(#1424,#1425,#1426,#1427,#1428,#1429,#1430,#1431,#1432,
#1433,#1434),(#1435,#1436,#1437,#1438,#1439,#1440,#1441,#1442,#1443,#1444,
#1445),(#1446,#1447,#1448,#1449,#1450,#1451,#1452,#1453,#1454,#1455,#1456),
(#1457,#1458,#1459,#1460,#1461,#1462,#1463,#1464,#1465,#1466,#1467),(#1468,
#1469,#1470,#1471,#1472,#1473,#1474,#1475,#1476,#1477,#1478),(#1479,#1480,
#1481,#1482,#1483,#1484,#1485,#1486,#1487,#1488,#1489),(#1490,#1491,#1492,
#1493,#1494,#1495,#1496,#1497,#1498,#1499,#1500),(#1501,#1502,#1503,#1504,
#1505,#1506,#1507,#1508,#1509,#1510,#1511),(#1512,#1513,#1514,#1515,#1516,
#1517,#1518,#1519,#1520,#1521,#1522),(#1523,#1524,#1525,#1526,#1527,#1528,
#1529,#1530,#1531,#1532,#1533),(#1534,#1535,#1536,#1537,#1538,#1539,#1540,
#1541,#1542,#1543,#1544),(#1545,#1546,#1547,#1548,#1549,#1550,#1551,#1552,
#1553,#1554,#1555),(#1556,#1557,#1558,#1559,#1560,#1561,#1562,#1563,#1564,
#1565,#1566),(#1567,#1568,#1569,#1570,#1571,#1572,#1573,#1574,#1575,#1576,
#1577),(#1578,#1579,#1580,#1581,#1582,#1583,#1584,#1585,#1586,#1587,#1588),
(#1589,#1590,#1591,#1592,#1593,#1594,#1595,#1596,#1597,#1598,#1599),(#1600,
#1601,#1602,#1603,#1604,#1605,#1606,#1607,#1608,#1609,#1610),(#1611,#1612,
#1613,#1614,#1615,#1616,#1617,#1618,#1619,#1620,#1621)),.UNSPECIFIED.,.F.,
 .F.,.F.,(4,2,2,2,2,2,2,2,2,2,4),(4,1,1,1,1,1,1,1,4),(0.,0.0625,0.125,0.25,
0.375,0.5,0.625,0.75,0.875,0.9375,1.),(0.,0.000565821905606164,0.00113164381121233,
0.00169746571681849,0.00226328762242465,0.00282910952803082,0.00339493143363698,
0.00396075333924315,0.00433705652177885),.UNSPECIFIED.);
#17=B_SPLINE_SURFACE_WITH_KNOTS('',5,1,((#1629,#1630),(#1631,#1632),(#1633,
#1634),(#1635,#1636),(#1637,#1638),(#1639,#1640),(#1641,#1642),(#1643,#1644)),
 .SURF_OF_LINEAR_EXTRUSION.,.F.,.F.,.F.,(6,2,6),(2,2),(0.,0.5,1.),(0.,1.),
 .UNSPECIFIED.);
#18=B_SPLINE_SURFACE_WITH_KNOTS('',5,1,((#1665,#1666),(#1667,#1668),(#1669,
#1670),(#1671,#1672),(#1673,#1674),(#1675,#1676),(#1677,#1678),(#1679,#1680)),
 .SURF_OF_LINEAR_EXTRUSION.,.F.,.F.,.F.,(6,2,6),(2,2),(-8.5357763912608E-10,
0.5,1.),(0.,1.),.UNSPECIFIED.);
#19=B_SPLINE_SURFACE_WITH_KNOTS('',5,1,((#1726,#1727),(#1728,#1729),(#1730,
#1731),(#1732,#1733),(#1734,#1735),(#1736,#1737),(#1738,#1739),(#1740,#1741)),
 .SURF_OF_LINEAR_EXTRUSION.,.F.,.F.,.F.,(6,2,6),(2,2),(0.,0.5,1.),(0.,1.),
 .UNSPECIFIED.);
#20=B_SPLINE_SURFACE_WITH_KNOTS('',5,1,((#1760,#1761),(#1762,#1763),(#1764,
#1765),(#1766,#1767),(#1768,#1769),(#1770,#1771),(#1772,#1773),(#1774,#1775)),
 .SURF_OF_LINEAR_EXTRUSION.,.F.,.F.,.F.,(6,2,6),(2,2),(0.,0.5,1.00000000117233),
(0.,1.),.UNSPECIFIED.);
#21=B_SPLINE_SURFACE_WITH_KNOTS('',5,1,((#1822,#1823),(#1824,#1825),(#1826,
#1827),(#1828,#1829),(#1830,#1831),(#1832,#1833),(#1834,#1835),(#1836,#1837)),
 .SURF_OF_LINEAR_EXTRUSION.,.F.,.F.,.F.,(6,2,6),(2,2),(-1.17235311995804E-9,
0.5,1.),(0.,1.),.UNSPECIFIED.);
#22=B_SPLINE_SURFACE_WITH_KNOTS('',5,1,((#1857,#1858),(#1859,#1860),(#1861,
#1862),(#1863,#1864),(#1865,#1866),(#1867,#1868),(#1869,#1870),(#1871,#1872)),
 .SURF_OF_LINEAR_EXTRUSION.,.F.,.F.,.F.,(6,2,6),(2,2),(0.,0.5,1.),(0.,1.),
 .UNSPECIFIED.);
#23=B_SPLINE_SURFACE_WITH_KNOTS('',3,3,((#1900,#1901,#1902,#1903,#1904,
#1905,#1906,#1907,#1908,#1909,#1910),(#1911,#1912,#1913,#1914,#1915,#1916,
#1917,#1918,#1919,#1920,#1921),(#1922,#1923,#1924,#1925,#1926,#1927,#1928,
#1929,#1930,#1931,#1932),(#1933,#1934,#1935,#1936,#1937,#1938,#1939,#1940,
#1941,#1942,#1943),(#1944,#1945,#1946,#1947,#1948,#1949,#1950,#1951,#1952,
#1953,#1954),(#1955,#1956,#1957,#1958,#1959,#1960,#1961,#1962,#1963,#1964,
#1965),(#1966,#1967,#1968,#1969,#1970,#1971,#1972,#1973,#1974,#1975,#1976),
(#1977,#1978,#1979,#1980,#1981,#1982,#1983,#1984,#1985,#1986,#1987),(#1988,
#1989,#1990,#1991,#1992,#1993,#1994,#1995,#1996,#1997,#1998),(#1999,#2000,
#2001,#2002,#2003,#2004,#2005,#2006,#2007,#2008,#2009),(#2010,#2011,#2012,
#2013,#2014,#2015,#2016,#2017,#2018,#2019,#2020),(#2021,#2022,#2023,#2024,
#2025,#2026,#2027,#2028,#2029,#2030,#2031),(#2032,#2033,#2034,#2035,#2036,
#2037,#2038,#2039,#2040,#2041,#2042),(#2043,#2044,#2045,#2046,#2047,#2048,
#2049,#2050,#2051,#2052,#2053),(#2054,#2055,#2056,#2057,#2058,#2059,#2060,
#2061,#2062,#2063,#2064),(#2065,#2066,#2067,#2068,#2069,#2070,#2071,#2072,
#2073,#2074,#2075),(#2076,#2077,#2078,#2079,#2080,#2081,#2082,#2083,#2084,
#2085,#2086),(#2087,#2088,#2089,#2090,#2091,#2092,#2093,#2094,#2095,#2096,
#2097),(#2098,#2099,#2100,#2101,#2102,#2103,#2104,#2105,#2106,#2107,#2108),
(#2109,#2110,#2111,#2112,#2113,#2114,#2115,#2116,#2117,#2118,#2119),(#2120,
#2121,#2122,#2123,#2124,#2125,#2126,#2127,#2128,#2129,#2130),(#2131,#2132,
#2133,#2134,#2135,#2136,#2137,#2138,#2139,#2140,#2141)),.UNSPECIFIED.,.F.,
 .F.,.F.,(4,2,2,2,2,2,2,2,2,2,4),(4,1,1,1,1,1,1,1,4),(0.,0.0625,0.125,0.25,
0.375,0.5,0.625,0.75,0.875,0.9375,1.),(0.,0.000565821905606161,0.00113164381121232,
0.00169746571681848,0.00226328762242464,0.00282910952803081,0.00339493143363697,
0.00396075333924313,0.0043370565217789),.UNSPECIFIED.);
#24=B_SPLINE_SURFACE_WITH_KNOTS('',3,3,((#2142,#2143,#2144,#2145,#2146,
#2147,#2148,#2149,#2150,#2151,#2152,#2153,#2154,#2155,#2156,#2157,#2158,
#2159,#2160,#2161),(#2162,#2163,#2164,#2165,#2166,#2167,#2168,#2169,#2170,
#2171,#2172,#2173,#2174,#2175,#2176,#2177,#2178,#2179,#2180,#2181),(#2182,
#2183,#2184,#2185,#2186,#2187,#2188,#2189,#2190,#2191,#2192,#2193,#2194,
#2195,#2196,#2197,#2198,#2199,#2200,#2201),(#2202,#2203,#2204,#2205,#2206,
#2207,#2208,#2209,#2210,#2211,#2212,#2213,#2214,#2215,#2216,#2217,#2218,
#2219,#2220,#2221),(#2222,#2223,#2224,#2225,#2226,#2227,#2228,#2229,#2230,
#2231,#2232,#2233,#2234,#2235,#2236,#2237,#2238,#2239,#2240,#2241),(#2242,
#2243,#2244,#2245,#2246,#2247,#2248,#2249,#2250,#2251,#2252,#2253,#2254,
#2255,#2256,#2257,#2258,#2259,#2260,#2261),(#2262,#2263,#2264,#2265,#2266,
#2267,#2268,#2269,#2270,#2271,#2272,#2273,#2274,#2275,#2276,#2277,#2278,
#2279,#2280,#2281),(#2282,#2283,#2284,#2285,#2286,#2287,#2288,#2289,#2290,
#2291,#2292,#2293,#2294,#2295,#2296,#2297,#2298,#2299,#2300,#2301),(#2302,
#2303,#2304,#2305,#2306,#2307,#2308,#2309,#2310,#2311,#2312,#2313,#2314,
#2315,#2316,#2317,#2318,#2319,#2320,#2321),(#2322,#2323,#2324,#2325,#2326,
#2327,#2328,#2329,#2330,#2331,#2332,#2333,#2334,#2335,#2336,#2337,#2338,
#2339,#2340,#2341),(#2342,#2343,#2344,#2345,#2346,#2347,#2348,#2349,#2350,
#2351,#2352,#2353,#2354,#2355,#2356,#2357,#2358,#2359,#2360,#2361),(#2362,
#2363,#2364,#2365,#2366,#2367,#2368,#2369,#2370,#2371,#2372,#2373,#2374,
#2375,#2376,#2377,#2378,#2379,#2380,#2381),(#2382,#2383,#2384,#2385,#2386,
#2387,#2388,#2389,#2390,#2391,#2392,#2393,#2394,#2395,#2396,#2397,#2398,
#2399,#2400,#2401),(#2402,#2403,#2404,#2405,#2406,#2407,#2408,#2409,#2410,
#2411,#2412,#2413,#2414,#2415,#2416,#2417,#2418,#2419,#2420,#2421),(#2422,
#2423,#2424,#2425,#2426,#2427,#2428,#2429,#2430,#2431,#2432,#2433,#2434,
#2435,#2436,#2437,#2438,#2439,#2440,#2441),(#2442,#2443,#2444,#2445,#2446,
#2447,#2448,#2449,#2450,#2451,#2452,#2453,#2454,#2455,#2456,#2457,#2458,
#2459,#2460,#2461)),.UNSPECIFIED.,.F.,.F.,.F.,(4,1,1,1,1,1,1,1,1,1,1,1,
1,4),(4,1,1,1,1,1,1,1,1,1,1,1,1,1,1,1,1,4),(-0.0012390396101212,-0.00115887739103137,
-0.00106801062993904,-0.000977143868846719,-0.000886277107754393,-0.000704543585569741,
-0.00052281006338509,-0.000341076541200438,-0.000159343019015786,0.000204124025353517,
0.00056759106972282,0.000931058114092123,0.00129452515846143,0.00165799220283073),
(-0.00143832783584437,-0.00125842624436531,-0.00107852465288625,-0.000718721469928129,
-0.000538819878449068,-0.000448869082709538,-0.000358918286970007,-0.000268967491230476,
-0.000179016695490947,-8.90658997514159E-5,8.84895988114472E-7,9.08356917276448E-5,
0.000180786487467175,0.000360688078946236,0.000540589670425297,0.000720491261904358,
0.00108029444486248,0.0014400976278206),.UNSPECIFIED.);
#25=B_SPLINE_SURFACE_WITH_KNOTS('',3,3,((#2462,#2463,#2464,#2465,#2466,
#2467,#2468,#2469,#2470,#2471,#2472,#2473,#2474,#2475,#2476,#2477,#2478,
#2479,#2480,#2481),(#2482,#2483,#2484,#2485,#2486,#2487,#2488,#2489,#2490,
#2491,#2492,#2493,#2494,#2495,#2496,#2497,#2498,#2499,#2500,#2501),(#2502,
#2503,#2504,#2505,#2506,#2507,#2508,#2509,#2510,#2511,#2512,#2513,#2514,
#2515,#2516,#2517,#2518,#2519,#2520,#2521),(#2522,#2523,#2524,#2525,#2526,
#2527,#2528,#2529,#2530,#2531,#2532,#2533,#2534,#2535,#2536,#2537,#2538,
#2539,#2540,#2541),(#2542,#2543,#2544,#2545,#2546,#2547,#2548,#2549,#2550,
#2551,#2552,#2553,#2554,#2555,#2556,#2557,#2558,#2559,#2560,#2561),(#2562,
#2563,#2564,#2565,#2566,#2567,#2568,#2569,#2570,#2571,#2572,#2573,#2574,
#2575,#2576,#2577,#2578,#2579,#2580,#2581),(#2582,#2583,#2584,#2585,#2586,
#2587,#2588,#2589,#2590,#2591,#2592,#2593,#2594,#2595,#2596,#2597,#2598,
#2599,#2600,#2601),(#2602,#2603,#2604,#2605,#2606,#2607,#2608,#2609,#2610,
#2611,#2612,#2613,#2614,#2615,#2616,#2617,#2618,#2619,#2620,#2621),(#2622,
#2623,#2624,#2625,#2626,#2627,#2628,#2629,#2630,#2631,#2632,#2633,#2634,
#2635,#2636,#2637,#2638,#2639,#2640,#2641),(#2642,#2643,#2644,#2645,#2646,
#2647,#2648,#2649,#2650,#2651,#2652,#2653,#2654,#2655,#2656,#2657,#2658,
#2659,#2660,#2661),(#2662,#2663,#2664,#2665,#2666,#2667,#2668,#2669,#2670,
#2671,#2672,#2673,#2674,#2675,#2676,#2677,#2678,#2679,#2680,#2681),(#2682,
#2683,#2684,#2685,#2686,#2687,#2688,#2689,#2690,#2691,#2692,#2693,#2694,
#2695,#2696,#2697,#2698,#2699,#2700,#2701),(#2702,#2703,#2704,#2705,#2706,
#2707,#2708,#2709,#2710,#2711,#2712,#2713,#2714,#2715,#2716,#2717,#2718,
#2719,#2720,#2721),(#2722,#2723,#2724,#2725,#2726,#2727,#2728,#2729,#2730,
#2731,#2732,#2733,#2734,#2735,#2736,#2737,#2738,#2739,#2740,#2741),(#2742,
#2743,#2744,#2745,#2746,#2747,#2748,#2749,#2750,#2751,#2752,#2753,#2754,
#2755,#2756,#2757,#2758,#2759,#2760,#2761),(#2762,#2763,#2764,#2765,#2766,
#2767,#2768,#2769,#2770,#2771,#2772,#2773,#2774,#2775,#2776,#2777,#2778,
#2779,#2780,#2781)),.UNSPECIFIED.,.F.,.F.,.F.,(4,1,1,1,1,1,1,1,1,1,1,1,
1,4),(4,1,1,1,1,1,1,1,1,1,1,1,1,1,1,1,1,4),(-0.00123903961010789,-0.00115887739103184,
-0.00106801062993916,-0.000977143868846491,-0.000886277107753818,-0.000704543585568471,
-0.000522810063383124,-0.000341076541197778,-0.000159343019012431,0.000204124025358262,
0.000567591069728956,0.000931058114099649,0.00129452515847034,0.00165799220284103),
(-0.00143832783586258,-0.0012584262443835,-0.00107852465290442,-0.000718721469946264,
-0.000538819878467185,-0.000448869082727646,-0.000358918286988107,-0.000268967491248567,
-0.000179016695509029,-8.90658997694891E-5,8.84895970050146E-7,9.08356917095894E-5,
0.000180786487449129,0.000360688078928207,0.000540589670407286,0.000720491261886364,
0.00108029444484452,0.00144009762780268),.UNSPECIFIED.);
#26=B_SPLINE_SURFACE_WITH_KNOTS('',3,3,((#2782,#2783,#2784,#2785,#2786,
#2787,#2788,#2789,#2790,#2791,#2792),(#2793,#2794,#2795,#2796,#2797,#2798,
#2799,#2800,#2801,#2802,#2803),(#2804,#2805,#2806,#2807,#2808,#2809,#2810,
#2811,#2812,#2813,#2814),(#2815,#2816,#2817,#2818,#2819,#2820,#2821,#2822,
#2823,#2824,#2825),(#2826,#2827,#2828,#2829,#2830,#2831,#2832,#2833,#2834,
#2835,#2836),(#2837,#2838,#2839,#2840,#2841,#2842,#2843,#2844,#2845,#2846,
#2847),(#2848,#2849,#2850,#2851,#2852,#2853,#2854,#2855,#2856,#2857,#2858),
(#2859,#2860,#2861,#2862,#2863,#2864,#2865,#2866,#2867,#2868,#2869),(#2870,
#2871,#2872,#2873,#2874,#2875,#2876,#2877,#2878,#2879,#2880),(#2881,#2882,
#2883,#2884,#2885,#2886,#2887,#2888,#2889,#2890,#2891),(#2892,#2893,#2894,
#2895,#2896,#2897,#2898,#2899,#2900,#2901,#2902),(#2903,#2904,#2905,#2906,
#2907,#2908,#2909,#2910,#2911,#2912,#2913),(#2914,#2915,#2916,#2917,#2918,
#2919,#2920,#2921,#2922,#2923,#2924),(#2925,#2926,#2927,#2928,#2929,#2930,
#2931,#2932,#2933,#2934,#2935),(#2936,#2937,#2938,#2939,#2940,#2941,#2942,
#2943,#2944,#2945,#2946),(#2947,#2948,#2949,#2950,#2951,#2952,#2953,#2954,
#2955,#2956,#2957),(#2958,#2959,#2960,#2961,#2962,#2963,#2964,#2965,#2966,
#2967,#2968),(#2969,#2970,#2971,#2972,#2973,#2974,#2975,#2976,#2977,#2978,
#2979),(#2980,#2981,#2982,#2983,#2984,#2985,#2986,#2987,#2988,#2989,#2990),
(#2991,#2992,#2993,#2994,#2995,#2996,#2997,#2998,#2999,#3000,#3001),(#3002,
#3003,#3004,#3005,#3006,#3007,#3008,#3009,#3010,#3011,#3012),(#3013,#3014,
#3015,#3016,#3017,#3018,#3019,#3020,#3021,#3022,#3023)),.UNSPECIFIED.,.F.,
 .F.,.F.,(4,2,2,2,2,2,2,2,2,2,4),(4,1,1,1,1,1,1,1,4),(0.,0.0625,0.125,0.25,
0.375,0.5,0.625,0.75,0.875,0.9375,1.),(0.,0.00056582190560616,0.00113164381121232,
0.00169746571681848,0.00226328762242464,0.0028291095280308,0.00339493143363696,
0.00396075333924312,0.00433705652177652),.UNSPECIFIED.);
#27=B_SPLINE_SURFACE_WITH_KNOTS('',5,1,((#3031,#3032),(#3033,#3034),(#3035,
#3036),(#3037,#3038),(#3039,#3040),(#3041,#3042),(#3043,#3044),(#3045,#3046)),
 .SURF_OF_LINEAR_EXTRUSION.,.F.,.F.,.F.,(6,2,6),(2,2),(0.,0.5,1.),(0.,1.),
 .UNSPECIFIED.);
#28=B_SPLINE_SURFACE_WITH_KNOTS('',3,3,((#3054,#3055,#3056,#3057,#3058,
#3059,#3060,#3061,#3062,#3063,#3064,#3065,#3066,#3067,#3068,#3069,#3070),
(#3071,#3072,#3073,#3074,#3075,#3076,#3077,#3078,#3079,#3080,#3081,#3082,
#3083,#3084,#3085,#3086,#3087),(#3088,#3089,#3090,#3091,#3092,#3093,#3094,
#3095,#3096,#3097,#3098,#3099,#3100,#3101,#3102,#3103,#3104),(#3105,#3106,
#3107,#3108,#3109,#3110,#3111,#3112,#3113,#3114,#3115,#3116,#3117,#3118,
#3119,#3120,#3121),(#3122,#3123,#3124,#3125,#3126,#3127,#3128,#3129,#3130,
#3131,#3132,#3133,#3134,#3135,#3136,#3137,#3138),(#3139,#3140,#3141,#3142,
#3143,#3144,#3145,#3146,#3147,#3148,#3149,#3150,#3151,#3152,#3153,#3154,
#3155),(#3156,#3157,#3158,#3159,#3160,#3161,#3162,#3163,#3164,#3165,#3166,
#3167,#3168,#3169,#3170,#3171,#3172),(#3173,#3174,#3175,#3176,#3177,#3178,
#3179,#3180,#3181,#3182,#3183,#3184,#3185,#3186,#3187,#3188,#3189),(#3190,
#3191,#3192,#3193,#3194,#3195,#3196,#3197,#3198,#3199,#3200,#3201,#3202,
#3203,#3204,#3205,#3206),(#3207,#3208,#3209,#3210,#3211,#3212,#3213,#3214,
#3215,#3216,#3217,#3218,#3219,#3220,#3221,#3222,#3223),(#3224,#3225,#3226,
#3227,#3228,#3229,#3230,#3231,#3232,#3233,#3234,#3235,#3236,#3237,#3238,
#3239,#3240),(#3241,#3242,#3243,#3244,#3245,#3246,#3247,#3248,#3249,#3250,
#3251,#3252,#3253,#3254,#3255,#3256,#3257),(#3258,#3259,#3260,#3261,#3262,
#3263,#3264,#3265,#3266,#3267,#3268,#3269,#3270,#3271,#3272,#3273,#3274),
(#3275,#3276,#3277,#3278,#3279,#3280,#3281,#3282,#3283,#3284,#3285,#3286,
#3287,#3288,#3289,#3290,#3291),(#3292,#3293,#3294,#3295,#3296,#3297,#3298,
#3299,#3300,#3301,#3302,#3303,#3304,#3305,#3306,#3307,#3308),(#3309,#3310,
#3311,#3312,#3313,#3314,#3315,#3316,#3317,#3318,#3319,#3320,#3321,#3322,
#3323,#3324,#3325),(#3326,#3327,#3328,#3329,#3330,#3331,#3332,#3333,#3334,
#3335,#3336,#3337,#3338,#3339,#3340,#3341,#3342),(#3343,#3344,#3345,#3346,
#3347,#3348,#3349,#3350,#3351,#3352,#3353,#3354,#3355,#3356,#3357,#3358,
#3359),(#3360,#3361,#3362,#3363,#3364,#3365,#3366,#3367,#3368,#3369,#3370,
#3371,#3372,#3373,#3374,#3375,#3376),(#3377,#3378,#3379,#3380,#3381,#3382,
#3383,#3384,#3385,#3386,#3387,#3388,#3389,#3390,#3391,#3392,#3393),(#3394,
#3395,#3396,#3397,#3398,#3399,#3400,#3401,#3402,#3403,#3404,#3405,#3406,
#3407,#3408,#3409,#3410),(#3411,#3412,#3413,#3414,#3415,#3416,#3417,#3418,
#3419,#3420,#3421,#3422,#3423,#3424,#3425,#3426,#3427)),.UNSPECIFIED.,.F.,
 .F.,.F.,(4,2,2,2,2,2,2,2,2,2,4),(4,1,2,2,1,1,1,2,2,1,4),(0.,0.0625,0.125,
0.25,0.375,0.5,0.625,0.75,0.875,0.9375,1.),(0.,0.000392886472829663,0.000785772945659326,
0.00157154589131865,0.00235731883697798,0.0031430917826373,0.00392886472829663,
0.00471463767395596,0.00550041061961528,0.00589329709244495,0.00628618356527461),
 .UNSPECIFIED.);
#29=B_SPLINE_SURFACE_WITH_KNOTS('',5,1,((#3435,#3436),(#3437,#3438),(#3439,
#3440),(#3441,#3442),(#3443,#3444),(#3445,#3446),(#3447,#3448),(#3449,#3450)),
 .SURF_OF_LINEAR_EXTRUSION.,.F.,.F.,.F.,(6,2,6),(2,2),(0.,0.5,1.),(0.,1.),
 .UNSPECIFIED.);
#30=B_SPLINE_SURFACE_WITH_KNOTS('',3,3,((#3458,#3459,#3460,#3461,#3462,
#3463,#3464,#3465,#3466,#3467,#3468,#3469,#3470,#3471,#3472,#3473,#3474),
(#3475,#3476,#3477,#3478,#3479,#3480,#3481,#3482,#3483,#3484,#3485,#3486,
#3487,#3488,#3489,#3490,#3491),(#3492,#3493,#3494,#3495,#3496,#3497,#3498,
#3499,#3500,#3501,#3502,#3503,#3504,#3505,#3506,#3507,#3508),(#3509,#3510,
#3511,#3512,#3513,#3514,#3515,#3516,#3517,#3518,#3519,#3520,#3521,#3522,
#3523,#3524,#3525),(#3526,#3527,#3528,#3529,#3530,#3531,#3532,#3533,#3534,
#3535,#3536,#3537,#3538,#3539,#3540,#3541,#3542),(#3543,#3544,#3545,#3546,
#3547,#3548,#3549,#3550,#3551,#3552,#3553,#3554,#3555,#3556,#3557,#3558,
#3559),(#3560,#3561,#3562,#3563,#3564,#3565,#3566,#3567,#3568,#3569,#3570,
#3571,#3572,#3573,#3574,#3575,#3576),(#3577,#3578,#3579,#3580,#3581,#3582,
#3583,#3584,#3585,#3586,#3587,#3588,#3589,#3590,#3591,#3592,#3593),(#3594,
#3595,#3596,#3597,#3598,#3599,#3600,#3601,#3602,#3603,#3604,#3605,#3606,
#3607,#3608,#3609,#3610),(#3611,#3612,#3613,#3614,#3615,#3616,#3617,#3618,
#3619,#3620,#3621,#3622,#3623,#3624,#3625,#3626,#3627),(#3628,#3629,#3630,
#3631,#3632,#3633,#3634,#3635,#3636,#3637,#3638,#3639,#3640,#3641,#3642,
#3643,#3644),(#3645,#3646,#3647,#3648,#3649,#3650,#3651,#3652,#3653,#3654,
#3655,#3656,#3657,#3658,#3659,#3660,#3661),(#3662,#3663,#3664,#3665,#3666,
#3667,#3668,#3669,#3670,#3671,#3672,#3673,#3674,#3675,#3676,#3677,#3678),
(#3679,#3680,#3681,#3682,#3683,#3684,#3685,#3686,#3687,#3688,#3689,#3690,
#3691,#3692,#3693,#3694,#3695),(#3696,#3697,#3698,#3699,#3700,#3701,#3702,
#3703,#3704,#3705,#3706,#3707,#3708,#3709,#3710,#3711,#3712),(#3713,#3714,
#3715,#3716,#3717,#3718,#3719,#3720,#3721,#3722,#3723,#3724,#3725,#3726,
#3727,#3728,#3729),(#3730,#3731,#3732,#3733,#3734,#3735,#3736,#3737,#3738,
#3739,#3740,#3741,#3742,#3743,#3744,#3745,#3746),(#3747,#3748,#3749,#3750,
#3751,#3752,#3753,#3754,#3755,#3756,#3757,#3758,#3759,#3760,#3761,#3762,
#3763),(#3764,#3765,#3766,#3767,#3768,#3769,#3770,#3771,#3772,#3773,#3774,
#3775,#3776,#3777,#3778,#3779,#3780),(#3781,#3782,#3783,#3784,#3785,#3786,
#3787,#3788,#3789,#3790,#3791,#3792,#3793,#3794,#3795,#3796,#3797),(#3798,
#3799,#3800,#3801,#3802,#3803,#3804,#3805,#3806,#3807,#3808,#3809,#3810,
#3811,#3812,#3813,#3814),(#3815,#3816,#3817,#3818,#3819,#3820,#3821,#3822,
#3823,#3824,#3825,#3826,#3827,#3828,#3829,#3830,#3831)),.UNSPECIFIED.,.F.,
 .F.,.F.,(4,2,2,2,2,2,2,2,2,2,4),(4,1,2,2,1,1,1,2,2,1,4),(0.,0.0625,0.125,
0.25,0.375,0.5,0.625,0.75,0.875,0.9375,1.),(0.,0.000392886472829664,0.000785772945659328,
0.00157154589131866,0.00235731883697798,0.00314309178263731,0.00392886472829664,
0.00471463767395597,0.00550041061961529,0.00589329709244496,0.00628618356527462),
 .UNSPECIFIED.);
#31=B_SPLINE_SURFACE_WITH_KNOTS('',5,1,((#3839,#3840),(#3841,#3842),(#3843,
#3844),(#3845,#3846),(#3847,#3848),(#3849,#3850),(#3851,#3852),(#3853,#3854)),
 .SURF_OF_LINEAR_EXTRUSION.,.F.,.F.,.F.,(6,2,6),(2,2),(0.,0.5,1.),(0.,1.),
 .UNSPECIFIED.);
#32=B_SPLINE_SURFACE_WITH_KNOTS('',5,1,((#3874,#3875),(#3876,#3877),(#3878,
#3879),(#3880,#3881),(#3882,#3883),(#3884,#3885),(#3886,#3887),(#3888,#3889)),
 .SURF_OF_LINEAR_EXTRUSION.,.F.,.F.,.F.,(6,2,6),(2,2),(0.,0.5,1.),(0.,1.),
 .UNSPECIFIED.);
#33=B_SPLINE_SURFACE_WITH_KNOTS('',5,1,((#3909,#3910),(#3911,#3912),(#3913,
#3914),(#3915,#3916),(#3917,#3918),(#3919,#3920),(#3921,#3922),(#3923,#3924)),
 .SURF_OF_LINEAR_EXTRUSION.,.F.,.F.,.F.,(6,2,6),(2,2),(0.,0.5,1.),(0.,1.),
 .UNSPECIFIED.);
#34=B_SPLINE_SURFACE_WITH_KNOTS('',3,3,((#3932,#3933,#3934,#3935,#3936,
#3937,#3938,#3939,#3940,#3941,#3942,#3943,#3944,#3945,#3946,#3947,#3948),
(#3949,#3950,#3951,#3952,#3953,#3954,#3955,#3956,#3957,#3958,#3959,#3960,
#3961,#3962,#3963,#3964,#3965),(#3966,#3967,#3968,#3969,#3970,#3971,#3972,
#3973,#3974,#3975,#3976,#3977,#3978,#3979,#3980,#3981,#3982),(#3983,#3984,
#3985,#3986,#3987,#3988,#3989,#3990,#3991,#3992,#3993,#3994,#3995,#3996,
#3997,#3998,#3999),(#4000,#4001,#4002,#4003,#4004,#4005,#4006,#4007,#4008,
#4009,#4010,#4011,#4012,#4013,#4014,#4015,#4016),(#4017,#4018,#4019,#4020,
#4021,#4022,#4023,#4024,#4025,#4026,#4027,#4028,#4029,#4030,#4031,#4032,
#4033),(#4034,#4035,#4036,#4037,#4038,#4039,#4040,#4041,#4042,#4043,#4044,
#4045,#4046,#4047,#4048,#4049,#4050),(#4051,#4052,#4053,#4054,#4055,#4056,
#4057,#4058,#4059,#4060,#4061,#4062,#4063,#4064,#4065,#4066,#4067),(#4068,
#4069,#4070,#4071,#4072,#4073,#4074,#4075,#4076,#4077,#4078,#4079,#4080,
#4081,#4082,#4083,#4084),(#4085,#4086,#4087,#4088,#4089,#4090,#4091,#4092,
#4093,#4094,#4095,#4096,#4097,#4098,#4099,#4100,#4101),(#4102,#4103,#4104,
#4105,#4106,#4107,#4108,#4109,#4110,#4111,#4112,#4113,#4114,#4115,#4116,
#4117,#4118),(#4119,#4120,#4121,#4122,#4123,#4124,#4125,#4126,#4127,#4128,
#4129,#4130,#4131,#4132,#4133,#4134,#4135),(#4136,#4137,#4138,#4139,#4140,
#4141,#4142,#4143,#4144,#4145,#4146,#4147,#4148,#4149,#4150,#4151,#4152),
(#4153,#4154,#4155,#4156,#4157,#4158,#4159,#4160,#4161,#4162,#4163,#4164,
#4165,#4166,#4167,#4168,#4169),(#4170,#4171,#4172,#4173,#4174,#4175,#4176,
#4177,#4178,#4179,#4180,#4181,#4182,#4183,#4184,#4185,#4186),(#4187,#4188,
#4189,#4190,#4191,#4192,#4193,#4194,#4195,#4196,#4197,#4198,#4199,#4200,
#4201,#4202,#4203),(#4204,#4205,#4206,#4207,#4208,#4209,#4210,#4211,#4212,
#4213,#4214,#4215,#4216,#4217,#4218,#4219,#4220),(#4221,#4222,#4223,#4224,
#4225,#4226,#4227,#4228,#4229,#4230,#4231,#4232,#4233,#4234,#4235,#4236,
#4237),(#4238,#4239,#4240,#4241,#4242,#4243,#4244,#4245,#4246,#4247,#4248,
#4249,#4250,#4251,#4252,#4253,#4254),(#4255,#4256,#4257,#4258,#4259,#4260,
#4261,#4262,#4263,#4264,#4265,#4266,#4267,#4268,#4269,#4270,#4271),(#4272,
#4273,#4274,#4275,#4276,#4277,#4278,#4279,#4280,#4281,#4282,#4283,#4284,
#4285,#4286,#4287,#4288),(#4289,#4290,#4291,#4292,#4293,#4294,#4295,#4296,
#4297,#4298,#4299,#4300,#4301,#4302,#4303,#4304,#4305)),.UNSPECIFIED.,.F.,
 .F.,.F.,(4,2,2,2,2,2,2,2,2,2,4),(4,1,2,2,1,1,1,2,2,1,4),(0.,0.0625,0.125,
0.25,0.375,0.5,0.625,0.75,0.875,0.9375,1.),(0.,0.000392886472829663,0.000785772945659326,
0.00157154589131865,0.00235731883697798,0.0031430917826373,0.00392886472829663,
0.00471463767395596,0.00550041061961528,0.00589329709244495,0.00628618356527461),
 .UNSPECIFIED.);
#35=B_SPLINE_SURFACE_WITH_KNOTS('',5,1,((#4313,#4314),(#4315,#4316),(#4317,
#4318),(#4319,#4320),(#4321,#4322),(#4323,#4324),(#4325,#4326),(#4327,#4328)),
 .SURF_OF_LINEAR_EXTRUSION.,.F.,.F.,.F.,(6,2,6),(2,2),(0.,0.5,1.),(0.,1.),
 .UNSPECIFIED.);
#36=B_SPLINE_SURFACE_WITH_KNOTS('',3,3,((#4336,#4337,#4338,#4339,#4340,
#4341,#4342,#4343,#4344,#4345,#4346,#4347,#4348,#4349,#4350,#4351,#4352),
(#4353,#4354,#4355,#4356,#4357,#4358,#4359,#4360,#4361,#4362,#4363,#4364,
#4365,#4366,#4367,#4368,#4369),(#4370,#4371,#4372,#4373,#4374,#4375,#4376,
#4377,#4378,#4379,#4380,#4381,#4382,#4383,#4384,#4385,#4386),(#4387,#4388,
#4389,#4390,#4391,#4392,#4393,#4394,#4395,#4396,#4397,#4398,#4399,#4400,
#4401,#4402,#4403),(#4404,#4405,#4406,#4407,#4408,#4409,#4410,#4411,#4412,
#4413,#4414,#4415,#4416,#4417,#4418,#4419,#4420),(#4421,#4422,#4423,#4424,
#4425,#4426,#4427,#4428,#4429,#4430,#4431,#4432,#4433,#4434,#4435,#4436,
#4437),(#4438,#4439,#4440,#4441,#4442,#4443,#4444,#4445,#4446,#4447,#4448,
#4449,#4450,#4451,#4452,#4453,#4454),(#4455,#4456,#4457,#4458,#4459,#4460,
#4461,#4462,#4463,#4464,#4465,#4466,#4467,#4468,#4469,#4470,#4471),(#4472,
#4473,#4474,#4475,#4476,#4477,#4478,#4479,#4480,#4481,#4482,#4483,#4484,
#4485,#4486,#4487,#4488),(#4489,#4490,#4491,#4492,#4493,#4494,#4495,#4496,
#4497,#4498,#4499,#4500,#4501,#4502,#4503,#4504,#4505),(#4506,#4507,#4508,
#4509,#4510,#4511,#4512,#4513,#4514,#4515,#4516,#4517,#4518,#4519,#4520,
#4521,#4522),(#4523,#4524,#4525,#4526,#4527,#4528,#4529,#4530,#4531,#4532,
#4533,#4534,#4535,#4536,#4537,#4538,#4539),(#4540,#4541,#4542,#4543,#4544,
#4545,#4546,#4547,#4548,#4549,#4550,#4551,#4552,#4553,#4554,#4555,#4556),
(#4557,#4558,#4559,#4560,#4561,#4562,#4563,#4564,#4565,#4566,#4567,#4568,
#4569,#4570,#4571,#4572,#4573),(#4574,#4575,#4576,#4577,#4578,#4579,#4580,
#4581,#4582,#4583,#4584,#4585,#4586,#4587,#4588,#4589,#4590),(#4591,#4592,
#4593,#4594,#4595,#4596,#4597,#4598,#4599,#4600,#4601,#4602,#4603,#4604,
#4605,#4606,#4607),(#4608,#4609,#4610,#4611,#4612,#4613,#4614,#4615,#4616,
#4617,#4618,#4619,#4620,#4621,#4622,#4623,#4624),(#4625,#4626,#4627,#4628,
#4629,#4630,#4631,#4632,#4633,#4634,#4635,#4636,#4637,#4638,#4639,#4640,
#4641),(#4642,#4643,#4644,#4645,#4646,#4647,#4648,#4649,#4650,#4651,#4652,
#4653,#4654,#4655,#4656,#4657,#4658),(#4659,#4660,#4661,#4662,#4663,#4664,
#4665,#4666,#4667,#4668,#4669,#4670,#4671,#4672,#4673,#4674,#4675),(#4676,
#4677,#4678,#4679,#4680,#4681,#4682,#4683,#4684,#4685,#4686,#4687,#4688,
#4689,#4690,#4691,#4692),(#4693,#4694,#4695,#4696,#4697,#4698,#4699,#4700,
#4701,#4702,#4703,#4704,#4705,#4706,#4707,#4708,#4709)),.UNSPECIFIED.,.F.,
 .F.,.F.,(4,2,2,2,2,2,2,2,2,2,4),(4,1,2,2,1,1,1,2,2,1,4),(0.,0.0625,0.125,
0.25,0.375,0.5,0.625,0.75,0.875,0.9375,1.),(0.,0.000392886472829664,0.000785772945659328,
0.00157154589131866,0.00235731883697798,0.00314309178263731,0.00392886472829664,
0.00471463767395597,0.00550041061961529,0.00589329709244496,0.00628618356527462),
 .UNSPECIFIED.);
#37=B_SPLINE_SURFACE_WITH_KNOTS('',5,1,((#4717,#4718),(#4719,#4720),(#4721,
#4722),(#4723,#4724),(#4725,#4726),(#4727,#4728),(#4729,#4730),(#4731,#4732)),
 .SURF_OF_LINEAR_EXTRUSION.,.F.,.F.,.F.,(6,2,6),(2,2),(0.,0.5,1.),(0.,1.),
 .UNSPECIFIED.);
#38=B_SPLINE_SURFACE_WITH_KNOTS('',3,3,((#4740,#4741,#4742,#4743,#4744,
#4745,#4746,#4747,#4748,#4749,#4750),(#4751,#4752,#4753,#4754,#4755,#4756,
#4757,#4758,#4759,#4760,#4761),(#4762,#4763,#4764,#4765,#4766,#4767,#4768,
#4769,#4770,#4771,#4772),(#4773,#4774,#4775,#4776,#4777,#4778,#4779,#4780,
#4781,#4782,#4783),(#4784,#4785,#4786,#4787,#4788,#4789,#4790,#4791,#4792,
#4793,#4794),(#4795,#4796,#4797,#4798,#4799,#4800,#4801,#4802,#4803,#4804,
#4805),(#4806,#4807,#4808,#4809,#4810,#4811,#4812,#4813,#4814,#4815,#4816),
(#4817,#4818,#4819,#4820,#4821,#4822,#4823,#4824,#4825,#4826,#4827),(#4828,
#4829,#4830,#4831,#4832,#4833,#4834,#4835,#4836,#4837,#4838),(#4839,#4840,
#4841,#4842,#4843,#4844,#4845,#4846,#4847,#4848,#4849),(#4850,#4851,#4852,
#4853,#4854,#4855,#4856,#4857,#4858,#4859,#4860),(#4861,#4862,#4863,#4864,
#4865,#4866,#4867,#4868,#4869,#4870,#4871),(#4872,#4873,#4874,#4875,#4876,
#4877,#4878,#4879,#4880,#4881,#4882),(#4883,#4884,#4885,#4886,#4887,#4888,
#4889,#4890,#4891,#4892,#4893),(#4894,#4895,#4896,#4897,#4898,#4899,#4900,
#4901,#4902,#4903,#4904),(#4905,#4906,#4907,#4908,#4909,#4910,#4911,#4912,
#4913,#4914,#4915),(#4916,#4917,#4918,#4919,#4920,#4921,#4922,#4923,#4924,
#4925,#4926),(#4927,#4928,#4929,#4930,#4931,#4932,#4933,#4934,#4935,#4936,
#4937),(#4938,#4939,#4940,#4941,#4942,#4943,#4944,#4945,#4946,#4947,#4948),
(#4949,#4950,#4951,#4952,#4953,#4954,#4955,#4956,#4957,#4958,#4959),(#4960,
#4961,#4962,#4963,#4964,#4965,#4966,#4967,#4968,#4969,#4970),(#4971,#4972,
#4973,#4974,#4975,#4976,#4977,#4978,#4979,#4980,#4981)),.UNSPECIFIED.,.F.,
 .F.,.F.,(4,2,2,2,2,2,2,2,2,2,4),(4,1,1,1,1,1,1,1,4),(0.,0.0625,0.125,0.25,
0.375,0.5,0.625,0.75,0.875,0.9375,1.),(0.,0.000565821905606159,0.00113164381121232,
0.00169746571681848,0.00226328762242463,0.00282910952803079,0.00339493143363695,
0.00396075333924311,0.00433705652178131),.UNSPECIFIED.);
#39=B_SPLINE_CURVE_WITH_KNOTS('',3,(#866,#867,#868,#869),.UNSPECIFIED.,
 .F.,.F.,(4,4),(0.080000000000071,0.919999999999992),.UNSPECIFIED.);
#40=B_SPLINE_CURVE_WITH_KNOTS('',3,(#872,#873,#874,#875),.UNSPECIFIED.,
 .F.,.F.,(4,4),(0.,1.),.UNSPECIFIED.);
#41=B_SPLINE_CURVE_WITH_KNOTS('',3,(#877,#878,#879,#880),.UNSPECIFIED.,
 .F.,.F.,(4,4),(0.,1.),.UNSPECIFIED.);
#42=B_SPLINE_CURVE_WITH_KNOTS('',3,(#882,#883,#884,#885),.UNSPECIFIED.,
 .F.,.F.,(4,4),(0.,1.),.UNSPECIFIED.);
#43=B_SPLINE_CURVE_WITH_KNOTS('',3,(#911,#912,#913,#914),.UNSPECIFIED.,
 .F.,.F.,(4,4),(0.0800000000000124,0.919999999999897),.UNSPECIFIED.);
#44=B_SPLINE_CURVE_WITH_KNOTS('',3,(#917,#918,#919,#920),.UNSPECIFIED.,
 .F.,.F.,(4,4),(0.,1.),.UNSPECIFIED.);
#45=B_SPLINE_CURVE_WITH_KNOTS('',3,(#922,#923,#924,#925),.UNSPECIFIED.,
 .F.,.F.,(4,4),(0.,1.),.UNSPECIFIED.);
#46=B_SPLINE_CURVE_WITH_KNOTS('',3,(#927,#928,#929,#930),.UNSPECIFIED.,
 .F.,.F.,(4,4),(0.,1.),.UNSPECIFIED.);
#47=B_SPLINE_CURVE_WITH_KNOTS('',3,(#943,#944,#945,#946),.UNSPECIFIED.,
 .F.,.F.,(4,4),(0.,1.),.UNSPECIFIED.);
#48=B_SPLINE_CURVE_WITH_KNOTS('',3,(#950,#951,#952,#953),.UNSPECIFIED.,
 .F.,.F.,(4,4),(0.,1.),.UNSPECIFIED.);
#49=B_SPLINE_CURVE_WITH_KNOTS('',3,(#955,#956,#957,#958),.UNSPECIFIED.,
 .F.,.F.,(4,4),(0.,1.),.UNSPECIFIED.);
#50=B_SPLINE_CURVE_WITH_KNOTS('',3,(#961,#962,#963,#964),.UNSPECIFIED.,
 .F.,.F.,(4,4),(0.,1.),.UNSPECIFIED.);
#51=B_SPLINE_CURVE_WITH_KNOTS('',3,(#966,#967,#968,#969),.UNSPECIFIED.,
 .F.,.F.,(4,4),(0.,1.),.UNSPECIFIED.);
#52=B_SPLINE_CURVE_WITH_KNOTS('',3,(#971,#972,#973,#974),.UNSPECIFIED.,
 .F.,.F.,(4,4),(0.,1.),.UNSPECIFIED.);
#53=B_SPLINE_CURVE_WITH_KNOTS('',3,(#976,#977,#978,#979),.UNSPECIFIED.,
 .F.,.F.,(4,4),(0.,1.),.UNSPECIFIED.);
#54=B_SPLINE_CURVE_WITH_KNOTS('',3,(#982,#983,#984,#985,#986,#987,#988,
#989,#990,#991,#992,#993),.UNSPECIFIED.,.F.,.F.,(4,1,1,1,1,1,1,1,1,4),(0.,
0.125,0.1875,0.25,0.3125,0.375,0.5,0.625,0.75,1.),.UNSPECIFIED.);
#55=B_SPLINE_CURVE_WITH_KNOTS('',3,(#998,#999,#1000,#1001,#1002,#1003,#1004,
#1005,#1006,#1007,#1008,#1009),.UNSPECIFIED.,.F.,.F.,(4,1,1,1,1,1,1,1,1,
4),(0.,0.25,0.375,0.5,0.625,0.6875,0.75,0.8125,0.875,1.),.UNSPECIFIED.);
#56=B_SPLINE_CURVE_WITH_KNOTS('',3,(#1011,#1012,#1013,#1014),
 .UNSPECIFIED.,.F.,.F.,(4,4),(0.,1.),.UNSPECIFIED.);
#57=B_SPLINE_CURVE_WITH_KNOTS('',3,(#1016,#1017,#1018,#1019,#1020,#1021,
#1022,#1023,#1024,#1025,#1026),.UNSPECIFIED.,.F.,.F.,(4,1,1,1,1,1,1,1,4),
(0.,0.125,0.25,0.375,0.5,0.625,0.75,0.875,1.),.UNSPECIFIED.);
#58=B_SPLINE_CURVE_WITH_KNOTS('',3,(#1028,#1029,#1030,#1031),
 .UNSPECIFIED.,.F.,.F.,(4,4),(0.,1.),.UNSPECIFIED.);
#59=B_SPLINE_CURVE_WITH_KNOTS('',3,(#1033,#1034,#1035,#1036,#1037,#1038,
#1039,#1040,#1041,#1042,#1043),.UNSPECIFIED.,.F.,.F.,(4,1,1,1,1,1,1,1,4),
(0.,0.125,0.25,0.375,0.5,0.625,0.75,0.875,1.),.UNSPECIFIED.);
#60=B_SPLINE_CURVE_WITH_KNOTS('',3,(#1045,#1046,#1047,#1048),
 .UNSPECIFIED.,.F.,.F.,(4,4),(0.,1.),.UNSPECIFIED.);
#61=B_SPLINE_CURVE_WITH_KNOTS('',3,(#1049,#1050,#1051,#1052),
 .UNSPECIFIED.,.F.,.F.,(4,4),(0.,1.),.UNSPECIFIED.);
#62=B_SPLINE_CURVE_WITH_KNOTS('',3,(#1056,#1057,#1058,#1059,#1060,#1061,
#1062,#1063,#1064,#1065,#1066,#1067),.UNSPECIFIED.,.F.,.F.,(4,1,1,1,1,1,
1,1,1,4),(0.,0.25,0.375,0.5,0.625,0.6875,0.75,0.8125,0.875,1.),
 .UNSPECIFIED.);
#63=B_SPLINE_CURVE_WITH_KNOTS('',3,(#1069,#1070,#1071,#1072),
 .UNSPECIFIED.,.F.,.F.,(4,4),(0.,1.),.UNSPECIFIED.);
#64=B_SPLINE_CURVE_WITH_KNOTS('',3,(#1074,#1075,#1076,#1077),
 .UNSPECIFIED.,.F.,.F.,(4,4),(0.,1.),.UNSPECIFIED.);
#65=B_SPLINE_CURVE_WITH_KNOTS('',3,(#1078,#1079,#1080,#1081),
 .UNSPECIFIED.,.F.,.F.,(4,4),(0.,1.),.UNSPECIFIED.);
#66=B_SPLINE_CURVE_WITH_KNOTS('',3,(#1083,#1084,#1085,#1086,#1087,#1088,
#1089,#1090,#1091,#1092,#1093),.UNSPECIFIED.,.F.,.F.,(4,1,1,1,1,1,1,1,4),
(0.,0.125,0.25,0.375,0.5,0.625,0.75,0.875,1.),.UNSPECIFIED.);
#67=B_SPLINE_CURVE_WITH_KNOTS('',3,(#1095,#1096,#1097,#1098),
 .UNSPECIFIED.,.F.,.F.,(4,4),(0.,1.),.UNSPECIFIED.);
#68=B_SPLINE_CURVE_WITH_KNOTS('',3,(#1100,#1101,#1102,#1103,#1104,#1105,
#1106,#1107,#1108,#1109,#1110),.UNSPECIFIED.,.F.,.F.,(4,1,1,1,1,1,1,1,4),
(0.,0.125,0.25,0.375,0.5,0.625,0.75,0.875,1.),.UNSPECIFIED.);
#69=B_SPLINE_CURVE_WITH_KNOTS('',3,(#1112,#1113,#1114,#1115),
 .UNSPECIFIED.,.F.,.F.,(4,4),(0.,1.),.UNSPECIFIED.);
#70=B_SPLINE_CURVE_WITH_KNOTS('',3,(#1117,#1118,#1119,#1120,#1121,#1122,
#1123,#1124,#1125,#1126,#1127,#1128),.UNSPECIFIED.,.F.,.F.,(4,1,1,1,1,1,
1,1,1,4),(0.,0.125,0.1875,0.25,0.3125,0.375,0.5,0.625,0.75,1.),
 .UNSPECIFIED.);
#71=B_SPLINE_CURVE_WITH_KNOTS('',3,(#1149,#1150,#1151,#1152,#1153,#1154,
#1155,#1156,#1157,#1158,#1159,#1160,#1161,#1162,#1163),.UNSPECIFIED.,.F.,
 .F.,(4,1,1,1,1,1,1,1,1,1,1,1,4),(0.,0.125,0.1875,0.25,0.3125,0.375,0.5,
0.625,0.75,0.8125,0.875,0.9375,1.),.UNSPECIFIED.);
#72=B_SPLINE_CURVE_WITH_KNOTS('',3,(#1165,#1166,#1167,#1168),
 .UNSPECIFIED.,.F.,.F.,(4,4),(0.0800000000000033,0.92),.UNSPECIFIED.);
#73=B_SPLINE_CURVE_WITH_KNOTS('',3,(#1170,#1171,#1172,#1173,#1174,#1175,
#1176,#1177,#1178,#1179,#1180,#1181,#1182,#1183,#1184),.UNSPECIFIED.,.F.,
 .F.,(4,1,1,1,1,1,1,1,1,1,1,1,4),(0.,0.0625,0.125,0.1875,0.25,0.375,0.5,
0.625,0.6875,0.75,0.8125,0.875,1.),.UNSPECIFIED.);
#74=B_SPLINE_CURVE_WITH_KNOTS('',3,(#1186,#1187,#1188,#1189),
 .UNSPECIFIED.,.F.,.F.,(4,4),(0.0799999999999993,0.919999999999979),
 .UNSPECIFIED.);
#75=B_SPLINE_CURVE_WITH_KNOTS('',3,(#1192,#1193,#1194,#1195),
 .UNSPECIFIED.,.F.,.F.,(4,4),(0.,1.),.UNSPECIFIED.);
#76=B_SPLINE_CURVE_WITH_KNOTS('',3,(#1197,#1198,#1199,#1200),
 .UNSPECIFIED.,.F.,.F.,(4,4),(0.0800000000000392,0.919999999999672),
 .UNSPECIFIED.);
#77=B_SPLINE_CURVE_WITH_KNOTS('',3,(#1202,#1203,#1204,#1205),
 .UNSPECIFIED.,.F.,.F.,(4,4),(0.,1.),.UNSPECIFIED.);
#78=B_SPLINE_CURVE_WITH_KNOTS('',3,(#1207,#1208,#1209,#1210,#1211,#1212,
#1213,#1214,#1215,#1216,#1217,#1218,#1219,#1220,#1221),.UNSPECIFIED.,.F.,
 .F.,(4,1,1,1,1,1,1,1,1,1,1,1,4),(0.,0.125,0.1875,0.25,0.3125,0.375,0.5,
0.625,0.75,0.8125,0.875,0.9375,1.),.UNSPECIFIED.);
#79=B_SPLINE_CURVE_WITH_KNOTS('',3,(#1223,#1224,#1225,#1226),
 .UNSPECIFIED.,.F.,.F.,(4,4),(0.0800000000000162,0.920000000000004),
 .UNSPECIFIED.);
#80=B_SPLINE_CURVE_WITH_KNOTS('',3,(#1228,#1229,#1230,#1231,#1232,#1233,
#1234,#1235,#1236,#1237,#1238,#1239,#1240,#1241,#1242),.UNSPECIFIED.,.F.,
 .F.,(4,1,1,1,1,1,1,1,1,1,1,1,4),(0.,0.0625,0.125,0.1875,0.25,0.375,0.5,
0.625,0.6875,0.75,0.8125,0.875,1.),.UNSPECIFIED.);
#81=B_SPLINE_CURVE_WITH_KNOTS('',3,(#1244,#1245,#1246,#1247),
 .UNSPECIFIED.,.F.,.F.,(4,4),(0.0800000000002258,0.919999999999975),
 .UNSPECIFIED.);
#82=B_SPLINE_CURVE_WITH_KNOTS('',3,(#1250,#1251,#1252,#1253),
 .UNSPECIFIED.,.F.,.F.,(4,4),(0.,1.),.UNSPECIFIED.);
#83=B_SPLINE_CURVE_WITH_KNOTS('',3,(#1255,#1256,#1257,#1258),
 .UNSPECIFIED.,.F.,.F.,(4,4),(0.0800000000000122,0.919999999999897),
 .UNSPECIFIED.);
#84=B_SPLINE_CURVE_WITH_KNOTS('',3,(#1260,#1261,#1262,#1263),
 .UNSPECIFIED.,.F.,.F.,(4,4),(0.,1.),.UNSPECIFIED.);
#85=B_SPLINE_CURVE_WITH_KNOTS('',3,(#1280,#1281,#1282,#1283,#1284,#1285,
#1286),.UNSPECIFIED.,.F.,.F.,(4,1,1,1,4),(0.,0.25,0.5,0.75,1.),
 .UNSPECIFIED.);
#86=B_SPLINE_CURVE_WITH_KNOTS('',3,(#1287,#1288,#1289,#1290,#1291,#1292,
#1293),.UNSPECIFIED.,.F.,.F.,(4,1,1,1,4),(0.,0.25,0.5,0.75,1.),
 .UNSPECIFIED.);
#87=B_SPLINE_CURVE_WITH_KNOTS('',3,(#1310,#1311,#1312,#1313,#1314,#1315,
#1316),.UNSPECIFIED.,.F.,.F.,(4,1,1,1,4),(0.,0.25,0.5,0.75,1.),
 .UNSPECIFIED.);
#88=B_SPLINE_CURVE_WITH_KNOTS('',3,(#1317,#1318,#1319,#1320,#1321,#1322,
#1323),.UNSPECIFIED.,.F.,.F.,(4,1,1,1,4),(0.,0.25,0.5,0.75,1.),
 .UNSPECIFIED.);
#89=B_SPLINE_CURVE_WITH_KNOTS('',3,(#1338,#1339,#1340,#1341,#1342,#1343,
#1344),.UNSPECIFIED.,.F.,.F.,(4,1,1,1,4),(0.,0.25,0.5,0.75,1.),
 .UNSPECIFIED.);
#90=B_SPLINE_CURVE_WITH_KNOTS('',3,(#1345,#1346,#1347,#1348,#1349,#1350,
#1351),.UNSPECIFIED.,.F.,.F.,(4,1,1,1,4),(0.,0.25,0.5,0.75,1.),
 .UNSPECIFIED.);
#91=B_SPLINE_CURVE_WITH_KNOTS('',3,(#1366,#1367,#1368,#1369,#1370,#1371,
#1372),.UNSPECIFIED.,.F.,.F.,(4,1,1,1,4),(0.,0.25,0.5,0.75,1.),
 .UNSPECIFIED.);
#92=B_SPLINE_CURVE_WITH_KNOTS('',3,(#1373,#1374,#1375,#1376,#1377,#1378,
#1379),.UNSPECIFIED.,.F.,.F.,(4,1,1,1,4),(0.,0.25,0.5,0.75,1.),
 .UNSPECIFIED.);
#93=B_SPLINE_CURVE_WITH_KNOTS('',3,(#1622,#1623,#1624,#1625,#1626,#1627,
#1628),.UNSPECIFIED.,.F.,.F.,(4,1,1,1,4),(0.,0.25,0.5,0.75,1.),
 .UNSPECIFIED.);
#94=B_SPLINE_CURVE_WITH_KNOTS('',3,(#1645,#1646,#1647,#1648,#1649,#1650,
#1651,#1652,#1653,#1654,#1655,#1656,#1657,#1658,#1659,#1660,#1661,#1662,
#1663,#1664),.UNSPECIFIED.,.F.,.F.,(4,1,1,1,1,1,1,1,1,1,1,1,1,1,1,1,1,4),
(0.,0.0625,0.125,0.1875,0.25,0.3125,0.375,0.4375,0.46875,0.5,0.53125,0.5625,
0.625,0.75,0.8125,0.875,0.9375,1.),.UNSPECIFIED.);
#95=B_SPLINE_CURVE_WITH_KNOTS('',3,(#1681,#1682,#1683,#1684,#1685,#1686,
#1687,#1688,#1689,#1690,#1691,#1692,#1693,#1694,#1695,#1696,#1697,#1698),
 .UNSPECIFIED.,.F.,.F.,(4,1,1,1,1,1,1,1,1,1,1,1,1,1,1,4),(0.,0.125,0.1875,
0.21875,0.25,0.28125,0.3125,0.375,0.4375,0.5,0.5625,0.625,0.75,0.875,0.9375,
1.),.UNSPECIFIED.);
#96=B_SPLINE_CURVE_WITH_KNOTS('',3,(#1699,#1700,#1701,#1702,#1703,#1704,
#1705,#1706,#1707,#1708,#1709,#1710,#1711,#1712,#1713,#1714,#1715,#1716,
#1717,#1718,#1719,#1720,#1721,#1722,#1723,#1724,#1725),.UNSPECIFIED.,.F.,
 .F.,(4,1,1,1,1,1,1,1,1,1,1,1,1,1,1,1,1,1,1,1,1,1,1,1,4),(0.,0.0625,0.09375,
0.125,0.140625,0.15625,0.1875,0.25,0.28125,0.3125,0.375,0.4375,0.5,0.5625,
0.625,0.6875,0.75,0.78125,0.8125,0.875,0.90625,0.9375,0.953125,0.96875,
1.),.UNSPECIFIED.);
#97=B_SPLINE_CURVE_WITH_KNOTS('',3,(#1742,#1743,#1744,#1745,#1746,#1747,
#1748,#1749,#1750,#1751,#1752,#1753,#1754,#1755,#1756,#1757,#1758,#1759),
 .UNSPECIFIED.,.F.,.F.,(4,1,1,1,1,1,1,1,1,1,1,1,1,1,1,4),(0.,0.125,0.1875,
0.21875,0.25,0.28125,0.3125,0.375,0.4375,0.5,0.5625,0.625,0.75,0.875,0.9375,
1.),.UNSPECIFIED.);
#98=B_SPLINE_CURVE_WITH_KNOTS('',3,(#1776,#1777,#1778,#1779,#1780,#1781,
#1782,#1783,#1784,#1785,#1786,#1787,#1788,#1789,#1790,#1791,#1792,#1793,
#1794),.UNSPECIFIED.,.F.,.F.,(4,1,1,1,1,1,1,1,1,1,1,1,1,1,1,1,4),(0.,0.25,
0.375,0.4375,0.5,0.625,0.6875,0.71875,0.75,0.78125,0.8125,0.84375,0.875,
0.890625,0.90625,0.9375,1.),.UNSPECIFIED.);
#99=B_SPLINE_CURVE_WITH_KNOTS('',3,(#1795,#1796,#1797,#1798,#1799,#1800,
#1801,#1802,#1803,#1804,#1805,#1806,#1807,#1808,#1809,#1810,#1811,#1812,
#1813,#1814,#1815,#1816,#1817,#1818,#1819,#1820,#1821),.UNSPECIFIED.,.F.,
 .F.,(4,1,1,1,1,1,1,1,1,1,1,1,1,1,1,1,1,1,1,1,1,1,1,1,4),(0.,0.0625,0.09375,
0.125,0.140625,0.15625,0.1875,0.25,0.28125,0.3125,0.375,0.4375,0.5,0.5625,
0.625,0.6875,0.75,0.78125,0.8125,0.875,0.90625,0.9375,0.953125,0.96875,
1.),.UNSPECIFIED.);
#100=B_SPLINE_CURVE_WITH_KNOTS('',3,(#1838,#1839,#1840,#1841,#1842,#1843,
#1844,#1845,#1846,#1847,#1848,#1849,#1850,#1851,#1852,#1853,#1854,#1855,
#1856),.UNSPECIFIED.,.F.,.F.,(4,1,1,1,1,1,1,1,1,1,1,1,1,1,1,1,4),(0.,0.25,
0.375,0.4375,0.5,0.625,0.6875,0.71875,0.75,0.78125,0.8125,0.84375,0.875,
0.890625,0.90625,0.9375,1.),.UNSPECIFIED.);
#101=B_SPLINE_CURVE_WITH_KNOTS('',3,(#1873,#1874,#1875,#1876,#1877,#1878,
#1879,#1880,#1881,#1882,#1883,#1884,#1885,#1886,#1887,#1888,#1889,#1890,
#1891,#1892),.UNSPECIFIED.,.F.,.F.,(4,1,1,1,1,1,1,1,1,1,1,1,1,1,1,1,1,4),
(0.,0.0625,0.125,0.1875,0.25,0.3125,0.375,0.4375,0.46875,0.5,0.53125,0.5625,
0.625,0.75,0.8125,0.875,0.9375,1.),.UNSPECIFIED.);
#102=B_SPLINE_CURVE_WITH_KNOTS('',3,(#1893,#1894,#1895,#1896,#1897,#1898,
#1899),.UNSPECIFIED.,.F.,.F.,(4,1,1,1,4),(0.,0.25,0.5,0.75,1.),
 .UNSPECIFIED.);
#103=B_SPLINE_CURVE_WITH_KNOTS('',3,(#3024,#3025,#3026,#3027,#3028,#3029,
#3030),.UNSPECIFIED.,.F.,.F.,(4,1,1,1,4),(0.,0.25,0.5,0.75,1.),
 .UNSPECIFIED.);
#104=B_SPLINE_CURVE_WITH_KNOTS('',3,(#3047,#3048,#3049,#3050,#3051,#3052,
#3053),.UNSPECIFIED.,.F.,.F.,(4,1,1,1,4),(0.,0.25,0.5,0.75,1.),
 .UNSPECIFIED.);
#105=B_SPLINE_CURVE_WITH_KNOTS('',3,(#3428,#3429,#3430,#3431,#3432,#3433,
#3434),.UNSPECIFIED.,.F.,.F.,(4,1,1,1,4),(0.,0.25,0.5,0.75,1.),
 .UNSPECIFIED.);
#106=B_SPLINE_CURVE_WITH_KNOTS('',3,(#3451,#3452,#3453,#3454,#3455,#3456,
#3457),.UNSPECIFIED.,.F.,.F.,(4,1,1,1,4),(0.,0.25,0.5,0.75,1.),
 .UNSPECIFIED.);
#107=B_SPLINE_CURVE_WITH_KNOTS('',3,(#3832,#3833,#3834,#3835,#3836,#3837,
#3838),.UNSPECIFIED.,.F.,.F.,(4,1,1,1,4),(0.,0.25,0.5,0.75,1.),
 .UNSPECIFIED.);
#108=B_SPLINE_CURVE_WITH_KNOTS('',3,(#3855,#3856,#3857,#3858,#3859,#3860,
#3861,#3862,#3863,#3864,#3865,#3866,#3867,#3868,#3869,#3870,#3871,#3872,
#3873),.UNSPECIFIED.,.F.,.F.,(4,1,1,1,1,1,1,1,1,1,1,1,1,1,1,1,4),(0.,0.125,
0.1875,0.21875,0.25,0.28125,0.3125,0.34375,0.375,0.4375,0.5,0.5625,0.625,
0.75,0.875,0.9375,1.),.UNSPECIFIED.);
#109=B_SPLINE_CURVE_WITH_KNOTS('',3,(#3890,#3891,#3892,#3893,#3894,#3895,
#3896,#3897,#3898,#3899,#3900,#3901,#3902,#3903,#3904,#3905,#3906,#3907,
#3908),.UNSPECIFIED.,.F.,.F.,(4,1,1,1,1,1,1,1,1,1,1,1,1,1,1,1,4),(0.,0.125,
0.1875,0.21875,0.25,0.28125,0.3125,0.34375,0.375,0.4375,0.5,0.5625,0.625,
0.75,0.875,0.9375,1.),.UNSPECIFIED.);
#110=B_SPLINE_CURVE_WITH_KNOTS('',3,(#3925,#3926,#3927,#3928,#3929,#3930,
#3931),.UNSPECIFIED.,.F.,.F.,(4,1,1,1,4),(0.,0.25,0.5,0.75,1.),
 .UNSPECIFIED.);
#111=B_SPLINE_CURVE_WITH_KNOTS('',3,(#4306,#4307,#4308,#4309,#4310,#4311,
#4312),.UNSPECIFIED.,.F.,.F.,(4,1,1,1,4),(0.,0.25,0.5,0.75,1.),
 .UNSPECIFIED.);
#112=B_SPLINE_CURVE_WITH_KNOTS('',3,(#4329,#4330,#4331,#4332,#4333,#4334,
#4335),.UNSPECIFIED.,.F.,.F.,(4,1,1,1,4),(0.,0.25,0.5,0.75,1.),
 .UNSPECIFIED.);
#113=B_SPLINE_CURVE_WITH_KNOTS('',3,(#4710,#4711,#4712,#4713,#4714,#4715,
#4716),.UNSPECIFIED.,.F.,.F.,(4,1,1,1,4),(0.,0.25,0.5,0.75,1.),
 .UNSPECIFIED.);
#114=B_SPLINE_CURVE_WITH_KNOTS('',3,(#4733,#4734,#4735,#4736,#4737,#4738,
#4739),.UNSPECIFIED.,.F.,.F.,(4,1,1,1,4),(0.,0.25,0.5,0.75,1.),
 .UNSPECIFIED.);
#115=ORIENTED_EDGE('',*,*,#335,.F.);
#116=ORIENTED_EDGE('',*,*,#336,.T.);
#117=ORIENTED_EDGE('',*,*,#337,.T.);
#118=ORIENTED_EDGE('',*,*,#338,.F.);
#119=ORIENTED_EDGE('',*,*,#339,.T.);
#120=ORIENTED_EDGE('',*,*,#340,.T.);
#121=ORIENTED_EDGE('',*,*,#341,.T.);
#122=ORIENTED_EDGE('',*,*,#342,.T.);
#123=ORIENTED_EDGE('',*,*,#343,.T.);
#124=ORIENTED_EDGE('',*,*,#344,.F.);
#125=ORIENTED_EDGE('',*,*,#345,.F.);
#126=ORIENTED_EDGE('',*,*,#346,.T.);
#127=ORIENTED_EDGE('',*,*,#344,.T.);
#128=ORIENTED_EDGE('',*,*,#347,.F.);
#129=ORIENTED_EDGE('',*,*,#348,.F.);
#130=ORIENTED_EDGE('',*,*,#349,.T.);
#131=ORIENTED_EDGE('',*,*,#348,.T.);
#132=ORIENTED_EDGE('',*,*,#350,.F.);
#133=ORIENTED_EDGE('',*,*,#351,.F.);
#134=ORIENTED_EDGE('',*,*,#352,.T.);
#135=ORIENTED_EDGE('',*,*,#353,.T.);
#136=ORIENTED_EDGE('',*,*,#346,.F.);
#137=ORIENTED_EDGE('',*,*,#354,.F.);
#138=ORIENTED_EDGE('',*,*,#351,.T.);
#139=ORIENTED_EDGE('',*,*,#355,.T.);
#140=ORIENTED_EDGE('',*,*,#356,.T.);
#141=ORIENTED_EDGE('',*,*,#357,.T.);
#142=ORIENTED_EDGE('',*,*,#358,.T.);
#143=ORIENTED_EDGE('',*,*,#359,.F.);
#144=ORIENTED_EDGE('',*,*,#360,.T.);
#145=ORIENTED_EDGE('',*,*,#361,.T.);
#146=ORIENTED_EDGE('',*,*,#362,.F.);
#147=ORIENTED_EDGE('',*,*,#354,.T.);
#148=ORIENTED_EDGE('',*,*,#345,.T.);
#149=ORIENTED_EDGE('',*,*,#349,.F.);
#150=ORIENTED_EDGE('',*,*,#352,.F.);
#151=ORIENTED_EDGE('',*,*,#363,.T.);
#152=ORIENTED_EDGE('',*,*,#364,.T.);
#153=ORIENTED_EDGE('',*,*,#365,.F.);
#154=ORIENTED_EDGE('',*,*,#366,.T.);
#155=ORIENTED_EDGE('',*,*,#367,.T.);
#156=ORIENTED_EDGE('',*,*,#368,.T.);
#157=ORIENTED_EDGE('',*,*,#369,.T.);
#158=ORIENTED_EDGE('',*,*,#370,.T.);
#159=ORIENTED_EDGE('',*,*,#371,.T.);
#160=ORIENTED_EDGE('',*,*,#372,.T.);
#161=ORIENTED_EDGE('',*,*,#373,.T.);
#162=ORIENTED_EDGE('',*,*,#338,.T.);
#163=ORIENTED_EDGE('',*,*,#374,.F.);
#164=ORIENTED_EDGE('',*,*,#375,.T.);
#165=ORIENTED_EDGE('',*,*,#376,.T.);
#166=ORIENTED_EDGE('',*,*,#377,.T.);
#167=ORIENTED_EDGE('',*,*,#378,.T.);
#168=ORIENTED_EDGE('',*,*,#379,.T.);
#169=ORIENTED_EDGE('',*,*,#380,.T.);
#170=ORIENTED_EDGE('',*,*,#365,.T.);
#171=ORIENTED_EDGE('',*,*,#381,.T.);
#172=ORIENTED_EDGE('',*,*,#382,.F.);
#173=ORIENTED_EDGE('',*,*,#383,.T.);
#174=ORIENTED_EDGE('',*,*,#384,.T.);
#175=ORIENTED_EDGE('',*,*,#385,.T.);
#176=ORIENTED_EDGE('',*,*,#363,.F.);
#177=ORIENTED_EDGE('',*,*,#386,.T.);
#178=ORIENTED_EDGE('',*,*,#387,.T.);
#179=ORIENTED_EDGE('',*,*,#388,.T.);
#180=ORIENTED_EDGE('',*,*,#389,.T.);
#181=ORIENTED_EDGE('',*,*,#390,.T.);
#182=ORIENTED_EDGE('',*,*,#391,.T.);
#183=ORIENTED_EDGE('',*,*,#392,.T.);
#184=ORIENTED_EDGE('',*,*,#336,.F.);
#185=ORIENTED_EDGE('',*,*,#359,.T.);
#186=ORIENTED_EDGE('',*,*,#393,.F.);
#187=ORIENTED_EDGE('',*,*,#394,.F.);
#188=ORIENTED_EDGE('',*,*,#395,.T.);
#189=ORIENTED_EDGE('',*,*,#362,.T.);
#190=ORIENTED_EDGE('',*,*,#396,.F.);
#191=ORIENTED_EDGE('',*,*,#397,.F.);
#192=ORIENTED_EDGE('',*,*,#393,.T.);
#193=ORIENTED_EDGE('',*,*,#361,.F.);
#194=ORIENTED_EDGE('',*,*,#398,.F.);
#195=ORIENTED_EDGE('',*,*,#399,.T.);
#196=ORIENTED_EDGE('',*,*,#396,.T.);
#197=ORIENTED_EDGE('',*,*,#360,.F.);
#198=ORIENTED_EDGE('',*,*,#395,.F.);
#199=ORIENTED_EDGE('',*,*,#400,.T.);
#200=ORIENTED_EDGE('',*,*,#398,.T.);
#201=ORIENTED_EDGE('',*,*,#343,.F.);
#202=ORIENTED_EDGE('',*,*,#353,.F.);
#203=ORIENTED_EDGE('',*,*,#350,.T.);
#204=ORIENTED_EDGE('',*,*,#347,.T.);
#205=ORIENTED_EDGE('',*,*,#394,.T.);
#206=ORIENTED_EDGE('',*,*,#397,.T.);
#207=ORIENTED_EDGE('',*,*,#399,.F.);
#208=ORIENTED_EDGE('',*,*,#400,.F.);
#209=ORIENTED_EDGE('',*,*,#392,.F.);
#210=ORIENTED_EDGE('',*,*,#401,.T.);
#211=ORIENTED_EDGE('',*,*,#402,.T.);
#212=ORIENTED_EDGE('',*,*,#403,.T.);
#213=ORIENTED_EDGE('',*,*,#374,.T.);
#214=ORIENTED_EDGE('',*,*,#337,.F.);
#215=ORIENTED_EDGE('',*,*,#404,.T.);
#216=ORIENTED_EDGE('',*,*,#405,.T.);
#217=ORIENTED_EDGE('',*,*,#406,.T.);
#218=ORIENTED_EDGE('',*,*,#407,.T.);
#219=ORIENTED_EDGE('',*,*,#373,.F.);
#220=ORIENTED_EDGE('',*,*,#408,.T.);
#221=ORIENTED_EDGE('',*,*,#409,.T.);
#222=ORIENTED_EDGE('',*,*,#410,.T.);
#223=ORIENTED_EDGE('',*,*,#382,.T.);
#224=ORIENTED_EDGE('',*,*,#335,.T.);
#225=ORIENTED_EDGE('',*,*,#411,.T.);
#226=ORIENTED_EDGE('',*,*,#412,.T.);
#227=ORIENTED_EDGE('',*,*,#413,.T.);
#228=ORIENTED_EDGE('',*,*,#414,.T.);
#229=ORIENTED_EDGE('',*,*,#413,.F.);
#230=ORIENTED_EDGE('',*,*,#415,.T.);
#231=ORIENTED_EDGE('',*,*,#339,.F.);
#232=ORIENTED_EDGE('',*,*,#416,.T.);
#233=ORIENTED_EDGE('',*,*,#406,.F.);
#234=ORIENTED_EDGE('',*,*,#417,.T.);
#235=ORIENTED_EDGE('',*,*,#411,.F.);
#236=ORIENTED_EDGE('',*,*,#418,.T.);
#237=ORIENTED_EDGE('',*,*,#402,.F.);
#238=ORIENTED_EDGE('',*,*,#419,.T.);
#239=ORIENTED_EDGE('',*,*,#404,.F.);
#240=ORIENTED_EDGE('',*,*,#420,.T.);
#241=ORIENTED_EDGE('',*,*,#409,.F.);
#242=ORIENTED_EDGE('',*,*,#421,.T.);
#243=ORIENTED_EDGE('',*,*,#355,.F.);
#244=ORIENTED_EDGE('',*,*,#422,.T.);
#245=ORIENTED_EDGE('',*,*,#410,.F.);
#246=ORIENTED_EDGE('',*,*,#422,.F.);
#247=ORIENTED_EDGE('',*,*,#423,.F.);
#248=ORIENTED_EDGE('',*,*,#383,.F.);
#249=ORIENTED_EDGE('',*,*,#423,.T.);
#250=ORIENTED_EDGE('',*,*,#358,.F.);
#251=ORIENTED_EDGE('',*,*,#424,.F.);
#252=ORIENTED_EDGE('',*,*,#384,.F.);
#253=ORIENTED_EDGE('',*,*,#425,.F.);
#254=ORIENTED_EDGE('',*,*,#385,.F.);
#255=ORIENTED_EDGE('',*,*,#426,.F.);
#256=ORIENTED_EDGE('',*,*,#368,.F.);
#257=ORIENTED_EDGE('',*,*,#425,.T.);
#258=ORIENTED_EDGE('',*,*,#367,.F.);
#259=ORIENTED_EDGE('',*,*,#427,.F.);
#260=ORIENTED_EDGE('',*,*,#364,.F.);
#261=ORIENTED_EDGE('',*,*,#428,.T.);
#262=ORIENTED_EDGE('',*,*,#357,.F.);
#263=ORIENTED_EDGE('',*,*,#429,.F.);
#264=ORIENTED_EDGE('',*,*,#369,.F.);
#265=ORIENTED_EDGE('',*,*,#427,.T.);
#266=ORIENTED_EDGE('',*,*,#370,.F.);
#267=ORIENTED_EDGE('',*,*,#430,.F.);
#268=ORIENTED_EDGE('',*,*,#381,.F.);
#269=ORIENTED_EDGE('',*,*,#431,.T.);
#270=ORIENTED_EDGE('',*,*,#356,.F.);
#271=ORIENTED_EDGE('',*,*,#432,.F.);
#272=ORIENTED_EDGE('',*,*,#371,.F.);
#273=ORIENTED_EDGE('',*,*,#432,.T.);
#274=ORIENTED_EDGE('',*,*,#421,.F.);
#275=ORIENTED_EDGE('',*,*,#408,.F.);
#276=ORIENTED_EDGE('',*,*,#372,.F.);
#277=ORIENTED_EDGE('',*,*,#428,.F.);
#278=ORIENTED_EDGE('',*,*,#426,.T.);
#279=ORIENTED_EDGE('',*,*,#424,.T.);
#280=ORIENTED_EDGE('',*,*,#430,.T.);
#281=ORIENTED_EDGE('',*,*,#429,.T.);
#282=ORIENTED_EDGE('',*,*,#431,.F.);
#283=ORIENTED_EDGE('',*,*,#403,.F.);
#284=ORIENTED_EDGE('',*,*,#420,.F.);
#285=ORIENTED_EDGE('',*,*,#433,.F.);
#286=ORIENTED_EDGE('',*,*,#375,.F.);
#287=ORIENTED_EDGE('',*,*,#433,.T.);
#288=ORIENTED_EDGE('',*,*,#407,.F.);
#289=ORIENTED_EDGE('',*,*,#434,.F.);
#290=ORIENTED_EDGE('',*,*,#376,.F.);
#291=ORIENTED_EDGE('',*,*,#434,.T.);
#292=ORIENTED_EDGE('',*,*,#418,.F.);
#293=ORIENTED_EDGE('',*,*,#435,.F.);
#294=ORIENTED_EDGE('',*,*,#377,.F.);
#295=ORIENTED_EDGE('',*,*,#435,.T.);
#296=ORIENTED_EDGE('',*,*,#414,.F.);
#297=ORIENTED_EDGE('',*,*,#436,.F.);
#298=ORIENTED_EDGE('',*,*,#378,.F.);
#299=ORIENTED_EDGE('',*,*,#436,.T.);
#300=ORIENTED_EDGE('',*,*,#416,.F.);
#301=ORIENTED_EDGE('',*,*,#437,.F.);
#302=ORIENTED_EDGE('',*,*,#379,.F.);
#303=ORIENTED_EDGE('',*,*,#437,.T.);
#304=ORIENTED_EDGE('',*,*,#342,.F.);
#305=ORIENTED_EDGE('',*,*,#438,.F.);
#306=ORIENTED_EDGE('',*,*,#380,.F.);
#307=ORIENTED_EDGE('',*,*,#438,.T.);
#308=ORIENTED_EDGE('',*,*,#341,.F.);
#309=ORIENTED_EDGE('',*,*,#439,.F.);
#310=ORIENTED_EDGE('',*,*,#366,.F.);
#311=ORIENTED_EDGE('',*,*,#439,.T.);
#312=ORIENTED_EDGE('',*,*,#340,.F.);
#313=ORIENTED_EDGE('',*,*,#440,.F.);
#314=ORIENTED_EDGE('',*,*,#386,.F.);
#315=ORIENTED_EDGE('',*,*,#440,.T.);
#316=ORIENTED_EDGE('',*,*,#415,.F.);
#317=ORIENTED_EDGE('',*,*,#441,.F.);
#318=ORIENTED_EDGE('',*,*,#387,.F.);
#319=ORIENTED_EDGE('',*,*,#441,.T.);
#320=ORIENTED_EDGE('',*,*,#412,.F.);
#321=ORIENTED_EDGE('',*,*,#442,.F.);
#322=ORIENTED_EDGE('',*,*,#388,.F.);
#323=ORIENTED_EDGE('',*,*,#442,.T.);
#324=ORIENTED_EDGE('',*,*,#417,.F.);
#325=ORIENTED_EDGE('',*,*,#443,.F.);
#326=ORIENTED_EDGE('',*,*,#389,.F.);
#327=ORIENTED_EDGE('',*,*,#443,.T.);
#328=ORIENTED_EDGE('',*,*,#405,.F.);
#329=ORIENTED_EDGE('',*,*,#444,.F.);
#330=ORIENTED_EDGE('',*,*,#390,.F.);
#331=ORIENTED_EDGE('',*,*,#444,.T.);
#332=ORIENTED_EDGE('',*,*,#419,.F.);
#333=ORIENTED_EDGE('',*,*,#401,.F.);
#334=ORIENTED_EDGE('',*,*,#391,.F.);
#335=EDGE_CURVE('',#445,#446,#511,.T.);
#336=EDGE_CURVE('',#445,#447,#512,.T.);
#337=EDGE_CURVE('',#447,#448,#513,.T.);
#338=EDGE_CURVE('',#446,#448,#514,.T.);
#339=EDGE_CURVE('',#449,#450,#39,.T.);
#340=EDGE_CURVE('',#450,#451,#40,.T.);
#341=EDGE_CURVE('',#451,#452,#41,.T.);
#342=EDGE_CURVE('',#452,#449,#42,.T.);
#343=EDGE_CURVE('',#453,#454,#515,.T.);
#344=EDGE_CURVE('',#455,#454,#516,.T.);
#345=EDGE_CURVE('',#456,#455,#517,.T.);
#346=EDGE_CURVE('',#456,#453,#518,.T.);
#347=EDGE_CURVE('',#457,#454,#519,.T.);
#348=EDGE_CURVE('',#458,#457,#520,.T.);
#349=EDGE_CURVE('',#458,#455,#521,.T.);
#350=EDGE_CURVE('',#459,#457,#522,.T.);
#351=EDGE_CURVE('',#460,#459,#523,.T.);
#352=EDGE_CURVE('',#460,#458,#524,.T.);
#353=EDGE_CURVE('',#459,#453,#525,.T.);
#354=EDGE_CURVE('',#460,#456,#526,.T.);
#355=EDGE_CURVE('',#461,#462,#43,.T.);
#356=EDGE_CURVE('',#462,#463,#44,.T.);
#357=EDGE_CURVE('',#463,#464,#45,.T.);
#358=EDGE_CURVE('',#464,#461,#46,.T.);
#359=EDGE_CURVE('',#465,#466,#527,.T.);
#360=EDGE_CURVE('',#465,#467,#528,.T.);
#361=EDGE_CURVE('',#467,#468,#529,.T.);
#362=EDGE_CURVE('',#466,#468,#530,.T.);
#363=EDGE_CURVE('',#469,#470,#531,.T.);
#364=EDGE_CURVE('',#470,#471,#47,.T.);
#365=EDGE_CURVE('',#472,#471,#532,.T.);
#366=EDGE_CURVE('',#472,#469,#48,.T.);
#367=EDGE_CURVE('',#473,#474,#49,.T.);
#368=EDGE_CURVE('',#474,#475,#50,.T.);
#369=EDGE_CURVE('',#475,#476,#51,.T.);
#370=EDGE_CURVE('',#476,#473,#52,.T.);
#371=EDGE_CURVE('',#477,#478,#53,.T.);
#372=EDGE_CURVE('',#478,#479,#54,.T.);
#373=EDGE_CURVE('',#479,#446,#533,.T.);
#374=EDGE_CURVE('',#480,#448,#534,.T.);
#375=EDGE_CURVE('',#480,#481,#55,.T.);
#376=EDGE_CURVE('',#481,#482,#56,.T.);
#377=EDGE_CURVE('',#482,#483,#57,.T.);
#378=EDGE_CURVE('',#483,#484,#58,.T.);
#379=EDGE_CURVE('',#484,#485,#59,.T.);
#380=EDGE_CURVE('',#485,#472,#60,.T.);
#381=EDGE_CURVE('',#471,#477,#61,.T.);
#382=EDGE_CURVE('',#486,#445,#535,.T.);
#383=EDGE_CURVE('',#486,#487,#62,.T.);
#384=EDGE_CURVE('',#487,#488,#63,.T.);
#385=EDGE_CURVE('',#488,#470,#64,.T.);
#386=EDGE_CURVE('',#469,#489,#65,.T.);
#387=EDGE_CURVE('',#489,#490,#66,.T.);
#388=EDGE_CURVE('',#490,#491,#67,.T.);
#389=EDGE_CURVE('',#491,#492,#68,.T.);
#390=EDGE_CURVE('',#492,#493,#69,.T.);
#391=EDGE_CURVE('',#493,#494,#70,.T.);
#392=EDGE_CURVE('',#494,#447,#536,.T.);
#393=EDGE_CURVE('',#495,#466,#537,.T.);
#394=EDGE_CURVE('',#496,#495,#538,.T.);
#395=EDGE_CURVE('',#496,#465,#539,.T.);
#396=EDGE_CURVE('',#497,#468,#540,.T.);
#397=EDGE_CURVE('',#495,#497,#541,.T.);
#398=EDGE_CURVE('',#498,#467,#542,.T.);
#399=EDGE_CURVE('',#498,#497,#543,.T.);
#400=EDGE_CURVE('',#496,#498,#544,.T.);
#401=EDGE_CURVE('',#494,#499,#71,.T.);
#402=EDGE_CURVE('',#499,#500,#72,.T.);
#403=EDGE_CURVE('',#500,#480,#73,.T.);
#404=EDGE_CURVE('',#501,#502,#74,.T.);
#405=EDGE_CURVE('',#502,#503,#75,.T.);
#406=EDGE_CURVE('',#503,#504,#76,.T.);
#407=EDGE_CURVE('',#504,#501,#77,.T.);
#408=EDGE_CURVE('',#479,#505,#78,.T.);
#409=EDGE_CURVE('',#505,#506,#79,.T.);
#410=EDGE_CURVE('',#506,#486,#80,.T.);
#411=EDGE_CURVE('',#507,#508,#81,.T.);
#412=EDGE_CURVE('',#508,#509,#82,.T.);
#413=EDGE_CURVE('',#509,#510,#83,.T.);
#414=EDGE_CURVE('',#510,#507,#84,.T.);
#415=EDGE_CURVE('',#509,#450,#85,.T.);
#416=EDGE_CURVE('',#449,#510,#86,.T.);
#417=EDGE_CURVE('',#503,#508,#87,.T.);
#418=EDGE_CURVE('',#507,#504,#88,.T.);
#419=EDGE_CURVE('',#499,#502,#89,.T.);
#420=EDGE_CURVE('',#501,#500,#90,.T.);
#421=EDGE_CURVE('',#505,#462,#91,.T.);
#422=EDGE_CURVE('',#461,#506,#92,.T.);
#423=EDGE_CURVE('',#487,#461,#93,.T.);
#424=EDGE_CURVE('',#488,#464,#94,.F.);
#425=EDGE_CURVE('',#470,#474,#95,.F.);
#426=EDGE_CURVE('',#475,#488,#96,.F.);
#427=EDGE_CURVE('',#471,#473,#97,.F.);
#428=EDGE_CURVE('',#475,#464,#98,.T.);
#429=EDGE_CURVE('',#476,#463,#99,.F.);
#430=EDGE_CURVE('',#477,#476,#100,.F.);
#431=EDGE_CURVE('',#477,#463,#101,.T.);
#432=EDGE_CURVE('',#478,#462,#102,.F.);
#433=EDGE_CURVE('',#481,#501,#103,.T.);
#434=EDGE_CURVE('',#482,#504,#104,.F.);
#435=EDGE_CURVE('',#483,#507,#105,.T.);
#436=EDGE_CURVE('',#484,#510,#106,.F.);
#437=EDGE_CURVE('',#485,#449,#107,.T.);
#438=EDGE_CURVE('',#472,#452,#108,.F.);
#439=EDGE_CURVE('',#469,#451,#109,.F.);
#440=EDGE_CURVE('',#489,#450,#110,.F.);
#441=EDGE_CURVE('',#490,#509,#111,.T.);
#442=EDGE_CURVE('',#491,#508,#112,.F.);
#443=EDGE_CURVE('',#492,#503,#113,.T.);
#444=EDGE_CURVE('',#493,#502,#114,.F.);
#445=VERTEX_POINT('',#858);
#446=VERTEX_POINT('',#859);
#447=VERTEX_POINT('',#861);
#448=VERTEX_POINT('',#863);
#449=VERTEX_POINT('',#870);
#450=VERTEX_POINT('',#871);
#451=VERTEX_POINT('',#876);
#452=VERTEX_POINT('',#881);
#453=VERTEX_POINT('',#888);
#454=VERTEX_POINT('',#889);
#455=VERTEX_POINT('',#891);
#456=VERTEX_POINT('',#893);
#457=VERTEX_POINT('',#897);
#458=VERTEX_POINT('',#899);
#459=VERTEX_POINT('',#903);
#460=VERTEX_POINT('',#905);
#461=VERTEX_POINT('',#915);
#462=VERTEX_POINT('',#916);
#463=VERTEX_POINT('',#921);
#464=VERTEX_POINT('',#926);
#465=VERTEX_POINT('',#932);
#466=VERTEX_POINT('',#933);
#467=VERTEX_POINT('',#935);
#468=VERTEX_POINT('',#937);
#469=VERTEX_POINT('',#941);
#470=VERTEX_POINT('',#942);
#471=VERTEX_POINT('',#947);
#472=VERTEX_POINT('',#949);
#473=VERTEX_POINT('',#959);
#474=VERTEX_POINT('',#960);
#475=VERTEX_POINT('',#965);
#476=VERTEX_POINT('',#970);
#477=VERTEX_POINT('',#980);
#478=VERTEX_POINT('',#981);
#479=VERTEX_POINT('',#994);
#480=VERTEX_POINT('',#997);
#481=VERTEX_POINT('',#1010);
#482=VERTEX_POINT('',#1015);
#483=VERTEX_POINT('',#1027);
#484=VERTEX_POINT('',#1032);
#485=VERTEX_POINT('',#1044);
#486=VERTEX_POINT('',#1055);
#487=VERTEX_POINT('',#1068);
#488=VERTEX_POINT('',#1073);
#489=VERTEX_POINT('',#1082);
#490=VERTEX_POINT('',#1094);
#491=VERTEX_POINT('',#1099);
#492=VERTEX_POINT('',#1111);
#493=VERTEX_POINT('',#1116);
#494=VERTEX_POINT('',#1129);
#495=VERTEX_POINT('',#1133);
#496=VERTEX_POINT('',#1135);
#497=VERTEX_POINT('',#1139);
#498=VERTEX_POINT('',#1143);
#499=VERTEX_POINT('',#1164);
#500=VERTEX_POINT('',#1169);
#501=VERTEX_POINT('',#1190);
#502=VERTEX_POINT('',#1191);
#503=VERTEX_POINT('',#1196);
#504=VERTEX_POINT('',#1201);
#505=VERTEX_POINT('',#1222);
#506=VERTEX_POINT('',#1227);
#507=VERTEX_POINT('',#1248);
#508=VERTEX_POINT('',#1249);
#509=VERTEX_POINT('',#1254);
#510=VERTEX_POINT('',#1259);
#511=LINE('',#857,#545);
#512=LINE('',#860,#546);
#513=LINE('',#862,#547);
#514=LINE('',#864,#548);
#515=LINE('',#887,#549);
#516=LINE('',#890,#550);
#517=LINE('',#892,#551);
#518=LINE('',#894,#552);
#519=LINE('',#896,#553);
#520=LINE('',#898,#554);
#521=LINE('',#900,#555);
#522=LINE('',#902,#556);
#523=LINE('',#904,#557);
#524=LINE('',#906,#558);
#525=LINE('',#908,#559);
#526=LINE('',#909,#560);
#527=LINE('',#931,#561);
#528=LINE('',#934,#562);
#529=LINE('',#936,#563);
#530=LINE('',#938,#564);
#531=LINE('',#940,#565);
#532=LINE('',#948,#566);
#533=LINE('',#995,#567);
#534=LINE('',#996,#568);
#535=LINE('',#1054,#569);
#536=LINE('',#1130,#570);
#537=LINE('',#1132,#571);
#538=LINE('',#1134,#572);
#539=LINE('',#1136,#573);
#540=LINE('',#1138,#574);
#541=LINE('',#1140,#575);
#542=LINE('',#1142,#576);
#543=LINE('',#1144,#577);
#544=LINE('',#1146,#578);
#545=VECTOR('',#783,1.);
#546=VECTOR('',#784,1.);
#547=VECTOR('',#785,1.);
#548=VECTOR('',#786,1.);
#549=VECTOR('',#791,1.);
#550=VECTOR('',#792,1.);
#551=VECTOR('',#793,1.);
#552=VECTOR('',#794,1.);
#553=VECTOR('',#797,1.);
#554=VECTOR('',#798,1.);
#555=VECTOR('',#799,1.);
#556=VECTOR('',#802,1.);
#557=VECTOR('',#803,1.);
#558=VECTOR('',#804,1.);
#559=VECTOR('',#807,1.);
#560=VECTOR('',#808,1.);
#561=VECTOR('',#811,1.);
#562=VECTOR('',#812,1.);
#563=VECTOR('',#813,1.);
#564=VECTOR('',#814,1.);
#565=VECTOR('',#817,1.);
#566=VECTOR('',#818,1.);
#567=VECTOR('',#823,1.);
#568=VECTOR('',#824,1.);
#569=VECTOR('',#827,1.);
#570=VECTOR('',#828,1.);
#571=VECTOR('',#831,1.);
#572=VECTOR('',#832,1.);
#573=VECTOR('',#833,1.);
#574=VECTOR('',#836,1.);
#575=VECTOR('',#837,1.);
#576=VECTOR('',#840,1.);
#577=VECTOR('',#841,1.);
#578=VECTOR('',#844,1.);
#579=EDGE_LOOP('',(#115,#116,#117,#118));
#580=EDGE_LOOP('',(#119,#120,#121,#122));
#581=EDGE_LOOP('',(#123,#124,#125,#126));
#582=EDGE_LOOP('',(#127,#128,#129,#130));
#583=EDGE_LOOP('',(#131,#132,#133,#134));
#584=EDGE_LOOP('',(#135,#136,#137,#138));
#585=EDGE_LOOP('',(#139,#140,#141,#142));
#586=EDGE_LOOP('',(#143,#144,#145,#146));
#587=EDGE_LOOP('',(#147,#148,#149,#150));
#588=EDGE_LOOP('',(#151,#152,#153,#154));
#589=EDGE_LOOP('',(#155,#156,#157,#158));
#590=EDGE_LOOP('',(#159,#160,#161,#162,#163,#164,#165,#166,#167,#168,#169,
#170,#171));
#591=EDGE_LOOP('',(#172,#173,#174,#175,#176,#177,#178,#179,#180,#181,#182,
#183,#184));
#592=EDGE_LOOP('',(#185,#186,#187,#188));
#593=EDGE_LOOP('',(#189,#190,#191,#192));
#594=EDGE_LOOP('',(#193,#194,#195,#196));
#595=EDGE_LOOP('',(#197,#198,#199,#200));
#596=EDGE_LOOP('',(#201,#202,#203,#204));
#597=EDGE_LOOP('',(#205,#206,#207,#208));
#598=EDGE_LOOP('',(#209,#210,#211,#212,#213,#214));
#599=EDGE_LOOP('',(#215,#216,#217,#218));
#600=EDGE_LOOP('',(#219,#220,#221,#222,#223,#224));
#601=EDGE_LOOP('',(#225,#226,#227,#228));
#602=EDGE_LOOP('',(#229,#230,#231,#232));
#603=EDGE_LOOP('',(#233,#234,#235,#236));
#604=EDGE_LOOP('',(#237,#238,#239,#240));
#605=EDGE_LOOP('',(#241,#242,#243,#244));
#606=EDGE_LOOP('',(#245,#246,#247,#248));
#607=EDGE_LOOP('',(#249,#250,#251,#252));
#608=EDGE_LOOP('',(#253,#254,#255,#256));
#609=EDGE_LOOP('',(#257,#258,#259,#260));
#610=EDGE_LOOP('',(#261,#262,#263,#264));
#611=EDGE_LOOP('',(#265,#266,#267,#268));
#612=EDGE_LOOP('',(#269,#270,#271,#272));
#613=EDGE_LOOP('',(#273,#274,#275,#276));
#614=EDGE_LOOP('',(#277,#278,#279));
#615=EDGE_LOOP('',(#280,#281,#282));
#616=EDGE_LOOP('',(#283,#284,#285,#286));
#617=EDGE_LOOP('',(#287,#288,#289,#290));
#618=EDGE_LOOP('',(#291,#292,#293,#294));
#619=EDGE_LOOP('',(#295,#296,#297,#298));
#620=EDGE_LOOP('',(#299,#300,#301,#302));
#621=EDGE_LOOP('',(#303,#304,#305,#306));
#622=EDGE_LOOP('',(#307,#308,#309,#310));
#623=EDGE_LOOP('',(#311,#312,#313,#314));
#624=EDGE_LOOP('',(#315,#316,#317,#318));
#625=EDGE_LOOP('',(#319,#320,#321,#322));
#626=EDGE_LOOP('',(#323,#324,#325,#326));
#627=EDGE_LOOP('',(#327,#328,#329,#330));
#628=EDGE_LOOP('',(#331,#332,#333,#334));
#629=FACE_BOUND('',#579,.T.);
#630=FACE_BOUND('',#580,.T.);
#631=FACE_BOUND('',#581,.T.);
#632=FACE_BOUND('',#582,.T.);
#633=FACE_BOUND('',#583,.T.);
#634=FACE_BOUND('',#584,.T.);
#635=FACE_BOUND('',#585,.T.);
#636=FACE_BOUND('',#586,.T.);
#637=FACE_BOUND('',#587,.T.);
#638=FACE_BOUND('',#588,.T.);
#639=FACE_BOUND('',#589,.T.);
#640=FACE_BOUND('',#590,.T.);
#641=FACE_BOUND('',#591,.T.);
#642=FACE_BOUND('',#592,.T.);
#643=FACE_BOUND('',#593,.T.);
#644=FACE_BOUND('',#594,.T.);
#645=FACE_BOUND('',#595,.T.);
#646=FACE_BOUND('',#596,.T.);
#647=FACE_BOUND('',#597,.T.);
#648=FACE_BOUND('',#598,.T.);
#649=FACE_BOUND('',#599,.T.);
#650=FACE_BOUND('',#600,.T.);
#651=FACE_BOUND('',#601,.T.);
#652=FACE_BOUND('',#602,.T.);
#653=FACE_BOUND('',#603,.T.);
#654=FACE_BOUND('',#604,.T.);
#655=FACE_BOUND('',#605,.T.);
#656=FACE_BOUND('',#606,.T.);
#657=FACE_BOUND('',#607,.T.);
#658=FACE_BOUND('',#608,.T.);
#659=FACE_BOUND('',#609,.T.);
#660=FACE_BOUND('',#610,.T.);
#661=FACE_BOUND('',#611,.T.);
#662=FACE_BOUND('',#612,.T.);
#663=FACE_BOUND('',#613,.T.);
#664=FACE_BOUND('',#614,.T.);
#665=FACE_BOUND('',#615,.T.);
#666=FACE_BOUND('',#616,.T.);
#667=FACE_BOUND('',#617,.T.);
#668=FACE_BOUND('',#618,.T.);
#669=FACE_BOUND('',#619,.T.);
#670=FACE_BOUND('',#620,.T.);
#671=FACE_BOUND('',#621,.T.);
#672=FACE_BOUND('',#622,.T.);
#673=FACE_BOUND('',#623,.T.);
#674=FACE_BOUND('',#624,.T.);
#675=FACE_BOUND('',#625,.T.);
#676=FACE_BOUND('',#626,.T.);
#677=FACE_BOUND('',#627,.T.);
#678=FACE_BOUND('',#628,.T.);
#679=PLANE('',#759);
#680=PLANE('',#760);
#681=PLANE('',#761);
#682=PLANE('',#762);
#683=PLANE('',#763);
#684=PLANE('',#764);
#685=PLANE('',#765);
#686=PLANE('',#766);
#687=PLANE('',#767);
#688=PLANE('',#768);
#689=PLANE('',#769);
#690=PLANE('',#770);
#691=PLANE('',#771);
#692=PLANE('',#772);
#693=PLANE('',#773);
#694=PLANE('',#774);
#695=PLANE('',#775);
#696=PLANE('',#776);
#697=PLANE('',#777);
#698=PLANE('',#778);
#699=ADVANCED_FACE('',(#629),#679,.F.);
#700=ADVANCED_FACE('',(#630),#680,.F.);
#701=ADVANCED_FACE('',(#631),#681,.F.);
#702=ADVANCED_FACE('',(#632),#682,.T.);
#703=ADVANCED_FACE('',(#633),#683,.T.);
#704=ADVANCED_FACE('',(#634),#684,.F.);
#705=ADVANCED_FACE('',(#635,#636),#685,.T.);
#706=ADVANCED_FACE('',(#637,#638),#686,.F.);
#707=ADVANCED_FACE('',(#639),#687,.T.);
#708=ADVANCED_FACE('',(#640),#688,.T.);
#709=ADVANCED_FACE('',(#641),#689,.F.);
#710=ADVANCED_FACE('',(#642),#690,.F.);
#711=ADVANCED_FACE('',(#643),#691,.F.);
#712=ADVANCED_FACE('',(#644),#692,.T.);
#713=ADVANCED_FACE('',(#645),#693,.T.);
#714=ADVANCED_FACE('',(#646,#647),#694,.T.);
#715=ADVANCED_FACE('',(#648),#695,.T.);
#716=ADVANCED_FACE('',(#649),#696,.F.);
#717=ADVANCED_FACE('',(#650),#697,.F.);
#718=ADVANCED_FACE('',(#651),#698,.T.);
#719=ADVANCED_FACE('',(#652),#12,.F.);
#720=ADVANCED_FACE('',(#653),#13,.F.);
#721=ADVANCED_FACE('',(#654),#14,.T.);
#722=ADVANCED_FACE('',(#655),#15,.T.);
#723=ADVANCED_FACE('',(#656),#16,.T.);
#724=ADVANCED_FACE('',(#657),#17,.T.);
#725=ADVANCED_FACE('',(#658),#18,.T.);
#726=ADVANCED_FACE('',(#659),#19,.T.);
#727=ADVANCED_FACE('',(#660),#20,.T.);
#728=ADVANCED_FACE('',(#661),#21,.T.);
#729=ADVANCED_FACE('',(#662),#22,.T.);
#730=ADVANCED_FACE('',(#663),#23,.T.);
#731=ADVANCED_FACE('',(#664),#24,.F.);
#732=ADVANCED_FACE('',(#665),#25,.F.);
#733=ADVANCED_FACE('',(#666),#26,.T.);
#734=ADVANCED_FACE('',(#667),#27,.T.);
#735=ADVANCED_FACE('',(#668),#28,.T.);
#736=ADVANCED_FACE('',(#669),#29,.T.);
#737=ADVANCED_FACE('',(#670),#30,.T.);
#738=ADVANCED_FACE('',(#671),#31,.T.);
#739=ADVANCED_FACE('',(#672),#32,.T.);
#740=ADVANCED_FACE('',(#673),#33,.T.);
#741=ADVANCED_FACE('',(#674),#34,.T.);
#742=ADVANCED_FACE('',(#675),#35,.T.);
#743=ADVANCED_FACE('',(#676),#36,.T.);
#744=ADVANCED_FACE('',(#677),#37,.T.);
#745=ADVANCED_FACE('',(#678),#38,.T.);
#746=CLOSED_SHELL('',(#699,#700,#701,#702,#703,#704,#705,#706,#707,#708,
#709,#710,#711,#712,#713,#714,#715,#716,#717,#718,#719,#720,#721,#722,#723,
#724,#725,#726,#727,#728,#729,#730,#731,#732,#733,#734,#735,#736,#737,#738,
#739,#740,#741,#742,#743,#744,#745));
#747=STYLED_ITEM('',(#748),#755);
#748=PRESENTATION_STYLE_ASSIGNMENT((#749));
#749=SURFACE_STYLE_USAGE(.BOTH.,#750);
#750=SURFACE_SIDE_STYLE('',(#751));
#751=SURFACE_STYLE_FILL_AREA(#752);
#752=FILL_AREA_STYLE('',(#753));
#753=FILL_AREA_STYLE_COLOUR('',#754);
#754=COLOUR_RGB('',0.615686274509804,0.811764705882353,0.929411764705882);
#755=MANIFOLD_SOLID_BREP('XAxis-KW12Holder',#746);
#756=SHAPE_DEFINITION_REPRESENTATION(#4988,#757);
#757=SHAPE_REPRESENTATION('XAxis-KW12Holder',(#758),#4983);
#758=AXIS2_PLACEMENT_3D('',#855,#779,#780);
#759=AXIS2_PLACEMENT_3D('',#856,#781,#782);
#760=AXIS2_PLACEMENT_3D('',#865,#787,#788);
#761=AXIS2_PLACEMENT_3D('',#886,#789,#790);
#762=AXIS2_PLACEMENT_3D('',#895,#795,#796);
#763=AXIS2_PLACEMENT_3D('',#901,#800,#801);
#764=AXIS2_PLACEMENT_3D('',#907,#805,#806);
#765=AXIS2_PLACEMENT_3D('',#910,#809,#810);
#766=AXIS2_PLACEMENT_3D('',#939,#815,#816);
#767=AXIS2_PLACEMENT_3D('',#954,#819,#820);
#768=AXIS2_PLACEMENT_3D('',#975,#821,#822);
#769=AXIS2_PLACEMENT_3D('',#1053,#825,#826);
#770=AXIS2_PLACEMENT_3D('',#1131,#829,#830);
#771=AXIS2_PLACEMENT_3D('',#1137,#834,#835);
#772=AXIS2_PLACEMENT_3D('',#1141,#838,#839);
#773=AXIS2_PLACEMENT_3D('',#1145,#842,#843);
#774=AXIS2_PLACEMENT_3D('',#1147,#845,#846);
#775=AXIS2_PLACEMENT_3D('',#1148,#847,#848);
#776=AXIS2_PLACEMENT_3D('',#1185,#849,#850);
#777=AXIS2_PLACEMENT_3D('',#1206,#851,#852);
#778=AXIS2_PLACEMENT_3D('',#1243,#853,#854);
#779=DIRECTION('',(0.,0.,1.));
#780=DIRECTION('',(1.,0.,0.));
#781=DIRECTION('',(0.,1.,0.));
#782=DIRECTION('',(1.,0.,0.));
#783=DIRECTION('',(1.,0.,0.));
#784=DIRECTION('',(0.,0.,-1.));
#785=DIRECTION('',(1.,0.,0.));
#786=DIRECTION('',(0.,0.,-1.));
#787=DIRECTION('',(0.,1.,0.));
#788=DIRECTION('',(1.,0.,0.));
#789=DIRECTION('',(0.,-1.,0.));
#790=DIRECTION('',(-1.,0.,0.));
#791=DIRECTION('',(1.,0.,0.));
#792=DIRECTION('',(0.,0.,1.));
#793=DIRECTION('',(1.,0.,0.));
#794=DIRECTION('',(0.,0.,1.));
#795=DIRECTION('',(-1.,-3.46944695195362E-16,0.));
#796=DIRECTION('',(-3.46944695195362E-16,1.,0.));
#797=DIRECTION('',(3.46944695195362E-16,-1.,0.));
#798=DIRECTION('',(0.,0.,1.));
#799=DIRECTION('',(3.46944695195362E-16,-1.,-5.49163888966372E-14));
#800=DIRECTION('',(0.,-1.,0.));
#801=DIRECTION('',(-1.,0.,0.));
#802=DIRECTION('',(1.,0.,0.));
#803=DIRECTION('',(0.,0.,1.));
#804=DIRECTION('',(1.,0.,0.));
#805=DIRECTION('',(-1.,0.,0.));
#806=DIRECTION('',(0.,1.,0.));
#807=DIRECTION('',(0.,-1.,0.));
#808=DIRECTION('',(0.,-1.,-5.49163888966372E-14));
#809=DIRECTION('',(0.,0.,1.));
#810=DIRECTION('',(0.,-1.,0.));
#811=DIRECTION('',(6.93889390390723E-17,-1.,0.));
#812=DIRECTION('',(1.,0.,0.));
#813=DIRECTION('',(2.77555756156289E-16,-1.,0.));
#814=DIRECTION('',(1.,0.,0.));
#815=DIRECTION('',(0.,-5.49163888966372E-14,1.));
#816=DIRECTION('',(0.,-1.,-5.49163888966372E-14));
#817=DIRECTION('',(0.,1.,5.49163888966372E-14));
#818=DIRECTION('',(0.,1.,5.49163888966372E-14));
#819=DIRECTION('',(0.,1.,0.));
#820=DIRECTION('',(1.,0.,0.));
#821=DIRECTION('',(1.,0.,0.));
#822=DIRECTION('',(0.,0.,-1.));
#823=DIRECTION('',(0.,1.,0.));
#824=DIRECTION('',(0.,1.,0.));
#825=DIRECTION('',(1.,0.,0.));
#826=DIRECTION('',(0.,0.,-1.));
#827=DIRECTION('',(0.,1.,0.));
#828=DIRECTION('',(0.,1.,0.));
#829=DIRECTION('',(-1.,-6.93889390390723E-17,0.));
#830=DIRECTION('',(-6.93889390390723E-17,1.,0.));
#831=DIRECTION('',(0.,0.,1.));
#832=DIRECTION('',(6.93889390390723E-17,-1.,0.));
#833=DIRECTION('',(0.,0.,1.));
#834=DIRECTION('',(0.,-1.,0.));
#835=DIRECTION('',(-1.,0.,0.));
#836=DIRECTION('',(0.,0.,1.));
#837=DIRECTION('',(1.,0.,0.));
#838=DIRECTION('',(-1.,-2.77555756156289E-16,0.));
#839=DIRECTION('',(-2.77555756156289E-16,1.,0.));
#840=DIRECTION('',(0.,0.,1.));
#841=DIRECTION('',(2.77555756156289E-16,-1.,0.));
#842=DIRECTION('',(0.,-1.,0.));
#843=DIRECTION('',(-1.,0.,0.));
#844=DIRECTION('',(1.,0.,0.));
#845=DIRECTION('',(0.,0.,1.));
#846=DIRECTION('',(1.,0.,0.));
#847=DIRECTION('',(0.,0.,1.));
#848=DIRECTION('',(0.,-1.,0.));
#849=DIRECTION('',(0.,0.,1.));
#850=DIRECTION('',(0.,-1.,0.));
#851=DIRECTION('',(0.,0.,1.));
#852=DIRECTION('',(0.,-1.,0.));
#853=DIRECTION('',(0.,-0.707106781186548,-0.707106781186548));
#854=DIRECTION('',(-1.,0.,0.));
#855=CARTESIAN_POINT('',(0.,0.,0.));
#856=CARTESIAN_POINT('',(0.025,0.,-0.0200610665160963));
#857=CARTESIAN_POINT('',(0.0125,0.,0.00750000000000013));
#858=CARTESIAN_POINT('',(0.,0.,0.00750000000000013));
#859=CARTESIAN_POINT('',(0.025,0.,0.00750000000000013));
#860=CARTESIAN_POINT('',(0.,0.,-0.0200610665160963));
#861=CARTESIAN_POINT('',(0.,0.,-0.00749999999999987));
#862=CARTESIAN_POINT('',(0.0125,0.,-0.00749999999999987));
#863=CARTESIAN_POINT('',(0.025,0.,-0.00749999999999987));
#864=CARTESIAN_POINT('',(0.025,0.,-0.0200610665160963));
#865=CARTESIAN_POINT('',(0.025,0.,-0.0200610665160963));
#866=CARTESIAN_POINT('',(0.0229999999999992,0.,-0.0229852813742385));
#867=CARTESIAN_POINT('',(0.0159999999999994,0.,-0.0229852813742385));
#868=CARTESIAN_POINT('',(0.00899999999999959,0.,-0.0229852813742385));
#869=CARTESIAN_POINT('',(0.00199999999999979,0.,-0.0229852813742385));
#870=CARTESIAN_POINT('',(0.0229999999999992,0.,-0.0229852813742384));
#871=CARTESIAN_POINT('',(0.00199999999999978,0.,-0.0229852813742384));
#872=CARTESIAN_POINT('',(0.002,0.,-0.0229852813742385));
#873=CARTESIAN_POINT('',(0.002,0.,-0.0315308985935564));
#874=CARTESIAN_POINT('',(0.002,0.,-0.0400765158128744));
#875=CARTESIAN_POINT('',(0.002,0.,-0.0486221330321924));
#876=CARTESIAN_POINT('',(0.00199999999999967,0.,-0.0486221330321926));
#877=CARTESIAN_POINT('',(0.00199999999999965,0.,-0.0486221330321926));
#878=CARTESIAN_POINT('',(0.00899999999999923,0.,-0.0486221330321926));
#879=CARTESIAN_POINT('',(0.0159999999999988,0.,-0.0486221330321926));
#880=CARTESIAN_POINT('',(0.0229999999999984,0.,-0.0486221330321926));
#881=CARTESIAN_POINT('',(0.023,0.,-0.0486221330321926));
#882=CARTESIAN_POINT('',(0.023,0.,-0.0486221330321926));
#883=CARTESIAN_POINT('',(0.023,0.,-0.0400765158128745));
#884=CARTESIAN_POINT('',(0.023,0.,-0.0315308985935565));
#885=CARTESIAN_POINT('',(0.023,0.,-0.0229852813742385));
#886=CARTESIAN_POINT('',(0.010875,0.004,-0.0642489801001128));
#887=CARTESIAN_POINT('',(0.014125,0.004,-0.0395));
#888=CARTESIAN_POINT('',(0.00925,0.004,-0.0395));
#889=CARTESIAN_POINT('',(0.01575,0.004,-0.0395));
#890=CARTESIAN_POINT('',(0.01575,0.004,-0.0642489801001128));
#891=CARTESIAN_POINT('',(0.01575,0.004,-0.0506221330321919));
#892=CARTESIAN_POINT('',(0.025,0.004,-0.0506221330321925));
#893=CARTESIAN_POINT('',(0.00925,0.004,-0.0506221330321925));
#894=CARTESIAN_POINT('',(0.00925,0.004,-0.0642489801001128));
#895=CARTESIAN_POINT('',(0.01575,0.014,-0.0642489801001128));
#896=CARTESIAN_POINT('',(0.01575,0.014,-0.0395));
#897=CARTESIAN_POINT('',(0.01575,0.024,-0.0395));
#898=CARTESIAN_POINT('',(0.01575,0.024,-0.0642489801001128));
#899=CARTESIAN_POINT('',(0.01575,0.024,-0.0506221330321914));
#900=CARTESIAN_POINT('',(0.01575,0.0175,-0.0506221330321917));
#901=CARTESIAN_POINT('',(0.0125,0.024,-0.0642489801001128));
#902=CARTESIAN_POINT('',(0.0125,0.024,-0.0395));
#903=CARTESIAN_POINT('',(0.00925,0.024,-0.0395));
#904=CARTESIAN_POINT('',(0.00925,0.024,-0.0642489801001128));
#905=CARTESIAN_POINT('',(0.00925,0.024,-0.0506221330321919));
#906=CARTESIAN_POINT('',(0.025,0.024,-0.0506221330321914));
#907=CARTESIAN_POINT('',(0.00925,0.014,-0.0642489801001128));
#908=CARTESIAN_POINT('',(0.00925,0.014,-0.0395));
#909=CARTESIAN_POINT('',(0.00925,0.0175,-0.0506221330321917));
#910=CARTESIAN_POINT('',(0.025,0.0175,0.0105000000000001));
#911=CARTESIAN_POINT('',(0.00199999999999989,-0.019,0.0105000000000001));
#912=CARTESIAN_POINT('',(0.00899999999999939,-0.019,0.0105000000000001));
#913=CARTESIAN_POINT('',(0.0159999999999989,-0.019,0.0105000000000001));
#914=CARTESIAN_POINT('',(0.0229999999999984,-0.019,0.0105000000000001));
#915=CARTESIAN_POINT('',(0.00199999999999989,-0.019,0.0105000000000001));
#916=CARTESIAN_POINT('',(0.0229999999999984,-0.019,0.0105000000000001));
#917=CARTESIAN_POINT('',(0.023,-0.019,0.0105000000000001));
#918=CARTESIAN_POINT('',(0.023,-0.00166666666666131,0.0105000000000001));
#919=CARTESIAN_POINT('',(0.023,0.0156666666666774,0.0105000000000001));
#920=CARTESIAN_POINT('',(0.023,0.0330000000000161,0.0105000000000001));
#921=CARTESIAN_POINT('',(0.023,0.033,0.0105000000000001));
#922=CARTESIAN_POINT('',(0.023,0.033,0.0105000000000001));
#923=CARTESIAN_POINT('',(0.0159999999999999,0.033,0.0105000000000001));
#924=CARTESIAN_POINT('',(0.00899999999999977,0.033,0.0105000000000001));
#925=CARTESIAN_POINT('',(0.00199999999999965,0.033,0.0105000000000001));
#926=CARTESIAN_POINT('',(0.00199999999999966,0.033,0.0105000000000001));
#927=CARTESIAN_POINT('',(0.002,0.0329999999999968,0.0105000000000001));
#928=CARTESIAN_POINT('',(0.002,0.0156666666666645,0.0105000000000001));
#929=CARTESIAN_POINT('',(0.002,-0.00166666666666775,0.0105000000000001));
#930=CARTESIAN_POINT('',(0.002,-0.019,0.0105000000000001));
#931=CARTESIAN_POINT('',(0.00675,0.014,0.0105000000000001));
#932=CARTESIAN_POINT('',(0.00675,0.0265,0.0105000000000001));
#933=CARTESIAN_POINT('',(0.00675,0.0015,0.0105000000000001));
#934=CARTESIAN_POINT('',(0.0125,0.0265,0.0105000000000001));
#935=CARTESIAN_POINT('',(0.01825,0.0265,0.0105000000000001));
#936=CARTESIAN_POINT('',(0.01825,0.014,0.0105000000000001));
#937=CARTESIAN_POINT('',(0.01825,0.0015,0.0105000000000001));
#938=CARTESIAN_POINT('',(0.015375,0.0015,0.0105000000000001));
#939=CARTESIAN_POINT('',(0.025,0.0175,-0.0506221330321917));
#940=CARTESIAN_POINT('',(0.,0.0175,-0.0506221330321917));
#941=CARTESIAN_POINT('',(0.,0.00200000000000011,-0.0506221330321926));
#942=CARTESIAN_POINT('',(0.,0.033,-0.0506221330321909));
#943=CARTESIAN_POINT('',(0.,0.033,-0.0506221330321908));
#944=CARTESIAN_POINT('',(0.00833333333333824,0.033,-0.0506221330321908));
#945=CARTESIAN_POINT('',(0.0166666666666765,0.033,-0.0506221330321908));
#946=CARTESIAN_POINT('',(0.0250000000000147,0.033,-0.0506221330321908));
#947=CARTESIAN_POINT('',(0.025,0.033,-0.0506221330321909));
#948=CARTESIAN_POINT('',(0.025,0.0175,-0.0506221330321917));
#949=CARTESIAN_POINT('',(0.025,0.002,-0.0506221330321926));
#950=CARTESIAN_POINT('',(0.0250000000000147,0.002,-0.0506221330321926));
#951=CARTESIAN_POINT('',(0.0166666666666765,0.002,-0.0506221330321926));
#952=CARTESIAN_POINT('',(0.00833333333333823,0.002,-0.0506221330321926));
#953=CARTESIAN_POINT('',(0.,0.002,-0.0506221330321926));
#954=CARTESIAN_POINT('',(0.025,0.035,-0.0200610665160953));
#955=CARTESIAN_POINT('',(0.0230000000000034,0.035,-0.0486221330321909));
#956=CARTESIAN_POINT('',(0.0160000000000022,0.035,-0.0486221330321909));
#957=CARTESIAN_POINT('',(0.00900000000000091,0.035,-0.0486221330321909));
#958=CARTESIAN_POINT('',(0.00199999999999965,0.035,-0.0486221330321909));
#959=CARTESIAN_POINT('',(0.023,0.035,-0.0486221330321906));
#960=CARTESIAN_POINT('',(0.00199999999999966,0.035,-0.0486221330321909));
#961=CARTESIAN_POINT('',(0.002,0.035,-0.0486221330321906));
#962=CARTESIAN_POINT('',(0.002,0.035,-0.0295814220214603));
#963=CARTESIAN_POINT('',(0.002,0.035,-0.0105407110107301));
#964=CARTESIAN_POINT('',(0.002,0.035,0.0085000000000002));
#965=CARTESIAN_POINT('',(0.00199999999999966,0.035,0.00850000000000013));
#966=CARTESIAN_POINT('',(0.00199999999999965,0.035,0.0085000000000001));
#967=CARTESIAN_POINT('',(0.00899999999999977,0.035,0.0085000000000001));
#968=CARTESIAN_POINT('',(0.0159999999999999,0.035,0.0085000000000001));
#969=CARTESIAN_POINT('',(0.023,0.035,0.0085000000000001));
#970=CARTESIAN_POINT('',(0.023,0.035,0.00850000000000013));
#971=CARTESIAN_POINT('',(0.023,0.035,0.00850000000000015));
#972=CARTESIAN_POINT('',(0.023,0.035,-0.0105407110107301));
#973=CARTESIAN_POINT('',(0.023,0.035,-0.0295814220214603));
#974=CARTESIAN_POINT('',(0.023,0.035,-0.0486221330321906));
#975=CARTESIAN_POINT('',(0.025,0.0175,-0.0200610665160963));
#976=CARTESIAN_POINT('',(0.025,0.0330000000000161,0.0085000000000001));
#977=CARTESIAN_POINT('',(0.025,0.0156666666666774,0.0085000000000001));
#978=CARTESIAN_POINT('',(0.025,-0.00166666666666131,0.0085000000000001));
#979=CARTESIAN_POINT('',(0.025,-0.019,0.0085000000000001));
#980=CARTESIAN_POINT('',(0.025,0.033,0.00850000000000018));
#981=CARTESIAN_POINT('',(0.025,-0.019,0.00850000000000013));
#982=CARTESIAN_POINT('',(0.025,-0.019,0.0085000000000001));
#983=CARTESIAN_POINT('',(0.025,-0.0191883853245127,0.00850000001240971));
#984=CARTESIAN_POINT('',(0.025,-0.0194321452188727,0.00849762592499328));
#985=CARTESIAN_POINT('',(0.025,-0.0197036883239528,0.00848760526334268));
#986=CARTESIAN_POINT('',(0.025,-0.0198322784142264,0.00848087616062436));
#987=CARTESIAN_POINT('',(0.025,-0.0200791300453096,0.00845807745382307));
#988=CARTESIAN_POINT('',(0.025,-0.0203578730916737,0.00841752328190602));
#989=CARTESIAN_POINT('',(0.025,-0.0206714727038043,0.00835396471865335));
#990=CARTESIAN_POINT('',(0.025,-0.0211500185026567,0.00819963346321924));
#991=CARTESIAN_POINT('',(0.025,-0.0216662314709182,0.00795001994228673));
#992=CARTESIAN_POINT('',(0.025,-0.021988916714487,0.00769654818833981));
#993=CARTESIAN_POINT('',(0.025,-0.022167317703881,0.00750000000041515));
#994=CARTESIAN_POINT('',(0.025,-0.0221673177038838,0.00750000000000013));
#995=CARTESIAN_POINT('',(0.025,-0.025,0.00750000000000013));
#996=CARTESIAN_POINT('',(0.025,-0.025,-0.00749999999999987));
#997=CARTESIAN_POINT('',(0.025,-0.0221673177038837,-0.00749999999999987));
#998=CARTESIAN_POINT('',(0.025,-0.022167317703881,-0.00750000000041494));
#999=CARTESIAN_POINT('',(0.025,-0.0219890543832674,-0.00769639651569818));
#1000=CARTESIAN_POINT('',(0.025,-0.0216664206818472,-0.00794977308736584));
#1001=CARTESIAN_POINT('',(0.025,-0.0211502767710268,-0.00819941291874756));
#1002=CARTESIAN_POINT('',(0.025,-0.0206711624193025,-0.00835406338351775));
#1003=CARTESIAN_POINT('',(0.025,-0.0203586404356211,-0.00841739463022739));
#1004=CARTESIAN_POINT('',(0.025,-0.0200797350075864,-0.00845798831757994));
#1005=CARTESIAN_POINT('',(0.025,-0.0198320180033128,-0.00848090001397885));
#1006=CARTESIAN_POINT('',(0.025,-0.0197041250053326,-0.00848759898616713));
#1007=CARTESIAN_POINT('',(0.025,-0.0194326006348288,-0.00849762969134351));
#1008=CARTESIAN_POINT('',(0.025,-0.0191886722944262,-0.00850000001242759));
#1009=CARTESIAN_POINT('',(0.025,-0.019,-0.0084999999999999));
#1010=CARTESIAN_POINT('',(0.025,-0.019,-0.00849999999999987));
#1011=CARTESIAN_POINT('',(0.025,-0.019,-0.0084999999999999));
#1012=CARTESIAN_POINT('',(0.025,-0.0168284271247462,-0.0084999999999999));
#1013=CARTESIAN_POINT('',(0.025,-0.0146568542494924,-0.0084999999999999));
#1014=CARTESIAN_POINT('',(0.025,-0.0124852813742386,-0.0084999999999999));
#1015=CARTESIAN_POINT('',(0.025,-0.0124852813742386,-0.00849999999999987));
#1016=CARTESIAN_POINT('',(0.025,-0.0124852813742386,-0.0084999999999999));
#1017=CARTESIAN_POINT('',(0.025,-0.0122007922214823,-0.00849999992316459));
#1018=CARTESIAN_POINT('',(0.025,-0.0116487882004302,-0.00852440150659713));
#1019=CARTESIAN_POINT('',(0.025,-0.0109278438046604,-0.0086243061315181));
#1020=CARTESIAN_POINT('',(0.025,-0.0101455446974178,-0.00881722189082328));
#1021=CARTESIAN_POINT('',(0.025,-0.00941174410043803,-0.00907985216863377));
#1022=CARTESIAN_POINT('',(0.025,-0.00870806948931725,-0.0094124776356385));
#1023=CARTESIAN_POINT('',(0.025,-0.00801494718493649,-0.00983154275413768));
#1024=CARTESIAN_POINT('',(0.025,-0.00743732716883279,-0.0102687819363648));
#1025=CARTESIAN_POINT('',(0.025,-0.00702962906503135,-0.0106419437015413));
#1026=CARTESIAN_POINT('',(0.025,-0.0068284271247462,-0.0108431457505075));
#1027=CARTESIAN_POINT('',(0.025,-0.0068284271247462,-0.0108431457505075));
#1028=CARTESIAN_POINT('',(0.025,-0.0068284271247462,-0.0108431457505075));
#1029=CARTESIAN_POINT('',(0.025,-0.00466666666666668,-0.013004906208587));
#1030=CARTESIAN_POINT('',(0.025,-0.00250490620858717,-0.0151666666666666));
#1031=CARTESIAN_POINT('',(0.025,-0.000343145750507649,-0.0173284271247461));
#1032=CARTESIAN_POINT('',(0.025,-0.000343145750507624,-0.0173284271247461));
#1033=CARTESIAN_POINT('',(0.025,-0.0003431457505076,-0.0173284271247461));
#1034=CARTESIAN_POINT('',(0.025,-0.000141981487087499,-0.0175295912795056));
#1035=CARTESIAN_POINT('',(0.025,0.000231089774326008,-0.0179371715911541));
#1036=CARTESIAN_POINT('',(0.025,0.000670231207674009,-0.0185175995000059));
#1037=CARTESIAN_POINT('',(0.025,0.00108698816972626,-0.0192071805452661));
#1038=CARTESIAN_POINT('',(0.025,0.00142015589749875,-0.0199117635738048));
#1039=CARTESIAN_POINT('',(0.025,0.00168252726345611,-0.0206445383863945));
#1040=CARTESIAN_POINT('',(0.025,0.00187631495802735,-0.0214309736550625));
#1041=CARTESIAN_POINT('',(0.025,0.00197557919761128,-0.0221485874761497));
#1042=CARTESIAN_POINT('',(0.025,0.00200000007684968,-0.0227007387846615));
#1043=CARTESIAN_POINT('',(0.025,0.002,-0.0229852813742385));
#1044=CARTESIAN_POINT('',(0.025,0.002,-0.0229852813742384));
#1045=CARTESIAN_POINT('',(0.025,0.002,-0.0229852813742385));
#1046=CARTESIAN_POINT('',(0.025,0.002,-0.0321975652602232));
#1047=CARTESIAN_POINT('',(0.025,0.002,-0.0414098491462079));
#1048=CARTESIAN_POINT('',(0.025,0.002,-0.0506221330321926));
#1049=CARTESIAN_POINT('',(0.025,0.033,-0.0506221330321907));
#1050=CARTESIAN_POINT('',(0.025,0.033,-0.0309147553547938));
#1051=CARTESIAN_POINT('',(0.025,0.033,-0.0112073776773968));
#1052=CARTESIAN_POINT('',(0.025,0.033,0.00850000000000015));
#1053=CARTESIAN_POINT('',(0.,0.0175,-0.0200610665160963));
#1054=CARTESIAN_POINT('',(0.,-0.025,0.00750000000000013));
#1055=CARTESIAN_POINT('',(0.,-0.0221673177038837,0.00750000000000013));
#1056=CARTESIAN_POINT('',(0.,-0.022167317703881,0.00750000000041515));
#1057=CARTESIAN_POINT('',(0.,-0.0219890543832677,0.00769639651569743));
#1058=CARTESIAN_POINT('',(0.,-0.0216664206818477,0.00794977308736444));
#1059=CARTESIAN_POINT('',(0.,-0.0211502767710273,0.00819941291874647));
#1060=CARTESIAN_POINT('',(0.,-0.020671162419302,0.00835406338351829));
#1061=CARTESIAN_POINT('',(0.,-0.020358640435622,0.0084173946302277));
#1062=CARTESIAN_POINT('',(0.,-0.0200797350075911,0.00845798831758008));
#1063=CARTESIAN_POINT('',(0.,-0.0198320180033013,0.00848090001398024));
#1064=CARTESIAN_POINT('',(0.,-0.0197041250053726,0.00848759898616455));
#1065=CARTESIAN_POINT('',(0.,-0.0194326006348772,0.00849762969134022));
#1066=CARTESIAN_POINT('',(0.,-0.0191886722944552,0.00850000001242567));
#1067=CARTESIAN_POINT('',(0.,-0.019,0.0085000000000001));
#1068=CARTESIAN_POINT('',(0.,-0.019,0.00850000000000013));
#1069=CARTESIAN_POINT('',(0.,-0.019,0.0085000000000001));
#1070=CARTESIAN_POINT('',(0.,-0.00166666666666775,0.0085000000000001));
#1071=CARTESIAN_POINT('',(0.,0.0156666666666645,0.0085000000000001));
#1072=CARTESIAN_POINT('',(0.,0.0329999999999968,0.0085000000000001));
#1073=CARTESIAN_POINT('',(0.,0.033,0.00850000000000023));
#1074=CARTESIAN_POINT('',(0.,0.033,0.0085000000000002));
#1075=CARTESIAN_POINT('',(0.,0.033,-0.0112073776773968));
#1076=CARTESIAN_POINT('',(0.,0.033,-0.0309147553547938));
#1077=CARTESIAN_POINT('',(0.,0.033,-0.0506221330321907));
#1078=CARTESIAN_POINT('',(0.,0.002,-0.0506221330321926));
#1079=CARTESIAN_POINT('',(0.,0.002,-0.0414098491462079));
#1080=CARTESIAN_POINT('',(0.,0.002,-0.0321975652602232));
#1081=CARTESIAN_POINT('',(0.,0.002,-0.0229852813742385));
#1082=CARTESIAN_POINT('',(0.,0.002,-0.0229852813742384));
#1083=CARTESIAN_POINT('',(0.,0.002,-0.0229852813742385));
#1084=CARTESIAN_POINT('',(0.,0.00200000007678512,-0.0227009778261106));
#1085=CARTESIAN_POINT('',(0.,0.001975611927629,-0.0221492453514351));
#1086=CARTESIAN_POINT('',(0.,0.00187620040248106,-0.0214304639024319));
#1087=CARTESIAN_POINT('',(0.,0.00168295275562354,-0.0206459195216315));
#1088=CARTESIAN_POINT('',(0.,0.00141988060642107,-0.0199110989372988));
#1089=CARTESIAN_POINT('',(0.,0.00108766384186956,-0.0192084579560533));
#1090=CARTESIAN_POINT('',(0.,0.00066995160267458,-0.0185171578885035));
#1091=CARTESIAN_POINT('',(0.,0.000231532522180719,-0.0179376606263768));
#1092=CARTESIAN_POINT('',(0.,-0.000141812152088567,-0.0175297606144091));
#1093=CARTESIAN_POINT('',(0.,-0.0003431457505076,-0.0173284271247461));
#1094=CARTESIAN_POINT('',(0.,-0.000343145750507614,-0.0173284271247461));
#1095=CARTESIAN_POINT('',(0.,-0.000343145750507649,-0.0173284271247461));
#1096=CARTESIAN_POINT('',(0.,-0.00250490620858717,-0.0151666666666666));
#1097=CARTESIAN_POINT('',(0.,-0.00466666666666668,-0.013004906208587));
#1098=CARTESIAN_POINT('',(0.,-0.0068284271247462,-0.0108431457505075));
#1099=CARTESIAN_POINT('',(0.,-0.00682842712474619,-0.0108431457505075));
#1100=CARTESIAN_POINT('',(0.,-0.0068284271247462,-0.0108431457505075));
#1101=CARTESIAN_POINT('',(0.,-0.00702946003725073,-0.0106421127294137));
#1102=CARTESIAN_POINT('',(0.,-0.00743683883714771,-0.0102692239808161));
#1103=CARTESIAN_POINT('',(0.,-0.00801538863747961,-0.009831263307601));
#1104=CARTESIAN_POINT('',(0.,-0.00870679201082984,-0.00941315337733389));
#1105=CARTESIAN_POINT('',(0.,-0.00941240872960696,-0.00907957685984096));
#1106=CARTESIAN_POINT('',(0.,-0.0101441636592295,-0.00881764738429916));
#1107=CARTESIAN_POINT('',(0.,-0.0109283537817402,-0.00862419157562117));
#1108=CARTESIAN_POINT('',(0.,-0.0116481293302992,-0.00852443423670898));
#1109=CARTESIAN_POINT('',(0.,-0.0122005527456985,-0.00849999992309719));
#1110=CARTESIAN_POINT('',(0.,-0.0124852813742386,-0.0084999999999999));
#1111=CARTESIAN_POINT('',(0.,-0.0124852813742386,-0.00849999999999987));
#1112=CARTESIAN_POINT('',(0.,-0.0124852813742386,-0.0084999999999999));
#1113=CARTESIAN_POINT('',(0.,-0.0146568542494924,-0.0084999999999999));
#1114=CARTESIAN_POINT('',(0.,-0.0168284271247462,-0.0084999999999999));
#1115=CARTESIAN_POINT('',(0.,-0.019,-0.0084999999999999));
#1116=CARTESIAN_POINT('',(0.,-0.019,-0.00849999999999987));
#1117=CARTESIAN_POINT('',(0.,-0.019,-0.0084999999999999));
#1118=CARTESIAN_POINT('',(0.,-0.0191883853245314,-0.00850000001240803));
#1119=CARTESIAN_POINT('',(0.,-0.0194321452189041,-0.0084976259249906));
#1120=CARTESIAN_POINT('',(0.,-0.0197036883239784,-0.00848760526334055));
#1121=CARTESIAN_POINT('',(0.,-0.019832278414221,-0.00848087616062473));
#1122=CARTESIAN_POINT('',(0.,-0.0200791300453072,-0.00845807745382347));
#1123=CARTESIAN_POINT('',(0.,-0.0203578730916669,-0.00841752328190689));
#1124=CARTESIAN_POINT('',(0.,-0.0206714727038069,-0.00835396471865239));
#1125=CARTESIAN_POINT('',(0.,-0.0211500185026552,-0.00819963346322053));
#1126=CARTESIAN_POINT('',(0.,-0.0216662314709175,-0.00795001994228817));
#1127=CARTESIAN_POINT('',(0.,-0.0219889167144863,-0.00769654818834063));
#1128=CARTESIAN_POINT('',(0.,-0.022167317703881,-0.00750000000041494));
#1129=CARTESIAN_POINT('',(0.,-0.0221673177038837,-0.00749999999999987));
#1130=CARTESIAN_POINT('',(0.,-0.025,-0.00749999999999987));
#1131=CARTESIAN_POINT('',(0.00675,0.014,-0.0395));
#1132=CARTESIAN_POINT('',(0.00675,0.0015,-0.0395));
#1133=CARTESIAN_POINT('',(0.00675,0.0015,-0.0395));
#1134=CARTESIAN_POINT('',(0.00675,0.014,-0.0395));
#1135=CARTESIAN_POINT('',(0.00675,0.0265,-0.0395));
#1136=CARTESIAN_POINT('',(0.00675,0.0265,-0.0395));
#1137=CARTESIAN_POINT('',(0.015375,0.0015,-0.0395));
#1138=CARTESIAN_POINT('',(0.01825,0.0015,-0.0395));
#1139=CARTESIAN_POINT('',(0.01825,0.0015,-0.0395));
#1140=CARTESIAN_POINT('',(0.015375,0.0015,-0.0395));
#1141=CARTESIAN_POINT('',(0.01825,0.014,-0.0395));
#1142=CARTESIAN_POINT('',(0.01825,0.0265,-0.0395));
#1143=CARTESIAN_POINT('',(0.01825,0.0265,-0.0395));
#1144=CARTESIAN_POINT('',(0.01825,0.014,-0.0395));
#1145=CARTESIAN_POINT('',(0.0125,0.0265,-0.0395));
#1146=CARTESIAN_POINT('',(0.0125,0.0265,-0.0395));
#1147=CARTESIAN_POINT('',(0.0125,0.01325,-0.0395));
#1148=CARTESIAN_POINT('',(0.0125,-0.025,-0.00749999999999987));
#1149=CARTESIAN_POINT('',(0.,-0.0221673177038837,-0.00749999999999987));
#1150=CARTESIAN_POINT('',(0.,-0.0223533401580306,-0.00749999999999987));
#1151=CARTESIAN_POINT('',(7.62506880079222E-6,-0.022598877868769,-0.00749999999999987));
#1152=CARTESIAN_POINT('',(3.84074859972517E-5,-0.0228817496547383,-0.00749999999999987));
#1153=CARTESIAN_POINT('',(6.1071085904663E-5,-0.0230266873548104,-0.00749999999999987));
#1154=CARTESIAN_POINT('',(0.000126235642372662,-0.0232842498163998,-0.00749999999999987));
#1155=CARTESIAN_POINT('',(0.000230154327989356,-0.0235575007015543,-0.00749999999999987));
#1156=CARTESIAN_POINT('',(0.000402899886403715,-0.0238615991992243,-0.00749999999999987));
#1157=CARTESIAN_POINT('',(0.000711192078611303,-0.0241730230953271,-0.00749999999999987));
#1158=CARTESIAN_POINT('',(0.0010593084146423,-0.0243540067728773,-0.00749999999999987));
#1159=CARTESIAN_POINT('',(0.00132793735218458,-0.0244387273979486,-0.00749999999999987));
#1160=CARTESIAN_POINT('',(0.00156765144974893,-0.024482765522458,-0.00749999999999987));
#1161=CARTESIAN_POINT('',(0.00173192233520632,-0.0244945367102909,-0.00749999999999987));
#1162=CARTESIAN_POINT('',(0.00190623510018325,-0.0244991874831833,-0.00749999999999987));
#1163=CARTESIAN_POINT('',(0.002,-0.0244991874810924,-0.00749999999999987));
#1164=CARTESIAN_POINT('',(0.00200000000000008,-0.0244990916159203,-0.00750003007733533));
#1165=CARTESIAN_POINT('',(0.00200000000000008,-0.0244990215864847,-0.00749999999999987));
#1166=CARTESIAN_POINT('',(0.00900000000000005,-0.0244990215864847,-0.00749999999999987));
#1167=CARTESIAN_POINT('',(0.016,-0.0244990215864847,-0.00749999999999987));
#1168=CARTESIAN_POINT('',(0.023,-0.0244990215864847,-0.00749999999999987));
#1169=CARTESIAN_POINT('',(0.023,-0.0244991045337884,-0.00749999999999987));
#1170=CARTESIAN_POINT('',(0.023,-0.024499187481092,-0.00749999999999987));
#1171=CARTESIAN_POINT('',(0.02309285472639,-0.0244991874831626,-0.00749999999999987));
#1172=CARTESIAN_POINT('',(0.0232656716597899,-0.0244946152031715,-0.00749999999999987));
#1173=CARTESIAN_POINT('',(0.0234286537672912,-0.0244831896511029,-0.00749999999999987));
#1174=CARTESIAN_POINT('',(0.023668089785568,-0.0244397478060085,-0.00749999999999987));
#1175=CARTESIAN_POINT('',(0.0239383896101963,-0.0243550258768875,-0.00749999999999987));
#1176=CARTESIAN_POINT('',(0.0242857209720403,-0.0241752839319061,-0.00749999999999987));
#1177=CARTESIAN_POINT('',(0.0245958836862647,-0.023863350058014,-0.00749999999999987));
#1178=CARTESIAN_POINT('',(0.0247686955748311,-0.023560013312086,-0.00749999999999987));
#1179=CARTESIAN_POINT('',(0.0248730740534149,-0.0232863584207617,-0.00749999999999987));
#1180=CARTESIAN_POINT('',(0.0249387209459909,-0.0230277971796858,-0.00749999999999987));
#1181=CARTESIAN_POINT('',(0.0249614216953873,-0.0228831345316052,-0.00749999999999987));
#1182=CARTESIAN_POINT('',(0.0249923504477251,-0.0225998503046524,-0.00749999999999987));
#1183=CARTESIAN_POINT('',(0.025,-0.0223538235194101,-0.00749999999999987));
#1184=CARTESIAN_POINT('',(0.025,-0.0221673177038837,-0.00749999999999987));
#1185=CARTESIAN_POINT('',(0.0125,-0.025,-0.0104999999999999));
#1186=CARTESIAN_POINT('',(0.023,-0.019,-0.0104999999999999));
#1187=CARTESIAN_POINT('',(0.0160000000000001,-0.019,-0.0104999999999999));
#1188=CARTESIAN_POINT('',(0.00900000000000022,-0.019,-0.0104999999999999));
#1189=CARTESIAN_POINT('',(0.00200000000000033,-0.019,-0.0104999999999999));
#1190=CARTESIAN_POINT('',(0.023,-0.019,-0.0104999999999999));
#1191=CARTESIAN_POINT('',(0.00200000000000032,-0.019,-0.0104999999999999));
#1192=CARTESIAN_POINT('',(0.002,-0.019,-0.0104999999999999));
#1193=CARTESIAN_POINT('',(0.002,-0.0168284271247462,-0.0104999999999999));
#1194=CARTESIAN_POINT('',(0.002,-0.0146568542494924,-0.0104999999999999));
#1195=CARTESIAN_POINT('',(0.002,-0.0124852813742386,-0.0104999999999999));
#1196=CARTESIAN_POINT('',(0.00199999999999966,-0.0124852813742386,-0.0104999999999999));
#1197=CARTESIAN_POINT('',(0.00199999999999966,-0.0124852813742386,-0.0104999999999999));
#1198=CARTESIAN_POINT('',(0.00899999999999808,-0.0124852813742386,-0.0104999999999999));
#1199=CARTESIAN_POINT('',(0.0159999999999965,-0.0124852813742386,-0.0104999999999999));
#1200=CARTESIAN_POINT('',(0.0229999999999949,-0.0124852813742386,-0.0104999999999999));
#1201=CARTESIAN_POINT('',(0.0229999999999949,-0.0124852813742386,-0.0104999999999999));
#1202=CARTESIAN_POINT('',(0.023,-0.0124852813742386,-0.0104999999999999));
#1203=CARTESIAN_POINT('',(0.023,-0.0146568542494924,-0.0104999999999999));
#1204=CARTESIAN_POINT('',(0.023,-0.0168284271247462,-0.0104999999999999));
#1205=CARTESIAN_POINT('',(0.023,-0.019,-0.0104999999999999));
#1206=CARTESIAN_POINT('',(0.0125,-0.025,0.00750000000000013));
#1207=CARTESIAN_POINT('',(0.025,-0.0221673177038837,0.00750000000000013));
#1208=CARTESIAN_POINT('',(0.025,-0.0223533401580262,0.00750000000000013));
#1209=CARTESIAN_POINT('',(0.0249923749311991,-0.0225988778687616,0.00750000000000013));
#1210=CARTESIAN_POINT('',(0.0249615925140029,-0.0228817496547321,0.00750000000000013));
#1211=CARTESIAN_POINT('',(0.0249389289140949,-0.0230266873548118,0.00750000000000013));
#1212=CARTESIAN_POINT('',(0.0248737643576294,-0.0232842498163995,0.00750000000000013));
#1213=CARTESIAN_POINT('',(0.0247698456720131,-0.0235575007015545,0.00750000000000013));
#1214=CARTESIAN_POINT('',(0.0245971001135963,-0.0238615991992234,0.00750000000000013));
#1215=CARTESIAN_POINT('',(0.0242888079213843,-0.0241730230953255,0.00750000000000013));
#1216=CARTESIAN_POINT('',(0.0239406915853581,-0.0243540067728754,0.00750000000000013));
#1217=CARTESIAN_POINT('',(0.0236720626478142,-0.0244387273979484,0.00750000000000013));
#1218=CARTESIAN_POINT('',(0.023432348550252,-0.0244827655224568,0.00750000000000013));
#1219=CARTESIAN_POINT('',(0.02326807766479,-0.0244945367102901,0.00750000000000013));
#1220=CARTESIAN_POINT('',(0.0230937648998152,-0.0244991874831828,0.00750000000000013));
#1221=CARTESIAN_POINT('',(0.023,-0.0244991874810922,0.00750000000000013));
#1222=CARTESIAN_POINT('',(0.0229999999999996,-0.0244990916159199,0.00750003007733542));
#1223=CARTESIAN_POINT('',(0.0229999999999996,-0.0244990215864847,0.00750000000000013));
#1224=CARTESIAN_POINT('',(0.0159999999999997,-0.0244990215864847,0.00750000000000013));
#1225=CARTESIAN_POINT('',(0.00899999999999979,-0.0244990215864847,0.00750000000000013));
#1226=CARTESIAN_POINT('',(0.00199999999999989,-0.0244990215864847,0.00750000000000013));
#1227=CARTESIAN_POINT('',(0.00199999999999989,-0.0244991045337884,0.00750000000000013));
#1228=CARTESIAN_POINT('',(0.002,-0.0244991874810922,0.00750000000000013));
#1229=CARTESIAN_POINT('',(0.00190714527361255,-0.0244991874831624,0.00750000000000013));
#1230=CARTESIAN_POINT('',(0.00173432834021694,-0.0244946152031709,0.00750000000000013));
#1231=CARTESIAN_POINT('',(0.00157134623270419,-0.0244831896511013,0.00750000000000013));
#1232=CARTESIAN_POINT('',(0.00133191021444373,-0.0244397478060105,0.00750000000000013));
#1233=CARTESIAN_POINT('',(0.00106161038979728,-0.0243550258768846,0.00750000000000013));
#1234=CARTESIAN_POINT('',(0.000714279027960129,-0.0241752839319077,0.00750000000000013));
#1235=CARTESIAN_POINT('',(0.000404116313734999,-0.0238633500580135,0.00750000000000013));
#1236=CARTESIAN_POINT('',(0.000231304425169364,-0.0235600133120835,0.00750000000000013));
#1237=CARTESIAN_POINT('',(0.00012692594658543,-0.02328635842076,0.00750000000000013));
#1238=CARTESIAN_POINT('',(6.12790540088859E-5,-0.0230277971796854,0.00750000000000013));
#1239=CARTESIAN_POINT('',(3.85783046126709E-5,-0.0228831345316075,0.00750000000000013));
#1240=CARTESIAN_POINT('',(7.6495522749216E-6,-0.0225998503046555,0.00750000000000013));
#1241=CARTESIAN_POINT('',(0.,-0.0223538235194119,0.00750000000000013));
#1242=CARTESIAN_POINT('',(0.,-0.0221673177038837,0.00750000000000013));
#1243=CARTESIAN_POINT('',(0.0125,-0.01,-0.0104999999999999));
#1244=CARTESIAN_POINT('',(0.0229999999999975,-0.00824264068711928,-0.0122573593128806));
#1245=CARTESIAN_POINT('',(0.0159999999999981,-0.00824264068711928,-0.0122573593128806));
#1246=CARTESIAN_POINT('',(0.0089999999999987,-0.00824264068711928,-0.0122573593128806));
#1247=CARTESIAN_POINT('',(0.00199999999999932,-0.00824264068711928,-0.0122573593128806));
#1248=CARTESIAN_POINT('',(0.0229999999999974,-0.00824264068711928,-0.0122573593128806));
#1249=CARTESIAN_POINT('',(0.00199999999999931,-0.00824264068711928,-0.0122573593128806));
#1250=CARTESIAN_POINT('',(0.002,-0.00824264068711928,-0.0122573593128806));
#1251=CARTESIAN_POINT('',(0.002,-0.00608088022903976,-0.0144191197709601));
#1252=CARTESIAN_POINT('',(0.002,-0.00391911977096024,-0.0165808802290396));
#1253=CARTESIAN_POINT('',(0.002,-0.00175735931288072,-0.0187426406871191));
#1254=CARTESIAN_POINT('',(0.0019999999999999,-0.00175735931288072,-0.0187426406871191));
#1255=CARTESIAN_POINT('',(0.0019999999999999,-0.00175735931288072,-0.0187426406871191));
#1256=CARTESIAN_POINT('',(0.0089999999999994,-0.00175735931288072,-0.0187426406871191));
#1257=CARTESIAN_POINT('',(0.0159999999999989,-0.00175735931288071,-0.0187426406871191));
#1258=CARTESIAN_POINT('',(0.0229999999999984,-0.00175735931288071,-0.0187426406871192));
#1259=CARTESIAN_POINT('',(0.0229999999999984,-0.00175735931288072,-0.0187426406871191));
#1260=CARTESIAN_POINT('',(0.023,-0.00175735931288072,-0.0187426406871191));
#1261=CARTESIAN_POINT('',(0.023,-0.00391911977096024,-0.0165808802290396));
#1262=CARTESIAN_POINT('',(0.023,-0.00608088022903976,-0.0144191197709601));
#1263=CARTESIAN_POINT('',(0.023,-0.00824264068711928,-0.0122573593128806));
#1264=CARTESIAN_POINT('',(0.00199999999999979,7.694446514151E-49,-0.0229852813742385));
#1265=CARTESIAN_POINT('',(0.023,7.694446514151E-49,-0.0229852813742385));
#1266=CARTESIAN_POINT('',(0.00199999999999979,1.91310401568527E-33,-0.0226124891681027));
#1267=CARTESIAN_POINT('',(0.023,1.91310401568527E-33,-0.0226124891681027));
#1268=CARTESIAN_POINT('',(0.00199999999999979,2.55390754378899E-18,-0.0222396969619669));
#1269=CARTESIAN_POINT('',(0.023,2.55390754378899E-18,-0.0222396969619669));
#1270=CARTESIAN_POINT('',(0.00199999999999979,-0.000175735931288067,-0.021152691193458));
#1271=CARTESIAN_POINT('',(0.023,-0.000175735931288067,-0.021152691193458));
#1272=CARTESIAN_POINT('',(0.00199999999999979,-0.000585786437626894,-0.0201627416997969));
#1273=CARTESIAN_POINT('',(0.023,-0.000585786437626894,-0.0201627416997969));
#1274=CARTESIAN_POINT('',(0.00199999999999979,-0.0012301515190165,-0.0192698484809834));
#1275=CARTESIAN_POINT('',(0.023,-0.0012301515190165,-0.0192698484809834));
#1276=CARTESIAN_POINT('',(0.00199999999999979,-0.0014937554159486,-0.0190062445840513));
#1277=CARTESIAN_POINT('',(0.023,-0.0014937554159486,-0.0190062445840513));
#1278=CARTESIAN_POINT('',(0.00199999999999979,-0.00175735931288071,-0.0187426406871191));
#1279=CARTESIAN_POINT('',(0.023,-0.00175735931288071,-0.0187426406871191));
#1280=CARTESIAN_POINT('',(0.002,-0.00175735931288071,-0.0187426406871191));
#1281=CARTESIAN_POINT('',(0.002,-0.00153768939877062,-0.0189623106012292));
#1282=CARTESIAN_POINT('',(0.002,-0.00106631437474272,-0.0194660460598176));
#1283=CARTESIAN_POINT('',(0.002,-0.000386710577964635,-0.020660180766106));
#1284=CARTESIAN_POINT('',(0.002,-2.28822827198013E-5,-0.0219851139677946));
#1285=CARTESIAN_POINT('',(0.002,-2.1512847532287E-35,-0.0226746212024586));
#1286=CARTESIAN_POINT('',(0.002,0.,-0.0229852813742384));
#1287=CARTESIAN_POINT('',(0.023,0.,-0.0229852813742384));
#1288=CARTESIAN_POINT('',(0.023,-2.15128475322869E-35,-0.0226746212024586));
#1289=CARTESIAN_POINT('',(0.023,-2.28822827197985E-5,-0.0219851139677946));
#1290=CARTESIAN_POINT('',(0.023,-0.000386710577964631,-0.020660180766106));
#1291=CARTESIAN_POINT('',(0.023,-0.00106631437474272,-0.0194660460598176));
#1292=CARTESIAN_POINT('',(0.023,-0.00153768939877062,-0.0189623106012292));
#1293=CARTESIAN_POINT('',(0.023,-0.00175735931288071,-0.0187426406871191));
#1294=CARTESIAN_POINT('',(0.023,-0.0124852813742386,-0.0104999999999999));
#1295=CARTESIAN_POINT('',(0.00199999999999932,-0.0124852813742386,-0.0104999999999999));
#1296=CARTESIAN_POINT('',(0.023,-0.0121124891681028,-0.0104999999999999));
#1297=CARTESIAN_POINT('',(0.00199999999999932,-0.0121124891681028,-0.0104999999999999));
#1298=CARTESIAN_POINT('',(0.023,-0.011739696961967,-0.0104999999999999));
#1299=CARTESIAN_POINT('',(0.00199999999999931,-0.011739696961967,-0.0104999999999999));
#1300=CARTESIAN_POINT('',(0.023,-0.0106526911934581,-0.0106757359312879));
#1301=CARTESIAN_POINT('',(0.00199999999999931,-0.0106526911934581,-0.0106757359312879));
#1302=CARTESIAN_POINT('',(0.023,-0.00966274169979696,-0.0110857864376268));
#1303=CARTESIAN_POINT('',(0.00199999999999931,-0.00966274169979696,-0.0110857864376268));
#1304=CARTESIAN_POINT('',(0.023,-0.0087698484809835,-0.0117301515190164));
#1305=CARTESIAN_POINT('',(0.00199999999999931,-0.0087698484809835,-0.0117301515190164));
#1306=CARTESIAN_POINT('',(0.023,-0.00850624458405139,-0.0119937554159485));
#1307=CARTESIAN_POINT('',(0.00199999999999931,-0.00850624458405139,-0.0119937554159485));
#1308=CARTESIAN_POINT('',(0.023,-0.00824264068711929,-0.0122573593128806));
#1309=CARTESIAN_POINT('',(0.00199999999999931,-0.00824264068711929,-0.0122573593128806));
#1310=CARTESIAN_POINT('',(0.002,-0.0124852813742386,-0.0104999999999999));
#1311=CARTESIAN_POINT('',(0.002,-0.0121746212024588,-0.0104999999999999));
#1312=CARTESIAN_POINT('',(0.002,-0.0114851139677948,-0.0105228822827197));
#1313=CARTESIAN_POINT('',(0.002,-0.0101601807661061,-0.0108867105779645));
#1314=CARTESIAN_POINT('',(0.002,-0.00896604605981768,-0.0115663143747426));
#1315=CARTESIAN_POINT('',(0.002,-0.00846231060122938,-0.0120376893987705));
#1316=CARTESIAN_POINT('',(0.002,-0.00824264068711929,-0.0122573593128806));
#1317=CARTESIAN_POINT('',(0.023,-0.00824264068711929,-0.0122573593128806));
#1318=CARTESIAN_POINT('',(0.023,-0.00846231060122937,-0.0120376893987705));
#1319=CARTESIAN_POINT('',(0.023,-0.00896604605981767,-0.0115663143747426));
#1320=CARTESIAN_POINT('',(0.023,-0.0101601807661061,-0.0108867105779645));
#1321=CARTESIAN_POINT('',(0.023,-0.0114851139677947,-0.0105228822827197));
#1322=CARTESIAN_POINT('',(0.023,-0.0121746212024588,-0.0104999999999999));
#1323=CARTESIAN_POINT('',(0.023,-0.0124852813742386,-0.0104999999999999));
#1324=CARTESIAN_POINT('',(0.023,-0.019,-0.0104999999999999));
#1325=CARTESIAN_POINT('',(0.002,-0.019,-0.0104999999999999));
#1326=CARTESIAN_POINT('',(0.023,-0.0195137391768226,-0.0104999999999999));
#1327=CARTESIAN_POINT('',(0.002,-0.0195137391768226,-0.0104999999999999));
#1328=CARTESIAN_POINT('',(0.023,-0.020564686844419,-0.0104837740906013));
#1329=CARTESIAN_POINT('',(0.00199999999999999,-0.020564686844419,-0.0104837740906013));
#1330=CARTESIAN_POINT('',(0.023,-0.0222629933136074,-0.00998462083023563));
#1331=CARTESIAN_POINT('',(0.00200000000000001,-0.0222629933136074,-0.00998462083023563));
#1332=CARTESIAN_POINT('',(0.023,-0.0236767841634694,-0.00898200054644227));
#1333=CARTESIAN_POINT('',(0.00199999999999999,-0.0236767841634694,-0.00898200054644227));
#1334=CARTESIAN_POINT('',(0.023,-0.0242908301056136,-0.00799485190601967));
#1335=CARTESIAN_POINT('',(0.002,-0.0242908301056136,-0.00799485190601967));
#1336=CARTESIAN_POINT('',(0.023,-0.0245152396617862,-0.00746188356446344));
#1337=CARTESIAN_POINT('',(0.002,-0.0245152396617862,-0.00746188356446344));
#1338=CARTESIAN_POINT('',(0.002,-0.0244990216091676,-0.00749999994724189));
#1339=CARTESIAN_POINT('',(0.002,-0.0242719488073647,-0.0080281475563109));
#1340=CARTESIAN_POINT('',(0.002,-0.0236548393049734,-0.00900325648455059));
#1341=CARTESIAN_POINT('',(0.002,-0.0222429246211339,-0.00999266239253902));
#1342=CARTESIAN_POINT('',(0.002,-0.0205549489141742,-0.0104841570585489));
#1343=CARTESIAN_POINT('',(0.002,-0.0195106727029846,-0.0104999999999999));
#1344=CARTESIAN_POINT('',(0.002,-0.019,-0.0104999999999999));
#1345=CARTESIAN_POINT('',(0.023,-0.019,-0.0104999999999999));
#1346=CARTESIAN_POINT('',(0.023,-0.0195106751260662,-0.0104999999999999));
#1347=CARTESIAN_POINT('',(0.023,-0.0205549566046254,-0.0104841567593057));
#1348=CARTESIAN_POINT('',(0.023,-0.0222429404873047,-0.00999265606348146));
#1349=CARTESIAN_POINT('',(0.023,-0.0236548567048702,-0.00900323975366974));
#1350=CARTESIAN_POINT('',(0.023,-0.0242719638207952,-0.0080281213143272));
#1351=CARTESIAN_POINT('',(0.023,-0.0244990345382808,-0.00749996987522855));
#1352=CARTESIAN_POINT('',(0.00199999999999989,-0.019,0.0105000000000001));
#1353=CARTESIAN_POINT('',(0.023,-0.019,0.0105000000000001));
#1354=CARTESIAN_POINT('',(0.00199999999999989,-0.0195137391768226,0.0105000000000001));
#1355=CARTESIAN_POINT('',(0.023,-0.0195137391768226,0.0105000000000001));
#1356=CARTESIAN_POINT('',(0.00199999999999989,-0.0205646868444188,0.0104837740906016));
#1357=CARTESIAN_POINT('',(0.023,-0.0205646868444188,0.0104837740906016));
#1358=CARTESIAN_POINT('',(0.00199999999999989,-0.0222629933136073,0.00998462083023592));
#1359=CARTESIAN_POINT('',(0.023,-0.0222629933136073,0.00998462083023592));
#1360=CARTESIAN_POINT('',(0.00199999999999989,-0.0236767841634694,0.00898200054644255));
#1361=CARTESIAN_POINT('',(0.023,-0.0236767841634694,0.00898200054644255));
#1362=CARTESIAN_POINT('',(0.00199999999999989,-0.0242908301056136,0.00799485190601993));
#1363=CARTESIAN_POINT('',(0.023,-0.0242908301056136,0.00799485190601993));
#1364=CARTESIAN_POINT('',(0.00199999999999989,-0.0245152396617862,0.00746188356446368));
#1365=CARTESIAN_POINT('',(0.023,-0.0245152396617862,0.00746188356446368));
#1366=CARTESIAN_POINT('',(0.023,-0.0244990216091676,0.00749999994724215));
#1367=CARTESIAN_POINT('',(0.023,-0.0242719488073647,0.00802814755631117));
#1368=CARTESIAN_POINT('',(0.023,-0.0236548393049734,0.00900325648455085));
#1369=CARTESIAN_POINT('',(0.023,-0.0222429246211339,0.00999266239253929));
#1370=CARTESIAN_POINT('',(0.023,-0.0205549489141741,0.0104841570585492));
#1371=CARTESIAN_POINT('',(0.023,-0.0195106727029846,0.0105000000000001));
#1372=CARTESIAN_POINT('',(0.023,-0.019,0.0105000000000001));
#1373=CARTESIAN_POINT('',(0.002,-0.019,0.0105000000000001));
#1374=CARTESIAN_POINT('',(0.002,-0.0195106751260662,0.0105000000000001));
#1375=CARTESIAN_POINT('',(0.002,-0.0205549566046254,0.0104841567593059));
#1376=CARTESIAN_POINT('',(0.00200000000000001,-0.0222429404873047,0.00999265606348172));
#1377=CARTESIAN_POINT('',(0.002,-0.0236548567048702,0.00900323975367));
#1378=CARTESIAN_POINT('',(0.002,-0.0242719638207952,0.00802812131432744));
#1379=CARTESIAN_POINT('',(0.002,-0.0244990345382808,0.00749996987522879));
#1380=CARTESIAN_POINT('',(0.002,-0.019,0.0105000000000001));
#1381=CARTESIAN_POINT('',(0.002,-0.0191902651979245,0.0105000000000001));
#1382=CARTESIAN_POINT('',(0.002,-0.0196165994637611,0.0105013649934251));
#1383=CARTESIAN_POINT('',(0.002,-0.0203872350723703,0.0104494476877638));
#1384=CARTESIAN_POINT('',(0.002,-0.0212025738572759,0.0102949547105691));
#1385=CARTESIAN_POINT('',(0.002,-0.0220403178582198,0.0100073209246421));
#1386=CARTESIAN_POINT('',(0.002,-0.0228686766113456,0.00956885617908827));
#1387=CARTESIAN_POINT('',(0.002,-0.023700028447028,0.00885466380211673));
#1388=CARTESIAN_POINT('',(0.002,-0.0242144372397812,0.00810701926150215));
#1389=CARTESIAN_POINT('',(0.002,-0.0244380325683777,0.00764582260877568));
#1390=CARTESIAN_POINT('',(0.002,-0.0245152918887196,0.00746210689899943));
#1391=CARTESIAN_POINT('',(0.0019375,-0.019,0.0105000000000001));
#1392=CARTESIAN_POINT('',(0.00193749999999994,-0.0191902651979245,0.010500000002613));
#1393=CARTESIAN_POINT('',(0.00193750000000003,-0.0196165994637606,0.0105013649922123));
#1394=CARTESIAN_POINT('',(0.00193749999999999,-0.0203872350723719,0.0104494476880893));
#1395=CARTESIAN_POINT('',(0.0019375,-0.0212025738572703,0.01029495471048));
#1396=CARTESIAN_POINT('',(0.0019375,-0.022040317858241,0.010007320924673));
#1397=CARTESIAN_POINT('',(0.0019375,-0.0228686766112668,0.00956885617905363));
#1398=CARTESIAN_POINT('',(0.0019375,-0.0237000284473222,0.00885466380222435));
#1399=CARTESIAN_POINT('',(0.0019375,-0.0242144372388388,0.00810701926116252));
#1400=CARTESIAN_POINT('',(0.0019375,-0.0244380325697063,0.00764582260925405));
#1401=CARTESIAN_POINT('',(0.0019375,-0.0245152918899128,0.00746210689942907));
#1402=CARTESIAN_POINT('',(0.00187492540147569,-0.019,0.0104999491373699));
#1403=CARTESIAN_POINT('',(0.00187492540147558,-0.0191902651979249,0.0104999491419474));
#1404=CARTESIAN_POINT('',(0.00187492540147575,-0.0196165982981319,0.0105013141003881));
#1405=CARTESIAN_POINT('',(0.00187492540147568,-0.0203872286971602,0.0104493971038296));
#1406=CARTESIAN_POINT('',(0.0018749254014757,-0.0212025608766402,0.0102949053499108));
#1407=CARTESIAN_POINT('',(0.0018749254014757,-0.0220402975504036,0.0100072740725532));
#1408=CARTESIAN_POINT('',(0.00187492540147569,-0.0228686481236307,0.00956881352537264));
#1409=CARTESIAN_POINT('',(0.00187492540147569,-0.0236999900359664,0.0088546296395403));
#1410=CARTESIAN_POINT('',(0.0018749254014757,-0.0242143931879393,0.00810699343035185));
#1411=CARTESIAN_POINT('',(0.00187492540147569,-0.0244379863960212,0.00764580118767011));
#1412=CARTESIAN_POINT('',(0.00187492540147569,-0.0245152450087269,0.00746208716526788));
#1413=CARTESIAN_POINT('',(0.00174793836805556,-0.019,0.0104964599609376));
#1414=CARTESIAN_POINT('',(0.00174793836805534,-0.0191902651979508,0.0104964599685783));
#1415=CARTESIAN_POINT('',(0.00174793836805565,-0.0196165183360242,0.0104978229823767));
#1416=CARTESIAN_POINT('',(0.00174793836805553,-0.0203867913575651,0.0104459270072082));
#1417=CARTESIAN_POINT('',(0.00174793836805556,-0.0212016704056984,0.0102915192193569));
#1418=CARTESIAN_POINT('',(0.00174793836805556,-0.022038904431693,0.0100040600155737));
#1419=CARTESIAN_POINT('',(0.00174793836805556,-0.022866693875771,0.00956588748460306));
#1420=CARTESIAN_POINT('',(0.00174793836805555,-0.0236973550021348,0.00885228607398963));
#1421=CARTESIAN_POINT('',(0.00174793836805557,-0.0242113713437346,0.00810522145385909));
#1422=CARTESIAN_POINT('',(0.00174793836805554,-0.0244348188142591,0.00764433164290028));
#1423=CARTESIAN_POINT('',(0.00174793836805554,-0.0245120288992336,0.00746073338015384));
#1424=CARTESIAN_POINT('',(0.00168353949652778,-0.019,0.0104930284288196));
#1425=CARTESIAN_POINT('',(0.00168353949652752,-0.0191902651979762,0.0104930284375585));
#1426=CARTESIAN_POINT('',(0.0016835394965279,-0.0196164396949623,0.0104943895416447));
#1427=CARTESIAN_POINT('',(0.00168353949652774,-0.02038636124321,0.0104425142394471));
#1428=CARTESIAN_POINT('',(0.00168353949652778,-0.0212007946461368,0.0102881890307725));
#1429=CARTESIAN_POINT('',(0.00168353949652778,-0.0220375343285336,0.0100008990576664));
#1430=CARTESIAN_POINT('',(0.00168353949652778,-0.022864771913891,0.00956300978466847));
#1431=CARTESIAN_POINT('',(0.00168353949652777,-0.0236947635012026,0.00884998122615832));
#1432=CARTESIAN_POINT('',(0.0016835394965278,-0.0242083994237883,0.0081034787522511));
#1433=CARTESIAN_POINT('',(0.00168353949652775,-0.0244317035628063,0.00764288637597342));
#1434=CARTESIAN_POINT('',(0.00168353949652775,-0.0245088659218703,0.00745940196046548));
#1435=CARTESIAN_POINT('',(0.00148741319444444,-0.019,0.0104743923611112));
#1436=CARTESIAN_POINT('',(0.00148741319444406,-0.0191902651981141,0.0104743923723303));
#1437=CARTESIAN_POINT('',(0.00148741319444462,-0.0196160126087216,0.010475743110196));
#1438=CARTESIAN_POINT('',(0.00148741319444439,-0.0203840253652478,0.010423980077338));
#1439=CARTESIAN_POINT('',(0.00148741319444445,-0.0211960385448102,0.0102701033426896));
#1440=CARTESIAN_POINT('',(0.00148741319444444,-0.0220300935311101,0.00998373243246853));
#1441=CARTESIAN_POINT('',(0.00148741319444445,-0.0228543340656829,0.00954738148546511));
#1442=CARTESIAN_POINT('',(0.00148741319444443,-0.0236806894996998,0.00883746398917603));
#1443=CARTESIAN_POINT('',(0.00148741319444449,-0.0241922594329255,0.00809401443646134));
#1444=CARTESIAN_POINT('',(0.00148741319444438,-0.0244147851598643,0.00763503737629408));
#1445=CARTESIAN_POINT('',(0.00148741319444439,-0.0244916883278007,0.00745217124585382));
#1446=CARTESIAN_POINT('',(0.00135243055555556,-0.019,0.0104505208333335));
#1447=CARTESIAN_POINT('',(0.0013524305555551,-0.0191902651982909,0.0104505208451566));
#1448=CARTESIAN_POINT('',(0.00135243055555577,-0.0196154655404662,0.01045185830837));
#1449=CARTESIAN_POINT('',(0.0013524305555555,-0.020381033265382,0.0104002390833407));
#1450=CARTESIAN_POINT('',(0.00135243055555557,-0.0211899463043973,0.0102469368136464));
#1451=CARTESIAN_POINT('',(0.00135243055555555,-0.0220205623786399,0.00996174315998665));
#1452=CARTESIAN_POINT('',(0.00135243055555556,-0.0228409638962947,0.00952736270340467));
#1453=CARTESIAN_POINT('',(0.00135243055555553,-0.0236626616663353,0.00882143026484238));
#1454=CARTESIAN_POINT('',(0.00135243055555562,-0.0241715852097498,0.00808189129575501));
#1455=CARTESIAN_POINT('',(0.00135243055555546,-0.0243931138418326,0.00762498334421051));
#1456=CARTESIAN_POINT('',(0.00135243055555547,-0.0244696850038001,0.00744290919469096));
#1457=CARTESIAN_POINT('',(0.00108506944444444,-0.019,0.0103723958333335));
#1458=CARTESIAN_POINT('',(0.00108506944444391,-0.0191902651988696,0.0103723958458094));
#1459=CARTESIAN_POINT('',(0.00108506944444469,-0.0196136751352666,0.0103736898666451));
#1460=CARTESIAN_POINT('',(0.00108506944444438,-0.0203712409385479,0.010322541284639));
#1461=CARTESIAN_POINT('',(0.00108506944444446,-0.0211700080630489,0.0101711190822775));
#1462=CARTESIAN_POINT('',(0.00108506944444444,-0.0219893695159996,0.00988977826821211));
#1463=CARTESIAN_POINT('',(0.00108506944444445,-0.0227972069783368,0.00946184668940623));
#1464=CARTESIAN_POINT('',(0.00108506944444442,-0.023603661484266,0.00876895625787773));
#1465=CARTESIAN_POINT('',(0.00108506944444452,-0.0241039241161976,0.00804221556270641));
#1466=CARTESIAN_POINT('',(0.00108506944444433,-0.0243221895276013,0.00759207923896732));
#1467=CARTESIAN_POINT('',(0.00108506944444434,-0.0243976741246481,0.00741259702703114));
#1468=CARTESIAN_POINT('',(0.000953124999999999,-0.019,0.0103183593750001));
#1469=CARTESIAN_POINT('',(0.000953124999999462,-0.01919026519927,0.0103183593875084));
#1470=CARTESIAN_POINT('',(0.000953125000000249,-0.0196124367716703,0.0103196233613132));
#1471=CARTESIAN_POINT('',(0.00095312499999993,-0.0203644679124873,0.0102688003071514));
#1472=CARTESIAN_POINT('',(0.000953125000000017,-0.0211562174461172,0.0101186784847617));
#1473=CARTESIAN_POINT('',(0.000953124999999996,-0.02196779445267,0.00984000255139643));
#1474=CARTESIAN_POINT('',(0.000953125000000004,-0.0227669417767618,0.0094165314463962));
#1475=CARTESIAN_POINT('',(0.000953124999999974,-0.0235628530249542,0.00873266173637657));
#1476=CARTESIAN_POINT('',(0.000953125000000078,-0.0240571251933085,0.00801477318073562));
#1477=CARTESIAN_POINT('',(0.000953124999999885,-0.0242731335433781,0.00756932056609738));
#1478=CARTESIAN_POINT('',(0.000953124999999897,-0.02434786659971,0.00739163111099751));
#1479=CARTESIAN_POINT('',(0.000708984374999999,-0.019,0.0101806640625001));
#1480=CARTESIAN_POINT('',(0.000708984374999501,-0.0191902652002904,0.0101806640750486));
#1481=CARTESIAN_POINT('',(0.00070898437500023,-0.0196092811825061,0.0101818514832884));
#1482=CARTESIAN_POINT('',(0.000708984374999935,-0.0203472089364416,0.0101318579368013));
#1483=CARTESIAN_POINT('',(0.000708984375000016,-0.0211210762957431,0.00998504973326194));
#1484=CARTESIAN_POINT('',(0.000708984374999996,-0.0219128170322576,0.00971316442963066));
#1485=CARTESIAN_POINT('',(0.000708984375000002,-0.0226898202088945,0.00930105947173867));
#1486=CARTESIAN_POINT('',(0.000708984374999985,-0.023458865203932,0.00864017629905564));
#1487=CARTESIAN_POINT('',(0.000708984375000046,-0.0239378725163233,0.00794484470138178));
#1488=CARTESIAN_POINT('',(0.00070898437499993,-0.0241481294389808,0.00751132708040298));
#1489=CARTESIAN_POINT('',(0.000708984374999938,-0.0242209474246976,0.00733820591531451));
#1490=CARTESIAN_POINT('',(0.000597222222222221,-0.019,0.0100972222222223));
#1491=CARTESIAN_POINT('',(0.000597222222221771,-0.019190265200909,0.0100972222347622));
#1492=CARTESIAN_POINT('',(0.00059722222222243,-0.0196073689302859,0.0100983632451625));
#1493=CARTESIAN_POINT('',(0.000597222222222164,-0.0203367501873642,0.0100488723711556));
#1494=CARTESIAN_POINT('',(0.000597222222222235,-0.0210997811463044,0.00990407218408787));
#1495=CARTESIAN_POINT('',(0.000597222222222219,-0.0218795013220152,0.00963630192715756));
#1496=CARTESIAN_POINT('',(0.000597222222222221,-0.0226430853895968,0.00923108472901914));
#1497=CARTESIAN_POINT('',(0.000597222222222217,-0.0233958497316147,0.00858413114436571));
#1498=CARTESIAN_POINT('',(0.000597222222222237,-0.0238656067097144,0.0079024688143702));
#1499=CARTESIAN_POINT('',(0.000597222222222197,-0.0240723783307831,0.0074761836678682));
#1500=CARTESIAN_POINT('',(0.000597222222222199,-0.0241440358048367,0.00730583083612846));
#1501=CARTESIAN_POINT('',(0.000402777777777777,-0.019,0.0099027777777779));
#1502=CARTESIAN_POINT('',(0.00040277777777742,-0.0191902652023505,0.00990277779031688));
#1503=CARTESIAN_POINT('',(0.000402777777777941,-0.0196029128106779,0.00990381067984602));
#1504=CARTESIAN_POINT('',(0.000402777777777731,-0.0203123781739095,0.00985549118307328));
#1505=CARTESIAN_POINT('',(0.000402777777777787,-0.0210501570789519,0.00971537027495858));
#1506=CARTESIAN_POINT('',(0.000402777777777776,-0.021801865752764,0.00945718930761058));
#1507=CARTESIAN_POINT('',(0.000402777777777772,-0.0225341792827283,0.00906802264975568));
#1508=CARTESIAN_POINT('',(0.000402777777777793,-0.023249004833837,0.00845352917140895));
#1509=CARTESIAN_POINT('',(0.00040277777777773,-0.0236972057663485,0.00780372032343828));
#1510=CARTESIAN_POINT('',(0.00040277777777784,-0.0238958555923142,0.00739428900563201));
#1511=CARTESIAN_POINT('',(0.000402777777777834,-0.0239648087270941,0.00723038721857453));
#1512=CARTESIAN_POINT('',(0.000319335937499999,-0.019,0.00979101562500012));
#1513=CARTESIAN_POINT('',(0.000319335937499682,-0.0191902652031792,0.00979101563753859));
#1514=CARTESIAN_POINT('',(0.000319335937500145,-0.0196003515365727,0.00979198638170095));
#1515=CARTESIAN_POINT('',(0.000319335937499958,-0.0202983697063547,0.00974434016536972));
#1516=CARTESIAN_POINT('',(0.000319335937500008,-0.021021634317025,0.0096069087981711));
#1517=CARTESIAN_POINT('',(0.000319335937499999,-0.0217572426298127,0.00935423953186649));
#1518=CARTESIAN_POINT('',(0.000319335937499991,-0.0224715825806777,0.00897429835196474));
#1519=CARTESIAN_POINT('',(0.000319335937500024,-0.0231646017954938,0.00837846218918493));
#1520=CARTESIAN_POINT('',(0.000319335937499926,-0.0236004128134094,0.0077469619832263));
#1521=CARTESIAN_POINT('',(0.0003193359375001,-0.0237943944200915,0.00734721785490474));
#1522=CARTESIAN_POINT('',(0.000319335937500089,-0.0238617931634363,0.00718702397857422));
#1523=CARTESIAN_POINT('',(0.000181640624999999,-0.019,0.00954687500000013));
#1524=CARTESIAN_POINT('',(0.000181640624999706,-0.0191902652049895,0.0095468750125374));
#1525=CARTESIAN_POINT('',(0.000181640625000134,-0.0195947565203236,0.00954771000225787));
#1526=CARTESIAN_POINT('',(0.000181640624999962,-0.020267768684997,0.0095015345441726));
#1527=CARTESIAN_POINT('',(0.000181640625000007,-0.0209593273128157,0.009369978387713));
#1528=CARTESIAN_POINT('',(0.000181640624999999,-0.0216597649340453,0.00912934924504691));
#1529=CARTESIAN_POINT('',(0.00018164062499999,-0.0223348422121207,0.00876956080824668));
#1530=CARTESIAN_POINT('',(0.00018164062500003,-0.0229802262262975,0.00821448091733632));
#1531=CARTESIAN_POINT('',(0.000181640624999907,-0.0233889718967949,0.0076229753177147));
#1532=CARTESIAN_POINT('',(0.000181640625000126,-0.0235727559370808,0.00724439252564611));
#1533=CARTESIAN_POINT('',(0.000181640625000113,-0.0236367591651546,0.00709229845430168));
#1534=CARTESIAN_POINT('',(0.000127604166666665,-0.019,0.00941493055555568));
#1535=CARTESIAN_POINT('',(0.000127604166666358,-0.0191902652059678,0.00941493056809227));
#1536=CARTESIAN_POINT('',(0.000127604166666807,-0.0195917327248752,0.00941569219007887));
#1537=CARTESIAN_POINT('',(0.000127604166666627,-0.02025123053301,0.00937031159511674));
#1538=CARTESIAN_POINT('',(0.000127604166666674,-0.0209256538385408,0.00924193066366098));
#1539=CARTESIAN_POINT('',(0.000127604166666665,-0.0216070836549106,0.00900780853892574));
#1540=CARTESIAN_POINT('',(0.000127604166666657,-0.0222609416396028,0.00865891154017506));
#1541=CARTESIAN_POINT('',(0.000127604166666694,-0.0228805814742341,0.0081258581499728));
#1542=CARTESIAN_POINT('',(0.00012760416666658,-0.0232746998280824,0.00755596741315378));
#1543=CARTESIAN_POINT('',(0.000127604166666784,-0.0234529726502626,0.0071888211477001));
#1544=CARTESIAN_POINT('',(0.000127604166666771,-0.0235151407909721,0.00704110457096149));
#1545=CARTESIAN_POINT('',(4.94791666666652E-5,-0.019,0.00914756944444457));
#1546=CARTESIAN_POINT('',(4.94791666663247E-5,-0.0191902652079502,0.00914756945697963));
#1547=CARTESIAN_POINT('',(4.94791666668225E-5,-0.019585605560414,0.00914818241276887));
#1548=CARTESIAN_POINT('',(4.94791666666227E-5,-0.0202177190145098,0.00910441246150351));
#1549=CARTESIAN_POINT('',(4.94791666666756E-5,-0.0208574207459311,0.00898246553860822));
#1550=CARTESIAN_POINT('',(4.94791666666639E-5,-0.0215003347471902,0.00876152868704864));
#1551=CARTESIAN_POINT('',(4.94791666666602E-5,-0.0221111957426586,0.00843470118118781));
#1552=CARTESIAN_POINT('',(4.94791666666844E-5,-0.0226786697397897,0.00794628043715724));
#1553=CARTESIAN_POINT('',(4.94791666666086E-5,-0.0230431485309544,0.00742018823812244));
#1554=CARTESIAN_POINT('',(4.9479166666744E-5,-0.0232102538848676,0.00707621598712527));
#1555=CARTESIAN_POINT('',(4.94791666667359E-5,-0.0232687035590758,0.00693736959682476));
#1556=CARTESIAN_POINT('',(2.56076388888873E-5,-0.019,0.00901258680555569));
#1557=CARTESIAN_POINT('',(2.56076388885287E-5,-0.019190265208951,0.00901258681808989));
#1558=CARTESIAN_POINT('',(2.56076388890532E-5,-0.0195825121380968,0.00901312471675688));
#1559=CARTESIAN_POINT('',(2.56076388888427E-5,-0.0202008000498125,0.00897016793138385));
#1560=CARTESIAN_POINT('',(2.56076388888986E-5,-0.0208229718956039,0.00885146934722606));
#1561=CARTESIAN_POINT('',(2.56076388888853E-5,-0.021446440412286,0.00863718934624706));
#1562=CARTESIAN_POINT('',(2.56076388888845E-5,-0.0220355935122209,0.0083215040681277));
#1563=CARTESIAN_POINT('',(2.56076388888997E-5,-0.0225767305361985,0.00785561701396626));
#1564=CARTESIAN_POINT('',(2.56076388888513E-5,-0.0229262451975019,0.00735163738839072));
#1565=CARTESIAN_POINT('',(2.56076388889374E-5,-0.0230877124302606,0.0070193650050818));
#1566=CARTESIAN_POINT('',(2.56076388889322E-5,-0.0231442847618035,0.00688499690696027));
#1567=CARTESIAN_POINT('',(6.97157118055387E-6,-0.019,0.00881646050347235));
#1568=CARTESIAN_POINT('',(6.97157118024525E-6,-0.0191902652104051,0.0088164605160052));
#1569=CARTESIAN_POINT('',(6.9715711806969E-6,-0.0195780174750434,0.00881688935860446));
#1570=CARTESIAN_POINT('',(6.97157118051554E-6,-0.0201762172293218,0.00877511408235545));
#1571=CARTESIAN_POINT('',(6.97157118056383E-6,-0.0207729186022224,0.00866113525082474));
#1572=CARTESIAN_POINT('',(6.97157118055173E-6,-0.0213681333300195,0.00845652748250198));
#1573=CARTESIAN_POINT('',(6.97157118055307E-6,-0.0219257454161468,0.00815703157467419));
#1574=CARTESIAN_POINT('',(6.97157118055896E-6,-0.0224286154956107,0.00772388539224787));
#1575=CARTESIAN_POINT('',(6.97157118053956E-6,-0.0227563876611551,0.00725203476709646));
#1576=CARTESIAN_POINT('',(6.9715711805738E-6,-0.0229096628489083,0.0069367619905773));
#1577=CARTESIAN_POINT('',(6.97157118057174E-6,-0.0229635074498502,0.0068089007357946));
#1578=CARTESIAN_POINT('',(3.54003906249829E-6,-0.019,0.00875206163194458));
#1579=CARTESIAN_POINT('',(3.54003906221955E-6,-0.0191902652108825,0.00875206164447696));
#1580=CARTESIAN_POINT('',(3.54003906262753E-6,-0.0195765416340907,0.00875245467807143));
#1581=CARTESIAN_POINT('',(3.54003906246368E-6,-0.0201681453599104,0.00871106735516411));
#1582=CARTESIAN_POINT('',(3.54003906250736E-6,-0.0207564833991121,0.00859863827366613));
#1583=CARTESIAN_POINT('',(3.54003906249625E-6,-0.0213424208800471,0.0083972064224009));
#1584=CARTESIAN_POINT('',(3.54003906249799E-6,-0.0218896763455963,0.00810302636036456));
#1585=CARTESIAN_POINT('',(3.54003906250144E-6,-0.0223799813176916,0.00768063077676246));
#1586=CARTESIAN_POINT('',(3.54003906248968E-6,-0.0227006142460394,0.00721932983999375));
#1587=CARTESIAN_POINT('',(3.54003906251027E-6,-0.0228511995423896,0.00690963895372616));
#1588=CARTESIAN_POINT('',(3.54003906250904E-6,-0.0229041484818589,0.00678391424750313));
#1589=CARTESIAN_POINT('',(5.08626302065981E-8,-0.019,0.00862507459852444));
#1590=CARTESIAN_POINT('',(5.08626300305886E-8,-0.0191902652118239,0.00862507461105587));
#1591=CARTESIAN_POINT('',(5.0862630288261E-8,-0.0195736314485557,0.00862539703348626));
#1592=CARTESIAN_POINT('',(5.08626301847411E-8,-0.0201522285786625,0.00858477470913863));
#1593=CARTESIAN_POINT('',(5.0862630212393E-8,-0.0207240751031726,0.00847540155322647));
#1594=CARTESIAN_POINT('',(5.08626302052088E-8,-0.0212917189396792,0.00828023223849265));
#1595=CARTESIAN_POINT('',(5.08626302067948E-8,-0.0218185523622288,0.00799653440186121));
#1596=CARTESIAN_POINT('',(5.08626302072387E-8,-0.0222840804139915,0.00759533774022452));
#1597=CARTESIAN_POINT('',(5.08626302051592E-8,-0.022590635602606,0.00715483955355754));
#1598=CARTESIAN_POINT('',(5.08626302085885E-8,-0.0227359167481011,0.00685615550121589));
#1599=CARTESIAN_POINT('',(5.08626302083853E-8,-0.0227870995480301,0.00673464381855855));
#1600=CARTESIAN_POINT('',(-1.7347234759768E-18,-0.019,0.00856250000000013));
#1601=CARTESIAN_POINT('',(-1.04877701079047E-16,-0.0191902652122878,0.00856250001253108));
#1602=CARTESIAN_POINT('',(4.61323349254104E-17,-0.0195721974148076,0.00856278764034409));
#1603=CARTESIAN_POINT('',(-1.45549614762265E-17,-0.0201443853668829,0.00852254227950566));
#1604=CARTESIAN_POINT('',(1.67917012363442E-18,-0.0207081054718438,0.00841467497274602));
#1605=CARTESIAN_POINT('',(-2.57005987417205E-18,-0.0212667348647112,0.00822259160859031));
#1606=CARTESIAN_POINT('',(-1.54572152074714E-18,-0.021783505046099,0.00794405903197548));
#1607=CARTESIAN_POINT('',(-1.65539489870026E-18,-0.0222368239312977,0.00755330842924266));
#1608=CARTESIAN_POINT('',(-1.7460013662406E-18,-0.0225364421210061,0.00712306108237214));
#1609=CARTESIAN_POINT('',(-1.73977232192964E-18,-0.0226791095735804,0.00682980079807505));
#1610=CARTESIAN_POINT('',(-1.73726009791159E-18,-0.0227294220840815,0.00671036514043456));
#1611=CARTESIAN_POINT('',(-1.7347234759768E-18,-0.019,0.00850000000000013));
#1612=CARTESIAN_POINT('',(-1.7347234759768E-18,-0.0191902652127511,0.0085000000125306));
#1613=CARTESIAN_POINT('',(-1.73472347597681E-18,-0.0195707650906479,0.00850025288720674));
#1614=CARTESIAN_POINT('',(-1.73472347597681E-18,-0.0201365515054153,0.00846038404047917));
#1615=CARTESIAN_POINT('',(-1.7347234759768E-18,-0.0206921548787662,0.00835402078766875));
#1616=CARTESIAN_POINT('',(-1.73472347597681E-18,-0.0212417805745948,0.00816501969516449));
#1617=CARTESIAN_POINT('',(-1.73472347597681E-18,-0.0217484995117484,0.00789164622078366));
#1618=CARTESIAN_POINT('',(-1.7347234759768E-18,-0.0221896237855834,0.0075113292236494));
#1619=CARTESIAN_POINT('',(-1.73472347597681E-18,-0.0224823132463529,0.00709132049600119));
#1620=CARTESIAN_POINT('',(-1.73472347597681E-18,-0.0226223701219294,0.00680347751378481));
#1621=CARTESIAN_POINT('',(-1.73472347597681E-18,-0.0226718133805212,0.00668611540622076));
#1622=CARTESIAN_POINT('',(0.,-0.019,0.00850000000000015));
#1623=CARTESIAN_POINT('',(0.,-0.019,0.00875000000000014));
#1624=CARTESIAN_POINT('',(2.60416666666552E-5,-0.019,0.00928645833333343));
#1625=CARTESIAN_POINT('',(0.000440104166666649,-0.019,0.0100598958333335));
#1626=CARTESIAN_POINT('',(0.00121354166666666,-0.019,0.0104739583333335));
#1627=CARTESIAN_POINT('',(0.00175,-0.019,0.0105000000000002));
#1628=CARTESIAN_POINT('',(0.002,-0.019,0.0105000000000002));
#1629=CARTESIAN_POINT('',(0.00200000000000001,0.0333191010151586,0.0105000000000002));
#1630=CARTESIAN_POINT('',(0.00200000000000001,-0.019,0.0105000000000002));
#1631=CARTESIAN_POINT('',(0.00170000000000001,0.0333191010151586,0.0105000000000002));
#1632=CARTESIAN_POINT('',(0.00170000000000001,-0.019,0.0105000000000002));
#1633=CARTESIAN_POINT('',(0.00140000000000002,0.0333191010151586,0.0105000000000002));
#1634=CARTESIAN_POINT('',(0.00140000000000002,-0.019,0.0105000000000002));
#1635=CARTESIAN_POINT('',(0.000666666666666662,0.0333191010151586,0.0103000000000002));
#1636=CARTESIAN_POINT('',(0.000666666666666662,-0.019,0.0103000000000002));
#1637=CARTESIAN_POINT('',(0.000199999999999994,0.0333191010151586,0.00983333333333349));
#1638=CARTESIAN_POINT('',(0.000199999999999994,-0.019,0.00983333333333349));
#1639=CARTESIAN_POINT('',(-3.97303717702974E-18,0.0333191010151586,0.00910000000000014));
#1640=CARTESIAN_POINT('',(-3.97303717702974E-18,-0.019,0.00910000000000014));
#1641=CARTESIAN_POINT('',(2.54222752659116E-33,0.0333191010151586,0.00880000000000014));
#1642=CARTESIAN_POINT('',(2.54222752659116E-33,-0.019,0.00880000000000014));
#1643=CARTESIAN_POINT('',(0.,0.0333191010151586,0.00850000000000014));
#1644=CARTESIAN_POINT('',(0.,-0.019,0.00850000000000014));
#1645=CARTESIAN_POINT('',(0.00199999860333007,0.0330000455800797,0.0105000000000002));
#1646=CARTESIAN_POINT('',(0.00194087889339098,0.0329982416761473,0.0105000000000001));
#1647=CARTESIAN_POINT('',(0.00180642154271802,0.0329963402668459,0.010501833403728));
#1648=CARTESIAN_POINT('',(0.00148176664947054,0.0330009926279666,0.0104780653301324));
#1649=CARTESIAN_POINT('',(0.00121278228572067,0.0330059936260131,0.0104133062006098));
#1650=CARTESIAN_POINT('',(0.00107175150028334,0.0330072545828332,0.0103639846863416));
#1651=CARTESIAN_POINT('',(0.000913312818927684,0.0330066174714807,0.0102966499406708));
#1652=CARTESIAN_POINT('',(0.000738926782640593,0.0330040016358541,0.0101994422621651));
#1653=CARTESIAN_POINT('',(0.000594653259773243,0.0330010852026929,0.0100894258369355));
#1654=CARTESIAN_POINT('',(0.000525710653178578,0.0330001683354155,0.0100250290150503));
#1655=CARTESIAN_POINT('',(0.000511667625754288,0.0329999626709715,0.0100126539005246));
#1656=CARTESIAN_POINT('',(0.000425706229056847,0.0329999801773028,0.00992244217067799));
#1657=CARTESIAN_POINT('',(0.000344819676134226,0.0329999372808845,0.00982067883120168));
#1658=CARTESIAN_POINT('',(0.000209138856112112,0.0329999167987516,0.00961562351549859));
#1659=CARTESIAN_POINT('',(0.000101736434486563,0.0329999581112699,0.00934756976259654));
#1660=CARTESIAN_POINT('',(4.04332223383741E-5,0.0329999831912918,0.00909905964985473));
#1661=CARTESIAN_POINT('',(4.88597699254401E-6,0.0330002262923263,0.00884474386330636));
#1662=CARTESIAN_POINT('',(-6.94909304049942E-7,0.0329969612400692,0.00858601809789022));
#1663=CARTESIAN_POINT('',(9.57010932217939E-16,0.0329985227843605,0.00852342608091263));
#1664=CARTESIAN_POINT('',(9.23438358092134E-20,0.0330001004895256,0.00850000677996849));
#1665=CARTESIAN_POINT('',(0.00199999999999999,0.035,-0.0509769120793905));
#1666=CARTESIAN_POINT('',(0.00199999999999999,0.035,0.00886248721494621));
#1667=CARTESIAN_POINT('',(0.0017,0.035,-0.0509769120793905));
#1668=CARTESIAN_POINT('',(0.0017,0.035,0.00886248721494621));
#1669=CARTESIAN_POINT('',(0.0014,0.035,-0.0509769120793905));
#1670=CARTESIAN_POINT('',(0.0014,0.035,0.00886248721494621));
#1671=CARTESIAN_POINT('',(0.000666666666666665,0.0348,-0.0509769120793905));
#1672=CARTESIAN_POINT('',(0.000666666666666665,0.0348,0.00886248721494621));
#1673=CARTESIAN_POINT('',(0.0002,0.0343333333333332,-0.0509769120793905));
#1674=CARTESIAN_POINT('',(0.0002,0.0343333333333332,0.00886248721494621));
#1675=CARTESIAN_POINT('',(3.47315256592821E-33,0.0336,-0.0509769120793905));
#1676=CARTESIAN_POINT('',(3.47315256592821E-33,0.0336,0.00886248721494621));
#1677=CARTESIAN_POINT('',(3.47315256592821E-33,0.0333,-0.0509769120793905));
#1678=CARTESIAN_POINT('',(3.47315256592821E-33,0.0333,0.00886248721494621));
#1679=CARTESIAN_POINT('',(0.,0.033,-0.0509769120793905));
#1680=CARTESIAN_POINT('',(0.,0.033,0.00886248721494621));
#1681=CARTESIAN_POINT('',(0.00199999999999999,0.035,-0.0486221330321909));
#1682=CARTESIAN_POINT('',(0.0018938651238944,0.035,-0.0487282679082993));
#1683=CARTESIAN_POINT('',(0.00172810339804897,0.0349991450726745,-0.0488962919062565));
#1684=CARTESIAN_POINT('',(0.00152382471113497,0.03497778226385,-0.049099426692763));
#1685=CARTESIAN_POINT('',(0.00139529923713331,0.0349549321270038,-0.0492270555478787));
#1686=CARTESIAN_POINT('',(0.00131974897392065,0.0349395742002588,-0.0493023694676986));
#1687=CARTESIAN_POINT('',(0.00115757909029211,0.0348947599724486,-0.0494643905513646));
#1688=CARTESIAN_POINT('',(0.0010123694374985,0.034840032885686,-0.0496102437108533));
#1689=CARTESIAN_POINT('',(0.000911121710480902,0.0347943095447656,-0.0497135787174075));
#1690=CARTESIAN_POINT('',(0.000767038411954046,0.0347137576172972,-0.04985572327042));
#1691=CARTESIAN_POINT('',(0.000656160883380043,0.0346402456806328,-0.049965834944252));
#1692=CARTESIAN_POINT('',(0.000476802736732278,0.0344858399369275,-0.050145250463511));
#1693=CARTESIAN_POINT('',(0.000300547403493503,0.0342686855907255,-0.0503215701513259));
#1694=CARTESIAN_POINT('',(0.000134588272743851,0.0339780813530172,-0.0504871368242286));
#1695=CARTESIAN_POINT('',(2.60416722365169E-5,0.0335434200426689,-0.0505973306429813));
#1696=CARTESIAN_POINT('',(3.14933272695181E-6,0.0332891501636662,-0.0506168345770593));
#1697=CARTESIAN_POINT('',(1.17488942329582E-33,0.0331014832548522,-0.0506221330321909));
#1698=CARTESIAN_POINT('',(0.,0.033,-0.0506221330321909));
#1699=CARTESIAN_POINT('',(2.74012609516436E-17,0.0330000452221304,0.00850025736553266));
#1700=CARTESIAN_POINT('',(2.10224068334817E-14,0.0330115951193414,0.00849822800030037));
#1701=CARTESIAN_POINT('',(-6.89891473604904E-7,0.0330541550959641,0.00849694922641053));
#1702=CARTESIAN_POINT('',(2.30429084779362E-6,0.0332393695956681,0.00849926182048538));
#1703=CARTESIAN_POINT('',(1.0497839030916E-5,0.0333562471731756,0.00849985280243477));
#1704=CARTESIAN_POINT('',(1.75274932325809E-5,0.0334277352266391,0.00850002850351164));
#1705=CARTESIAN_POINT('',(3.52912009117037E-5,0.033559845707101,0.00850006639498056));
#1706=CARTESIAN_POINT('',(7.27475603605588E-5,0.0337394550971188,0.00850017288338964));
#1707=CARTESIAN_POINT('',(0.000120997228620017,0.0338823115150187,0.00850028610763901));
#1708=CARTESIAN_POINT('',(0.000122710571587969,0.0338878234956029,0.00850020853957357));
#1709=CARTESIAN_POINT('',(0.000170089845399359,0.0340133330700765,0.00850067837037696));
#1710=CARTESIAN_POINT('',(0.000244478414296235,0.0341668875971064,0.00850082139978526));
#1711=CARTESIAN_POINT('',(0.000367521972392541,0.0343594511706374,0.00850029904325285));
#1712=CARTESIAN_POINT('',(0.000534658580545842,0.0345395879245292,0.00849977207084499));
#1713=CARTESIAN_POINT('',(0.000651359840042705,0.0346357640563496,0.00849981570269736));
#1714=CARTESIAN_POINT('',(0.000826040626350049,0.0347517699552082,0.00850009553246562));
#1715=CARTESIAN_POINT('',(0.00101026856082426,0.0348426116856475,0.00850136760316474));
#1716=CARTESIAN_POINT('',(0.00119228258291692,0.0349041681766519,0.00849964726835006));
#1717=CARTESIAN_POINT('',(0.00122883158614497,0.0349145903878887,0.0085001544560287));
#1718=CARTESIAN_POINT('',(0.00133405415143398,0.0349428006675937,0.00850516296859442));
#1719=CARTESIAN_POINT('',(0.00141602529758998,0.0349594732961886,0.00850722429385394));
#1720=CARTESIAN_POINT('',(0.00152359639960297,0.0349765385303416,0.00850776479949194));
#1721=CARTESIAN_POINT('',(0.00162448733176143,0.0349886094542912,0.00850683381282791));
#1722=CARTESIAN_POINT('',(0.00175944895323656,0.0349971442619737,0.00850391526241131));
#1723=CARTESIAN_POINT('',(0.00191844517165524,0.0350006648020955,0.00850075930941034));
#1724=CARTESIAN_POINT('',(0.00197699762641273,0.035,0.00849999999648312));
#1725=CARTESIAN_POINT('',(0.00200000000256072,0.035,0.00849999999648312));
#1726=CARTESIAN_POINT('',(-0.000150000000000088,0.033,-0.0506221330321909));
#1727=CARTESIAN_POINT('',(0.0251500000000148,0.033,-0.0506221330321909));
#1728=CARTESIAN_POINT('',(-0.000150000000000088,0.0333,-0.0506221330321909));
#1729=CARTESIAN_POINT('',(0.0251500000000148,0.0333,-0.0506221330321909));
#1730=CARTESIAN_POINT('',(-0.000150000000000088,0.0336,-0.0506221330321909));
#1731=CARTESIAN_POINT('',(0.0251500000000148,0.0336,-0.0506221330321909));
#1732=CARTESIAN_POINT('',(-0.000150000000000088,0.0343333333333334,-0.050422133032191));
#1733=CARTESIAN_POINT('',(0.0251500000000148,0.0343333333333334,-0.050422133032191));
#1734=CARTESIAN_POINT('',(-0.000150000000000088,0.0348,-0.0499554663655241));
#1735=CARTESIAN_POINT('',(0.0251500000000148,0.0348,-0.0499554663655241));
#1736=CARTESIAN_POINT('',(-0.000150000000000088,0.035,-0.0492221330321909));
#1737=CARTESIAN_POINT('',(0.0251500000000148,0.035,-0.0492221330321909));
#1738=CARTESIAN_POINT('',(-0.000150000000000088,0.035,-0.0489221330321909));
#1739=CARTESIAN_POINT('',(0.0251500000000148,0.035,-0.0489221330321909));
#1740=CARTESIAN_POINT('',(-0.000150000000000088,0.035,-0.0486221330321909));
#1741=CARTESIAN_POINT('',(0.0251500000000148,0.035,-0.0486221330321909));
#1742=CARTESIAN_POINT('',(0.023,0.035,-0.0486221330321909));
#1743=CARTESIAN_POINT('',(0.0231061348756524,0.035,-0.0487282679078607));
#1744=CARTESIAN_POINT('',(0.0232741588732616,0.0349991450727093,-0.0488940296333516));
#1745=CARTESIAN_POINT('',(0.0234772936599821,0.0349777822639369,-0.0490983083204561));
#1746=CARTESIAN_POINT('',(0.0236049225153607,0.034954932127074,-0.0492268337947228));
#1747=CARTESIAN_POINT('',(0.0236802364355482,0.0349395742002548,-0.0493023840583098));
#1748=CARTESIAN_POINT('',(0.0238422575193426,0.0348947599723934,-0.0494645539420793));
#1749=CARTESIAN_POINT('',(0.0239881106789357,0.0348400328855664,-0.0496097635949734));
#1750=CARTESIAN_POINT('',(0.0240914456851196,0.0347943095448091,-0.0497110113216102));
#1751=CARTESIAN_POINT('',(0.0242335902382724,0.0347137576172742,-0.0498550946202818));
#1752=CARTESIAN_POINT('',(0.0243437019120486,0.0346402456806399,-0.049965972148798));
#1753=CARTESIAN_POINT('',(0.024523117431329,0.0344858399369203,-0.0501453302954679));
#1754=CARTESIAN_POINT('',(0.0246994371191411,0.0342686855907173,-0.0503215856287014));
#1755=CARTESIAN_POINT('',(0.0248650037920358,0.0339780813530163,-0.050487544759446));
#1756=CARTESIAN_POINT('',(0.0249751976107906,0.0335434200426789,-0.0505960913599539));
#1757=CARTESIAN_POINT('',(0.0249947015448684,0.0332891501636481,-0.0506189836994651));
#1758=CARTESIAN_POINT('',(0.025,0.0331014832548445,-0.0506221330321909));
#1759=CARTESIAN_POINT('',(0.025,0.033,-0.0506221330321909));
#1760=CARTESIAN_POINT('',(0.0231337604251312,0.033,0.0105000000000001));
#1761=CARTESIAN_POINT('',(0.00187294634769877,0.033,0.0105000000000001));
#1762=CARTESIAN_POINT('',(0.0231337604251312,0.0333,0.0105000000000001));
#1763=CARTESIAN_POINT('',(0.00187294634769877,0.0333,0.0105000000000001));
#1764=CARTESIAN_POINT('',(0.0231337604251312,0.0336,0.0105000000000001));
#1765=CARTESIAN_POINT('',(0.00187294634769877,0.0336,0.0105000000000001));
#1766=CARTESIAN_POINT('',(0.0231337604251312,0.0343333333333333,0.0103000000000001));
#1767=CARTESIAN_POINT('',(0.00187294634769877,0.0343333333333333,0.0103000000000001));
#1768=CARTESIAN_POINT('',(0.0231337604251312,0.0348,0.00983333333333348));
#1769=CARTESIAN_POINT('',(0.00187294634769877,0.0348,0.00983333333333348));
#1770=CARTESIAN_POINT('',(0.0231337604251312,0.035,0.00910000000000014));
#1771=CARTESIAN_POINT('',(0.00187294634769877,0.035,0.00910000000000014));
#1772=CARTESIAN_POINT('',(0.0231337604251312,0.035,0.00880000000000013));
#1773=CARTESIAN_POINT('',(0.00187294634769877,0.035,0.00880000000000013));
#1774=CARTESIAN_POINT('',(0.0231337604251312,0.035,0.00850000000000013));
#1775=CARTESIAN_POINT('',(0.00187294634769877,0.035,0.00850000000000013));
#1776=CARTESIAN_POINT('',(0.00200000000255995,0.035,0.00849999999648315));
#1777=CARTESIAN_POINT('',(0.00200000000255995,0.035,0.00875407622432358));
#1778=CARTESIAN_POINT('',(0.00200084799392043,0.0349772281703465,0.00916520114252558));
#1779=CARTESIAN_POINT('',(0.0019985528010725,0.0347912302204709,0.00961251220465893));
#1780=CARTESIAN_POINT('',(0.00199988779387487,0.034642201469884,0.00984092350752958));
#1781=CARTESIAN_POINT('',(0.00200009245235057,0.0344829876277531,0.0100337687584788));
#1782=CARTESIAN_POINT('',(0.00199891205210009,0.0342146770405329,0.0102332921318559));
#1783=CARTESIAN_POINT('',(0.00199930438775247,0.0340303195025806,0.0103226778785434));
#1784=CARTESIAN_POINT('',(0.00199977330918497,0.0338672505864997,0.0103858706241163));
#1785=CARTESIAN_POINT('',(0.00199995402064198,0.0337618878842168,0.0104172534804098));
#1786=CARTESIAN_POINT('',(0.00200000488027343,0.0337033176147858,0.0104339111670314));
#1787=CARTESIAN_POINT('',(0.00200005472134501,0.0335338216134865,0.0104693950301639));
#1788=CARTESIAN_POINT('',(0.00200043258706073,0.0334123019427525,0.0104845426445522));
#1789=CARTESIAN_POINT('',(0.00200109034924875,0.0333222823158774,0.010491869582212));
#1790=CARTESIAN_POINT('',(0.00200150428863863,0.0332855495872191,0.0104943235120005));
#1791=CARTESIAN_POINT('',(0.00200296764997873,0.0331826162295666,0.0104989828138439));
#1792=CARTESIAN_POINT('',(0.00200405475241584,0.033086232708843,0.010499900208464));
#1793=CARTESIAN_POINT('',(0.00200252762535996,0.0330253962388383,0.0104999999999964));
#1794=CARTESIAN_POINT('',(0.00199987621901327,0.0330000129255428,0.0105000000000001));
#1795=CARTESIAN_POINT('',(0.023000257365536,0.0330000452221311,0.0105000000000001));
#1796=CARTESIAN_POINT('',(0.0229982280003096,0.0330115951193052,0.0104999999999791));
#1797=CARTESIAN_POINT('',(0.02299694922641,0.0330541550949385,0.0105006898915039));
#1798=CARTESIAN_POINT('',(0.0229992618204929,0.0332393695973505,0.0104976957091024));
#1799=CARTESIAN_POINT('',(0.0229998528024422,0.0333562471746475,0.0104895021608425));
#1800=CARTESIAN_POINT('',(0.0230000285035139,0.0334277352271311,0.0104824725066889));
#1801=CARTESIAN_POINT('',(0.0230000663949689,0.0335598457041905,0.0104647087995092));
#1802=CARTESIAN_POINT('',(0.0230001728833652,0.0337394550911356,0.0104272524411241));
#1803=CARTESIAN_POINT('',(0.0230002861076121,0.0338823115079683,0.0103790027739256));
#1804=CARTESIAN_POINT('',(0.0230002085395744,0.0338878234967493,0.0103772894279766));
#1805=CARTESIAN_POINT('',(0.0230006783703746,0.0340133330647764,0.0103299101566667));
#1806=CARTESIAN_POINT('',(0.0230008213997832,0.0341668875910061,0.0102555215893441));
#1807=CARTESIAN_POINT('',(0.0230002990432531,0.0343594511723742,0.0101324780269609));
#1808=CARTESIAN_POINT('',(0.0229997720708525,0.034539587929781,0.00996534141370814));
#1809=CARTESIAN_POINT('',(0.0229998157026946,0.0346357640561777,0.00984864015984138));
#1810=CARTESIAN_POINT('',(0.0230000955324762,0.0347517699552546,0.00967395937367729));
#1811=CARTESIAN_POINT('',(0.023001367603161,0.0348426116856174,0.00948973143921239));
#1812=CARTESIAN_POINT('',(0.0229996472683488,0.0349041681766983,0.00930771741696956));
#1813=CARTESIAN_POINT('',(0.0230001544560305,0.034914590387949,0.0092711684136044));
#1814=CARTESIAN_POINT('',(0.0230051629685841,0.0349428006672118,0.00916594585009103));
#1815=CARTESIAN_POINT('',(0.0230072242938474,0.0349594732960671,0.00908397470319519));
#1816=CARTESIAN_POINT('',(0.023007764799502,0.034976538530291,0.00897640360071354));
#1817=CARTESIAN_POINT('',(0.023006833812836,0.0349886094542447,0.00887551266888385));
#1818=CARTESIAN_POINT('',(0.0230039152624141,0.0349971442619913,0.00874055104652529));
#1819=CARTESIAN_POINT('',(0.0230007593094111,0.0350006648020967,0.00858155482768153));
#1820=CARTESIAN_POINT('',(0.0229999999964829,0.035,0.00852300237317633));
#1821=CARTESIAN_POINT('',(0.0229999999964829,0.035,0.00849999999743941));
#1822=CARTESIAN_POINT('',(0.023,0.035,0.00885574020148519));
#1823=CARTESIAN_POINT('',(0.023,0.035,-0.0509768718387536));
#1824=CARTESIAN_POINT('',(0.0233,0.035,0.00885574020148519));
#1825=CARTESIAN_POINT('',(0.0233,0.035,-0.0509768718387536));
#1826=CARTESIAN_POINT('',(0.0236,0.035,0.00885574020148519));
#1827=CARTESIAN_POINT('',(0.0236,0.035,-0.0509768718387536));
#1828=CARTESIAN_POINT('',(0.0243333333333333,0.0348,0.00885574020148519));
#1829=CARTESIAN_POINT('',(0.0243333333333333,0.0348,-0.0509768718387536));
#1830=CARTESIAN_POINT('',(0.0248,0.0343333333333333,0.00885574020148519));
#1831=CARTESIAN_POINT('',(0.0248,0.0343333333333333,-0.0509768718387536));
#1832=CARTESIAN_POINT('',(0.025,0.0336,0.00885574020148519));
#1833=CARTESIAN_POINT('',(0.025,0.0336,-0.0509768718387536));
#1834=CARTESIAN_POINT('',(0.025,0.0333,0.00885574020148519));
#1835=CARTESIAN_POINT('',(0.025,0.0333,-0.0509768718387536));
#1836=CARTESIAN_POINT('',(0.025,0.033,0.00885574020148519));
#1837=CARTESIAN_POINT('',(0.025,0.033,-0.0509768718387536));
#1838=CARTESIAN_POINT('',(0.022999999996483,0.035,0.00849999999743944));
#1839=CARTESIAN_POINT('',(0.0232540762243234,0.0350000000000001,0.00849999999743942));
#1840=CARTESIAN_POINT('',(0.023665201142144,0.0349772281703853,0.00849915200608489));
#1841=CARTESIAN_POINT('',(0.0241125122043733,0.0347912302206551,0.00850144719892034));
#1842=CARTESIAN_POINT('',(0.0243409235074821,0.0346422014698918,0.00850011220613066));
#1843=CARTESIAN_POINT('',(0.0245337687581302,0.0344829876282034,0.00849990754765766));
#1844=CARTESIAN_POINT('',(0.024733292132749,0.0342146770390383,0.00850108794789328));
#1845=CARTESIAN_POINT('',(0.0248226778784716,0.0340303195026119,0.00850069561224764));
#1846=CARTESIAN_POINT('',(0.0248858706237559,0.0338672505875276,0.00850022669081825));
#1847=CARTESIAN_POINT('',(0.024917253480133,0.0337618878852257,0.00850004597936077));
#1848=CARTESIAN_POINT('',(0.024933911167023,0.0337033176148862,0.00849999511972803));
#1849=CARTESIAN_POINT('',(0.0249693950302496,0.0335338216130118,0.00849994527864865));
#1850=CARTESIAN_POINT('',(0.0249845426446067,0.0334123019422173,0.00849956741293247));
#1851=CARTESIAN_POINT('',(0.024991869582236,0.0333222823154993,0.00849890965074689));
#1852=CARTESIAN_POINT('',(0.0249943235119949,0.0332855495872998,0.00849849571136378));
#1853=CARTESIAN_POINT('',(0.0249989828138419,0.033182616229657,0.0084970323500242));
#1854=CARTESIAN_POINT('',(0.0249999002084633,0.0330862327089375,0.0084959452475872));
#1855=CARTESIAN_POINT('',(0.0249999999999962,0.0330253962388873,0.00849747237464025));
#1856=CARTESIAN_POINT('',(0.025,0.0330000129255427,0.00850012378098646));
#1857=CARTESIAN_POINT('',(0.023,-0.019,0.0105000000000001));
#1858=CARTESIAN_POINT('',(0.023,0.0333191010154851,0.0105000000000001));
#1859=CARTESIAN_POINT('',(0.0233,-0.019,0.0105000000000001));
#1860=CARTESIAN_POINT('',(0.0233,0.0333191010154851,0.0105000000000001));
#1861=CARTESIAN_POINT('',(0.0236000000000001,-0.019,0.0105000000000002));
#1862=CARTESIAN_POINT('',(0.0236000000000001,0.0333191010154851,0.0105000000000002));
#1863=CARTESIAN_POINT('',(0.0243333333333333,-0.019,0.0103000000000002));
#1864=CARTESIAN_POINT('',(0.0243333333333333,0.0333191010154851,0.0103000000000002));
#1865=CARTESIAN_POINT('',(0.0248,-0.019,0.00983333333333349));
#1866=CARTESIAN_POINT('',(0.0248,0.0333191010154851,0.00983333333333349));
#1867=CARTESIAN_POINT('',(0.025,-0.019,0.00910000000000016));
#1868=CARTESIAN_POINT('',(0.025,0.0333191010154851,0.00910000000000016));
#1869=CARTESIAN_POINT('',(0.025,-0.019,0.00880000000000013));
#1870=CARTESIAN_POINT('',(0.025,0.0333191010154851,0.00880000000000013));
#1871=CARTESIAN_POINT('',(0.025,-0.019,0.00850000000000014));
#1872=CARTESIAN_POINT('',(0.025,0.0333191010154851,0.00850000000000014));
#1873=CARTESIAN_POINT('',(0.025,0.0330000455800976,0.00850000139667027));
#1874=CARTESIAN_POINT('',(0.0249999999999999,0.0329982416762261,0.00855912110649291));
#1875=CARTESIAN_POINT('',(0.0250018334038713,0.0329963402670312,0.00869357845671033));
#1876=CARTESIAN_POINT('',(0.0249780653296179,0.0330009926283748,0.00901823335306393));
#1877=CARTESIAN_POINT('',(0.0249133062016237,0.0330059936263791,0.00928721771066004));
#1878=CARTESIAN_POINT('',(0.0248639846854189,0.0330072545832001,0.00942824850242163));
#1879=CARTESIAN_POINT('',(0.0247966499405098,0.0330066174717629,0.00958668718127365));
#1880=CARTESIAN_POINT('',(0.024699442261373,0.0330040016359987,0.00976107321859697));
#1881=CARTESIAN_POINT('',(0.0245894258369248,0.0330010852027399,0.00990534674019456));
#1882=CARTESIAN_POINT('',(0.0245250290151418,0.033000168335435,0.00997428934673243));
#1883=CARTESIAN_POINT('',(0.0245126539005005,0.0329999626709854,0.00998833237426925));
#1884=CARTESIAN_POINT('',(0.0244224421706852,0.0329999801773438,0.0100742937709362));
#1885=CARTESIAN_POINT('',(0.0243206788311997,0.0329999372809434,0.0101551803238682));
#1886=CARTESIAN_POINT('',(0.0241156235155034,0.0329999167988343,0.0102908611438836));
#1887=CARTESIAN_POINT('',(0.0238475697626074,0.032999958111343,0.0103982635655122));
#1888=CARTESIAN_POINT('',(0.023599059649851,0.03299998319133,0.0104595667776603));
#1889=CARTESIAN_POINT('',(0.0233447438633546,0.0330002262923069,0.010495114023007));
#1890=CARTESIAN_POINT('',(0.0230860180977157,0.0329969612401078,0.0105006949093069));
#1891=CARTESIAN_POINT('',(0.0230234260807298,0.0329985227843908,0.0104999999999992));
#1892=CARTESIAN_POINT('',(0.0230000067799696,0.0330001004895449,0.0105000000000001));
#1893=CARTESIAN_POINT('',(0.023,-0.019,0.0105000000000001));
#1894=CARTESIAN_POINT('',(0.02325,-0.019,0.0105000000000001));
#1895=CARTESIAN_POINT('',(0.0237864583333334,-0.019,0.0104739583333335));
#1896=CARTESIAN_POINT('',(0.0245598958333333,-0.019,0.0100598958333335));
#1897=CARTESIAN_POINT('',(0.0249739583333333,-0.019,0.00928645833333349));
#1898=CARTESIAN_POINT('',(0.025,-0.019,0.00875000000000014));
#1899=CARTESIAN_POINT('',(0.025,-0.019,0.00850000000000015));
#1900=CARTESIAN_POINT('',(0.025,-0.019,0.00850000000000013));
#1901=CARTESIAN_POINT('',(0.025,-0.0191902652127521,0.00850000001253357));
#1902=CARTESIAN_POINT('',(0.025,-0.0195707650906475,0.00850025288720534));
#1903=CARTESIAN_POINT('',(0.025,-0.0201365515054153,0.00846038404047956));
#1904=CARTESIAN_POINT('',(0.025,-0.0206921548787662,0.00835402078766863));
#1905=CARTESIAN_POINT('',(0.025,-0.0212417805745947,0.00816501969516459));
#1906=CARTESIAN_POINT('',(0.025,-0.0217484995117486,0.00789164622078339));
#1907=CARTESIAN_POINT('',(0.025,-0.022189623785583,0.00751132922365038));
#1908=CARTESIAN_POINT('',(0.025,-0.0224823132463542,0.00709132049599808));
#1909=CARTESIAN_POINT('',(0.025,-0.0226223701219276,0.00680347751378916));
#1910=CARTESIAN_POINT('',(0.025,-0.0226718133805196,0.00668611540622465));
#1911=CARTESIAN_POINT('',(0.025,-0.019,0.00856250000000013));
#1912=CARTESIAN_POINT('',(0.0250000000000007,-0.0191902652122887,0.00856250001253388));
#1913=CARTESIAN_POINT('',(0.0249999999999997,-0.0195721974148072,0.00856278764034277));
#1914=CARTESIAN_POINT('',(0.0250000000000001,-0.0201443853668829,0.00852254227950602));
#1915=CARTESIAN_POINT('',(0.025,-0.0207081054718438,0.0084146749727459));
#1916=CARTESIAN_POINT('',(0.025,-0.0212667348647112,0.00822259160859041));
#1917=CARTESIAN_POINT('',(0.025,-0.0217835050460991,0.00794405903197522));
#1918=CARTESIAN_POINT('',(0.025,-0.0222368239312973,0.00755330842924359));
#1919=CARTESIAN_POINT('',(0.025,-0.0225364421210074,0.00712306108236915));
#1920=CARTESIAN_POINT('',(0.025,-0.0226791095735785,0.00682980079807922));
#1921=CARTESIAN_POINT('',(0.025,-0.0227294220840799,0.00671036514043829));
#1922=CARTESIAN_POINT('',(0.0249999491373698,-0.019,0.00862507459852444));
#1923=CARTESIAN_POINT('',(0.024999949137371,-0.0191902652118249,0.0086250746110585));
#1924=CARTESIAN_POINT('',(0.0249999491373692,-0.0195736314485552,0.00862539703348502));
#1925=CARTESIAN_POINT('',(0.0249999491373699,-0.0201522285786626,0.00858477470913897));
#1926=CARTESIAN_POINT('',(0.0249999491373698,-0.0207240751031726,0.00847540155322637));
#1927=CARTESIAN_POINT('',(0.0249999491373698,-0.0212917189396791,0.00828023223849275));
#1928=CARTESIAN_POINT('',(0.0249999491373698,-0.021818552362229,0.00799653440186097));
#1929=CARTESIAN_POINT('',(0.0249999491373698,-0.022284080413991,0.00759533774022542));
#1930=CARTESIAN_POINT('',(0.0249999491373698,-0.0225906356026073,0.00715483955355469));
#1931=CARTESIAN_POINT('',(0.0249999491373698,-0.0227359167480993,0.00685615550121989));
#1932=CARTESIAN_POINT('',(0.0249999491373698,-0.0227870995480285,0.00673464381856212));
#1933=CARTESIAN_POINT('',(0.0249964599609375,-0.019,0.00875206163194458));
#1934=CARTESIAN_POINT('',(0.0249964599609395,-0.0191902652108835,0.00875206164447928));
#1935=CARTESIAN_POINT('',(0.0249964599609366,-0.0195765416340902,0.00875245467807034));
#1936=CARTESIAN_POINT('',(0.0249964599609377,-0.0201681453599105,0.0087110673551644));
#1937=CARTESIAN_POINT('',(0.0249964599609375,-0.0207564833991121,0.00859863827366603));
#1938=CARTESIAN_POINT('',(0.0249964599609375,-0.021342420880047,0.00839720642240099));
#1939=CARTESIAN_POINT('',(0.0249964599609375,-0.0218896763455965,0.00810302636036434));
#1940=CARTESIAN_POINT('',(0.0249964599609375,-0.0223799813176911,0.00768063077676329));
#1941=CARTESIAN_POINT('',(0.0249964599609375,-0.0227006142460406,0.00721932983999113));
#1942=CARTESIAN_POINT('',(0.0249964599609375,-0.0228511995423879,0.00690963895372983));
#1943=CARTESIAN_POINT('',(0.0249964599609375,-0.0229041484818573,0.00678391424750641));
#1944=CARTESIAN_POINT('',(0.0249930284288195,-0.019,0.00881646050347235));
#1945=CARTESIAN_POINT('',(0.0249930284288217,-0.0191902652104061,0.00881646051600739));
#1946=CARTESIAN_POINT('',(0.0249930284288184,-0.019578017475043,0.00881688935860342));
#1947=CARTESIAN_POINT('',(0.0249930284288197,-0.0201762172293219,0.00877511408235573));
#1948=CARTESIAN_POINT('',(0.0249930284288194,-0.0207729186022224,0.00866113525082464));
#1949=CARTESIAN_POINT('',(0.0249930284288195,-0.0213681333300194,0.00845652748250207));
#1950=CARTESIAN_POINT('',(0.0249930284288195,-0.0219257454161469,0.00815703157467398));
#1951=CARTESIAN_POINT('',(0.0249930284288194,-0.0224286154956103,0.00772388539224866));
#1952=CARTESIAN_POINT('',(0.0249930284288195,-0.0227563876611563,0.00725203476709395));
#1953=CARTESIAN_POINT('',(0.0249930284288194,-0.0229096628489066,0.0069367619905808));
#1954=CARTESIAN_POINT('',(0.0249930284288194,-0.0229635074498487,0.00680890073579773));
#1955=CARTESIAN_POINT('',(0.0249743923611111,-0.019,0.00901258680555569));
#1956=CARTESIAN_POINT('',(0.0249743923611138,-0.0191902652089522,0.00901258681809177));
#1957=CARTESIAN_POINT('',(0.0249743923611099,-0.0195825121380963,0.00901312471675599));
#1958=CARTESIAN_POINT('',(0.0249743923611114,-0.0202008000498126,0.00897016793138409));
#1959=CARTESIAN_POINT('',(0.0249743923611111,-0.0208229718956038,0.00885146934722597));
#1960=CARTESIAN_POINT('',(0.0249743923611111,-0.0214464404122859,0.00863718934624714));
#1961=CARTESIAN_POINT('',(0.0249743923611111,-0.022035593512221,0.00832150406812751));
#1962=CARTESIAN_POINT('',(0.0249743923611111,-0.0225767305361981,0.00785561701396696));
#1963=CARTESIAN_POINT('',(0.0249743923611111,-0.022926245197503,0.00735163738838854));
#1964=CARTESIAN_POINT('',(0.0249743923611111,-0.023087712430259,0.00701936500508485));
#1965=CARTESIAN_POINT('',(0.0249743923611111,-0.023144284761802,0.00688499690696298));
#1966=CARTESIAN_POINT('',(0.0249505208333333,-0.019,0.00914756944444457));
#1967=CARTESIAN_POINT('',(0.024950520833336,-0.0191902652079515,0.00914756945698141));
#1968=CARTESIAN_POINT('',(0.0249505208333321,-0.0195856055604134,0.00914818241276803));
#1969=CARTESIAN_POINT('',(0.0249505208333336,-0.02021771901451,0.00910441246150375));
#1970=CARTESIAN_POINT('',(0.0249505208333333,-0.0208574207459311,0.00898246553860813));
#1971=CARTESIAN_POINT('',(0.0249505208333333,-0.0215003347471902,0.00876152868704872));
#1972=CARTESIAN_POINT('',(0.0249505208333333,-0.0221111957426588,0.00843470118118764));
#1973=CARTESIAN_POINT('',(0.0249505208333333,-0.0226786697397893,0.00794628043715788));
#1974=CARTESIAN_POINT('',(0.0249505208333334,-0.0230431485309556,0.00742018823812046));
#1975=CARTESIAN_POINT('',(0.0249505208333333,-0.0232102538848659,0.00707621598712805));
#1976=CARTESIAN_POINT('',(0.0249505208333333,-0.0232687035590744,0.00693736959682723));
#1977=CARTESIAN_POINT('',(0.0248723958333333,-0.019,0.00941493055555568));
#1978=CARTESIAN_POINT('',(0.0248723958333356,-0.0191902652059694,0.00941493056809407));
#1979=CARTESIAN_POINT('',(0.0248723958333323,-0.0195917327248745,0.00941569219007803));
#1980=CARTESIAN_POINT('',(0.0248723958333336,-0.0202512305330101,0.00937031159511697));
#1981=CARTESIAN_POINT('',(0.0248723958333333,-0.0209256538385408,0.0092419306636609));
#1982=CARTESIAN_POINT('',(0.0248723958333333,-0.0216070836549106,0.00900780853892582));
#1983=CARTESIAN_POINT('',(0.0248723958333333,-0.0222609416396029,0.00865891154017491));
#1984=CARTESIAN_POINT('',(0.0248723958333333,-0.0228805814742337,0.00812585814997333));
#1985=CARTESIAN_POINT('',(0.0248723958333334,-0.0232746998280835,0.00755596741315214));
#1986=CARTESIAN_POINT('',(0.0248723958333332,-0.023452972650261,0.00718882114770238));
#1987=CARTESIAN_POINT('',(0.0248723958333332,-0.0235151407909706,0.00704110457096352));
#1988=CARTESIAN_POINT('',(0.024818359375,-0.019,0.00954687500000013));
#1989=CARTESIAN_POINT('',(0.024818359375002,-0.0191902652049912,0.0095468750125393));
#1990=CARTESIAN_POINT('',(0.0248183593749991,-0.0195947565203228,0.00954771000225697));
#1991=CARTESIAN_POINT('',(0.0248183593750002,-0.0202677686849972,0.00950153454417285));
#1992=CARTESIAN_POINT('',(0.024818359375,-0.0209593273128157,0.00936997838771292));
#1993=CARTESIAN_POINT('',(0.024818359375,-0.0216597649340453,0.00912934924504697));
#1994=CARTESIAN_POINT('',(0.024818359375,-0.0223348422121208,0.00876956080824656));
#1995=CARTESIAN_POINT('',(0.024818359375,-0.0229802262262971,0.0082144809173368));
#1996=CARTESIAN_POINT('',(0.0248183593750001,-0.0233889718967961,0.00762297531771322));
#1997=CARTESIAN_POINT('',(0.0248183593749999,-0.0235727559370792,0.00724439252564817));
#1998=CARTESIAN_POINT('',(0.0248183593749999,-0.0236367591651531,0.00709229845430351));
#1999=CARTESIAN_POINT('',(0.0246806640625,-0.019,0.00979101562500012));
#2000=CARTESIAN_POINT('',(0.0246806640625017,-0.0191902652031812,0.00979101563754072));
#2001=CARTESIAN_POINT('',(0.0246806640624992,-0.0196003515365718,0.00979198638169994));
#2002=CARTESIAN_POINT('',(0.0246806640625002,-0.0202983697063549,0.00974434016536999));
#2003=CARTESIAN_POINT('',(0.0246806640625,-0.021021634317025,0.00960690879817101));
#2004=CARTESIAN_POINT('',(0.0246806640625,-0.0217572426298127,0.00935423953186656));
#2005=CARTESIAN_POINT('',(0.0246806640625,-0.0224715825806779,0.00897429835196465));
#2006=CARTESIAN_POINT('',(0.0246806640625,-0.0231646017954934,0.00837846218918532));
#2007=CARTESIAN_POINT('',(0.0246806640625001,-0.0236004128134105,0.00774696198322512));
#2008=CARTESIAN_POINT('',(0.0246806640624999,-0.02379439442009,0.00734721785490637));
#2009=CARTESIAN_POINT('',(0.0246806640624999,-0.0238617931634349,0.00718702397857566));
#2010=CARTESIAN_POINT('',(0.0245972222222222,-0.019,0.0099027777777779));
#2011=CARTESIAN_POINT('',(0.0245972222222238,-0.0191902652023526,0.00990277779031914));
#2012=CARTESIAN_POINT('',(0.0245972222222215,-0.0196029128106769,0.00990381067984496));
#2013=CARTESIAN_POINT('',(0.0245972222222224,-0.0203123781739098,0.00985549118307356));
#2014=CARTESIAN_POINT('',(0.0245972222222222,-0.0210501570789519,0.00971537027495849));
#2015=CARTESIAN_POINT('',(0.0245972222222222,-0.021801865752764,0.00945718930761064));
#2016=CARTESIAN_POINT('',(0.0245972222222222,-0.0225341792827284,0.0090680226497556));
#2017=CARTESIAN_POINT('',(0.0245972222222222,-0.0232490048338366,0.0084535291714093));
#2018=CARTESIAN_POINT('',(0.0245972222222223,-0.0236972057663496,0.00780372032343725));
#2019=CARTESIAN_POINT('',(0.0245972222222222,-0.0238958555923128,0.00739428900563343));
#2020=CARTESIAN_POINT('',(0.0245972222222222,-0.0239648087270929,0.00723038721857578));
#2021=CARTESIAN_POINT('',(0.0244027777777778,-0.019,0.0100972222222223));
#2022=CARTESIAN_POINT('',(0.0244027777777793,-0.0191902652009111,0.0100972222347646));
#2023=CARTESIAN_POINT('',(0.024402777777777,-0.0196073689302849,0.0100983632451614));
#2024=CARTESIAN_POINT('',(0.024402777777778,-0.0203367501873645,0.0100488723711559));
#2025=CARTESIAN_POINT('',(0.0244027777777778,-0.0210997811463044,0.00990407218408778));
#2026=CARTESIAN_POINT('',(0.0244027777777778,-0.0218795013220152,0.00963630192715761));
#2027=CARTESIAN_POINT('',(0.0244027777777778,-0.0226430853895969,0.00923108472901907));
#2028=CARTESIAN_POINT('',(0.0244027777777778,-0.0233958497316144,0.00858413114436598));
#2029=CARTESIAN_POINT('',(0.0244027777777777,-0.0238656067097152,0.00790246881436944));
#2030=CARTESIAN_POINT('',(0.0244027777777778,-0.024072378330782,0.00747618366786924));
#2031=CARTESIAN_POINT('',(0.0244027777777778,-0.0241440358048357,0.00730583083612937));
#2032=CARTESIAN_POINT('',(0.024291015625,-0.019,0.0101806640625001));
#2033=CARTESIAN_POINT('',(0.0242910156250017,-0.0191902652002926,0.010180664075051));
#2034=CARTESIAN_POINT('',(0.0242910156249992,-0.0196092811825051,0.0101818514832872));
#2035=CARTESIAN_POINT('',(0.0242910156250002,-0.0203472089364418,0.0101318579368016));
#2036=CARTESIAN_POINT('',(0.024291015625,-0.021121076295743,0.00998504973326185));
#2037=CARTESIAN_POINT('',(0.024291015625,-0.0219128170322575,0.0097131644296307));
#2038=CARTESIAN_POINT('',(0.024291015625,-0.0226898202088945,0.00930105947173861));
#2039=CARTESIAN_POINT('',(0.024291015625,-0.0234588652039318,0.00864017629905587));
#2040=CARTESIAN_POINT('',(0.0242910156249999,-0.0239378725163239,0.00794484470138112));
#2041=CARTESIAN_POINT('',(0.0242910156250001,-0.0241481294389798,0.00751132708040385));
#2042=CARTESIAN_POINT('',(0.0242910156250001,-0.0242209474246968,0.00733820591531527));
#2043=CARTESIAN_POINT('',(0.024046875,-0.019,0.0103183593750001));
#2044=CARTESIAN_POINT('',(0.0240468750000019,-0.0191902651992721,0.0103183593875108));
#2045=CARTESIAN_POINT('',(0.0240468749999991,-0.0196124367716693,0.0103196233613121));
#2046=CARTESIAN_POINT('',(0.0240468750000002,-0.0203644679124876,0.0102688003071517));
#2047=CARTESIAN_POINT('',(0.024046875,-0.0211562174461171,0.0101186784847616));
#2048=CARTESIAN_POINT('',(0.024046875,-0.02196779445267,0.00984000255139647));
#2049=CARTESIAN_POINT('',(0.024046875,-0.0227669417767619,0.00941653144639615));
#2050=CARTESIAN_POINT('',(0.024046875,-0.023562853024954,0.00873266173637676));
#2051=CARTESIAN_POINT('',(0.0240468749999999,-0.0240571251933089,0.00801477318073514));
#2052=CARTESIAN_POINT('',(0.0240468750000002,-0.0242731335433776,0.007569320566098));
#2053=CARTESIAN_POINT('',(0.0240468750000001,-0.0243478665997095,0.00739163111099805));
#2054=CARTESIAN_POINT('',(0.0239149305555556,-0.019,0.0103723958333335));
#2055=CARTESIAN_POINT('',(0.0239149305555575,-0.0191902651988718,0.0103723958458117));
#2056=CARTESIAN_POINT('',(0.0239149305555546,-0.0196136751352657,0.010373689866644));
#2057=CARTESIAN_POINT('',(0.0239149305555558,-0.0203712409385481,0.0103225412846392));
#2058=CARTESIAN_POINT('',(0.0239149305555555,-0.0211700080630488,0.0101711190822774));
#2059=CARTESIAN_POINT('',(0.0239149305555556,-0.0219893695159996,0.00988977826821215));
#2060=CARTESIAN_POINT('',(0.0239149305555555,-0.0227972069783368,0.00946184668940619));
#2061=CARTESIAN_POINT('',(0.0239149305555556,-0.0236036614842658,0.00876895625787789));
#2062=CARTESIAN_POINT('',(0.0239149305555555,-0.0241039241161979,0.00804221556270601));
#2063=CARTESIAN_POINT('',(0.0239149305555557,-0.0243221895276009,0.00759207923896786));
#2064=CARTESIAN_POINT('',(0.0239149305555557,-0.0243976741246478,0.0074125970270316));
#2065=CARTESIAN_POINT('',(0.0236475694444444,-0.019,0.0104505208333335));
#2066=CARTESIAN_POINT('',(0.0236475694444466,-0.019190265198293,0.0104505208451588));
#2067=CARTESIAN_POINT('',(0.0236475694444434,-0.0196154655404652,0.010451858308369));
#2068=CARTESIAN_POINT('',(0.0236475694444447,-0.0203810332653822,0.0104002390833409));
#2069=CARTESIAN_POINT('',(0.0236475694444444,-0.0211899463043972,0.0102469368136463));
#2070=CARTESIAN_POINT('',(0.0236475694444444,-0.0220205623786399,0.00996174315998668));
#2071=CARTESIAN_POINT('',(0.0236475694444444,-0.0228409638962947,0.00952736270340463));
#2072=CARTESIAN_POINT('',(0.0236475694444445,-0.0236626616663352,0.00882143026484252));
#2073=CARTESIAN_POINT('',(0.0236475694444444,-0.0241715852097498,0.00808189129575471));
#2074=CARTESIAN_POINT('',(0.0236475694444445,-0.0243931138418326,0.00762498334421091));
#2075=CARTESIAN_POINT('',(0.0236475694444445,-0.0244696850038001,0.0074429091946913));
#2076=CARTESIAN_POINT('',(0.0235125868055556,-0.019,0.0104743923611112));
#2077=CARTESIAN_POINT('',(0.0235125868055578,-0.0191902651981162,0.0104743923723323));
#2078=CARTESIAN_POINT('',(0.0235125868055545,-0.0196160126087207,0.0104757431101951));
#2079=CARTESIAN_POINT('',(0.0235125868055558,-0.020384025365248,0.0104239800773383));
#2080=CARTESIAN_POINT('',(0.0235125868055555,-0.0211960385448101,0.0102701033426895));
#2081=CARTESIAN_POINT('',(0.0235125868055556,-0.0220300935311101,0.00998373243246855));
#2082=CARTESIAN_POINT('',(0.0235125868055556,-0.022854334065683,0.00954738148546508));
#2083=CARTESIAN_POINT('',(0.0235125868055556,-0.0236806894996997,0.00883746398917615));
#2084=CARTESIAN_POINT('',(0.0235125868055555,-0.0241922594329255,0.00809401443646108));
#2085=CARTESIAN_POINT('',(0.0235125868055556,-0.0244147851598643,0.00763503737629442));
#2086=CARTESIAN_POINT('',(0.0235125868055556,-0.0244916883278007,0.00745217124585411));
#2087=CARTESIAN_POINT('',(0.0233164605034722,-0.019,0.0104930284288196));
#2088=CARTESIAN_POINT('',(0.0233164605034745,-0.0191902651979782,0.0104930284375601));
#2089=CARTESIAN_POINT('',(0.0233164605034711,-0.0196164396949614,0.010494389541644));
#2090=CARTESIAN_POINT('',(0.0233164605034725,-0.0203863612432102,0.0104425142394473));
#2091=CARTESIAN_POINT('',(0.0233164605034722,-0.0212007946461368,0.0102881890307724));
#2092=CARTESIAN_POINT('',(0.0233164605034722,-0.0220375343285336,0.0100008990576664));
#2093=CARTESIAN_POINT('',(0.0233164605034722,-0.022864771913891,0.00956300978466844));
#2094=CARTESIAN_POINT('',(0.0233164605034722,-0.0236947635012025,0.00884998122615841));
#2095=CARTESIAN_POINT('',(0.0233164605034722,-0.0242083994237882,0.00810347875225092));
#2096=CARTESIAN_POINT('',(0.0233164605034722,-0.0244317035628064,0.00764288637597366));
#2097=CARTESIAN_POINT('',(0.0233164605034722,-0.0245088659218704,0.00745940196046567));
#2098=CARTESIAN_POINT('',(0.0232520616319444,-0.019,0.0104964599609376));
#2099=CARTESIAN_POINT('',(0.0232520616319467,-0.0191902651979528,0.0104964599685798));
#2100=CARTESIAN_POINT('',(0.0232520616319434,-0.0196165183360233,0.010497822982376));
#2101=CARTESIAN_POINT('',(0.0232520616319447,-0.0203867913575653,0.0104459270072084));
#2102=CARTESIAN_POINT('',(0.0232520616319444,-0.0212016704056983,0.0102915192193568));
#2103=CARTESIAN_POINT('',(0.0232520616319445,-0.022038904431693,0.0100040600155737));
#2104=CARTESIAN_POINT('',(0.0232520616319444,-0.022866693875771,0.00956588748460304));
#2105=CARTESIAN_POINT('',(0.0232520616319445,-0.0236973550021348,0.00885228607398971));
#2106=CARTESIAN_POINT('',(0.0232520616319444,-0.0242113713437345,0.00810522145385894));
#2107=CARTESIAN_POINT('',(0.0232520616319445,-0.0244348188142592,0.00764433164290047));
#2108=CARTESIAN_POINT('',(0.0232520616319445,-0.0245120288992337,0.00746073338015399));
#2109=CARTESIAN_POINT('',(0.0231250745985243,-0.019,0.0104999491373699));
#2110=CARTESIAN_POINT('',(0.0231250745985266,-0.0191902651979269,0.0104999491419483));
#2111=CARTESIAN_POINT('',(0.0231250745985232,-0.019616598298131,0.0105013141003876));
#2112=CARTESIAN_POINT('',(0.0231250745985246,-0.0203872286971604,0.0104493971038297));
#2113=CARTESIAN_POINT('',(0.0231250745985243,-0.0212025608766401,0.0102949053499108));
#2114=CARTESIAN_POINT('',(0.0231250745985243,-0.0220402975504036,0.0100072740725532));
#2115=CARTESIAN_POINT('',(0.0231250745985243,-0.0228686481236307,0.00956881352537263));
#2116=CARTESIAN_POINT('',(0.0231250745985243,-0.0236999900359664,0.00885462963954035));
#2117=CARTESIAN_POINT('',(0.0231250745985243,-0.0242143931879393,0.00810699343035177));
#2118=CARTESIAN_POINT('',(0.0231250745985243,-0.0244379863960213,0.00764580118767022));
#2119=CARTESIAN_POINT('',(0.0231250745985243,-0.0245152450087269,0.00746208716526795));
#2120=CARTESIAN_POINT('',(0.0230625,-0.019,0.0105000000000001));
#2121=CARTESIAN_POINT('',(0.0230625000000023,-0.0191902651979265,0.0105000000026136));
#2122=CARTESIAN_POINT('',(0.0230624999999989,-0.0196165994637597,0.0105013649922121));
#2123=CARTESIAN_POINT('',(0.0230625000000003,-0.0203872350723721,0.0104494476880894));
#2124=CARTESIAN_POINT('',(0.0230625,-0.0212025738572702,0.01029495471048));
#2125=CARTESIAN_POINT('',(0.0230625,-0.022040317858241,0.010007320924673));
#2126=CARTESIAN_POINT('',(0.0230625,-0.0228686766112668,0.00956885617905361));
#2127=CARTESIAN_POINT('',(0.0230625,-0.0237000284473221,0.0088546638022244));
#2128=CARTESIAN_POINT('',(0.0230625,-0.0242144372388388,0.00810701926116247));
#2129=CARTESIAN_POINT('',(0.0230625,-0.0244380325697063,0.0076458226092541));
#2130=CARTESIAN_POINT('',(0.0230625,-0.0245152918899128,0.0074621068994291));
#2131=CARTESIAN_POINT('',(0.023,-0.019,0.0105000000000001));
#2132=CARTESIAN_POINT('',(0.0230000000000023,-0.0191902651979265,0.0105000000000001));
#2133=CARTESIAN_POINT('',(0.022999999999999,-0.0196165994637602,0.0105013649934251));
#2134=CARTESIAN_POINT('',(0.0230000000000003,-0.0203872350723705,0.0104494476877638));
#2135=CARTESIAN_POINT('',(0.023,-0.0212025738572759,0.0102949547105691));
#2136=CARTESIAN_POINT('',(0.023,-0.0220403178582198,0.0100073209246421));
#2137=CARTESIAN_POINT('',(0.023,-0.0228686766113456,0.00956885617908825));
#2138=CARTESIAN_POINT('',(0.023,-0.023700028447028,0.00885466380211677));
#2139=CARTESIAN_POINT('',(0.023,-0.0242144372397812,0.00810701926150213));
#2140=CARTESIAN_POINT('',(0.023,-0.0244380325683777,0.00764582260877568));
#2141=CARTESIAN_POINT('',(0.023,-0.0245152918887196,0.00746210689899941));
#2142=CARTESIAN_POINT('',(-2.92405151176011E-6,0.0326052481145195,0.00858515853277517));
#2143=CARTESIAN_POINT('',(-2.2847618075182E-6,0.032627433058165,0.00865158493928672));
#2144=CARTESIAN_POINT('',(1.64232037481821E-6,0.0326727124959968,0.008783286991154));
#2145=CARTESIAN_POINT('',(2.64461513847177E-5,0.032765025669968,0.00904125489623557));
#2146=CARTESIAN_POINT('',(8.4590012296566E-5,0.0328504483616951,0.00929539988187386));
#2147=CARTESIAN_POINT('',(0.000166708525125839,0.0329075602972378,0.00950417845646167));
#2148=CARTESIAN_POINT('',(0.000222479256529552,0.0329338717465984,0.00961892548614802));
#2149=CARTESIAN_POINT('',(0.000268721972798639,0.0329505074056939,0.00970216526692873));
#2150=CARTESIAN_POINT('',(0.000319408706732033,0.03296377124862,0.0097822036305193));
#2151=CARTESIAN_POINT('',(0.000374631949474253,0.0329735101070299,0.00985871122289508));
#2152=CARTESIAN_POINT('',(0.000434323857752119,0.032979513148272,0.00993135685063762));
#2153=CARTESIAN_POINT('',(0.00049831912522811,0.0329815159002578,0.00999977827673463));
#2154=CARTESIAN_POINT('',(0.000566560257582511,0.0329794178982938,0.0100638289316515));
#2155=CARTESIAN_POINT('',(0.000663036093757404,0.0329713184417644,0.0101434099121168));
#2156=CARTESIAN_POINT('',(0.000793115248800982,0.0329519634382157,0.0102316269465735));
#2157=CARTESIAN_POINT('',(0.000962202274938355,0.0329151981808336,0.0103199308277629));
#2158=CARTESIAN_POINT('',(0.00120010932544764,0.0328497666507504,0.0104140377545283));
#2159=CARTESIAN_POINT('',(0.00151721572831282,0.0327426273821954,0.0104878464227641));
#2160=CARTESIAN_POINT('',(0.00177958426817104,0.0326432495710969,0.0105017917430132));
#2161=CARTESIAN_POINT('',(0.00191485167768009,0.0325948300278068,0.0105015454037525));
#2162=CARTESIAN_POINT('',(-2.50407744026526E-6,0.032633220014316,0.00857912545005074));
#2163=CARTESIAN_POINT('',(-1.97768672931269E-6,0.0326554574649377,0.00864572629563196));
#2164=CARTESIAN_POINT('',(1.68301089226233E-6,0.0327008472822672,0.0087778427789083));
#2165=CARTESIAN_POINT('',(2.58763054058469E-5,0.0327935987662414,0.00903673344133542));
#2166=CARTESIAN_POINT('',(8.34691188375646E-5,0.0328791303719243,0.00929114902450407));
#2167=CARTESIAN_POINT('',(0.000165405144924275,0.0329362676638039,0.00950124215335594));
#2168=CARTESIAN_POINT('',(0.000221188240635211,0.0329627089863744,0.00961662878482804));
#2169=CARTESIAN_POINT('',(0.00026753456288203,0.0329794576798508,0.00970036169550863));
#2170=CARTESIAN_POINT('',(0.000318459298711886,0.0329928461206292,0.00978091311561574));
#2171=CARTESIAN_POINT('',(0.000373997686440738,0.03300272634715,0.00985793306651634));
#2172=CARTESIAN_POINT('',(0.000434039665758394,0.0330088335310487,0.00993111069315168));
#2173=CARTESIAN_POINT('',(0.000498473124257594,0.0330109023222659,0.00999998984048823));
#2174=CARTESIAN_POINT('',(0.000567208969335396,0.033008737005984,0.0100644690872851));
#2175=CARTESIAN_POINT('',(0.0006644103837586,0.0330004767773569,0.0101445086543019));
#2176=CARTESIAN_POINT('',(0.000795333456324712,0.0329807910857573,0.0102331025527238));
#2177=CARTESIAN_POINT('',(0.000965153836088552,0.0329438243207053,0.0103213112148084));
#2178=CARTESIAN_POINT('',(0.00120436068412741,0.0328783910268007,0.0104151364500238));
#2179=CARTESIAN_POINT('',(0.00152203166900449,0.0327709810659058,0.0104882389917265));
#2180=CARTESIAN_POINT('',(0.00178517169368686,0.0326715331146267,0.0105016430339172));
#2181=CARTESIAN_POINT('',(0.0019207771957951,0.0326231473178385,0.0105012567253474));
#2182=CARTESIAN_POINT('',(-1.66953236722336E-6,0.0326928228493709,0.00856610106907885));
#2183=CARTESIAN_POINT('',(-1.37801270475626E-6,0.0327151670225479,0.0086330588130469));
#2184=CARTESIAN_POINT('',(1.69235248566474E-6,0.0327607811751303,0.00876600224482019));
#2185=CARTESIAN_POINT('',(2.46077995487304E-5,0.0328544207649899,0.00902695103524881));
#2186=CARTESIAN_POINT('',(8.08328760476568E-5,0.0329402062710175,0.00928149425447569));
#2187=CARTESIAN_POINT('',(0.000162320477115215,0.0329973738027728,0.00949421107084669));
#2188=CARTESIAN_POINT('',(0.000218099567272214,0.0330240856073789,0.00961093566652377));
#2189=CARTESIAN_POINT('',(0.000264752742014532,0.0330410302969304,0.00969587205341889));
#2190=CARTESIAN_POINT('',(0.000316271696720616,0.0330546540335966,0.00977770041392052));
#2191=CARTESIAN_POINT('',(0.00037253050995249,0.033064723252174,0.00985605300970963));
#2192=CARTESIAN_POINT('',(0.000433524663948679,0.0330709809558151,0.00993045230987474));
#2193=CARTESIAN_POINT('',(0.00049902204848728,0.0330730850451163,0.0100004873452739));
#2194=CARTESIAN_POINT('',(0.000568922781123707,0.0330708118477393,0.010065948053066));
#2195=CARTESIAN_POINT('',(0.000667719406899077,0.0330622957913907,0.0101470224855422));
#2196=CARTESIAN_POINT('',(0.000800751729978754,0.0330421277011824,0.0102365344059754));
#2197=CARTESIAN_POINT('',(0.000972242047986769,0.033004758208093,0.0103246054682662));
#2198=CARTESIAN_POINT('',(0.00121403638795123,0.0329392739907997,0.0104177686519142));
#2199=CARTESIAN_POINT('',(0.00153245858393235,0.0328312744459224,0.0104891196807695));
#2200=CARTESIAN_POINT('',(0.00179731112398569,0.0327317687980258,0.0105013770294389));
#2201=CARTESIAN_POINT('',(0.00193360937724315,0.0326834545228738,0.0105007143990139));
#2202=CARTESIAN_POINT('',(-6.47688435977166E-7,0.0327838329191206,0.00854576239361963));
#2203=CARTESIAN_POINT('',(-5.61073221423767E-7,0.0328063681286555,0.00861333439026371));
#2204=CARTESIAN_POINT('',(1.33541166004013E-6,0.0328523144227354,0.00874691070129104));
#2205=CARTESIAN_POINT('',(2.2632056487989E-5,0.032946980787639,0.00901161840532353));
#2206=CARTESIAN_POINT('',(7.60477564187691E-5,0.0330332957433171,0.00926515121041237));
#2207=CARTESIAN_POINT('',(0.000156194648148194,0.0330905616343368,0.00948013706211955));
#2208=CARTESIAN_POINT('',(0.000212679192323006,0.0331176868737028,0.00959954392260324));
#2209=CARTESIAN_POINT('',(0.000260432265138321,0.0331348777990067,0.00968683556683325));
#2210=CARTESIAN_POINT('',(0.000313263056756831,0.033148726725619,0.00977101390690537));
#2211=CARTESIAN_POINT('',(0.00037108734196715,0.0331589269013993,0.00985159792296212));
#2212=CARTESIAN_POINT('',(0.000433794940280141,0.0331651908809621,0.00992808613233386));
#2213=CARTESIAN_POINT('',(0.000501189871778113,0.0331672134709399,0.0100000675115389));
#2214=CARTESIAN_POINT('',(0.000573049067386436,0.033164879341025,0.0100672765681554));
#2215=CARTESIAN_POINT('',(0.00067447766182746,0.0331561722628425,0.0101503420168672));
#2216=CARTESIAN_POINT('',(0.000810984492304461,0.0331356680547786,0.0102419388810139));
#2217=CARTESIAN_POINT('',(0.000986454694956468,0.0330977670980701,0.0103310758028077));
#2218=CARTESIAN_POINT('',(0.00123062707434784,0.0330316807174288,0.0104228538339149));
#2219=CARTESIAN_POINT('',(0.00154893498987223,0.0329229513024026,0.0104903979651707));
#2220=CARTESIAN_POINT('',(0.00181668408318366,0.0328236828266135,0.0105012198965435));
#2221=CARTESIAN_POINT('',(0.00195373521130196,0.0327754567459512,0.010500132168032));
#2222=CARTESIAN_POINT('',(-1.04269460212292E-7,0.032878360467602,0.00852464283555329));
#2223=CARTESIAN_POINT('',(-1.3852078976917E-8,0.0329009714138317,0.00859264812882643));
#2224=CARTESIAN_POINT('',(1.0234116680826E-6,0.032947753047679,0.00872734503937787));
#2225=CARTESIAN_POINT('',(1.96262234584148E-5,0.0330423621405991,0.00899257032184126));
#2226=CARTESIAN_POINT('',(7.11878794061288E-5,0.0331290082717921,0.00924828104457718));
#2227=CARTESIAN_POINT('',(0.000151457480775098,0.0331875484612232,0.00946473521517441));
#2228=CARTESIAN_POINT('',(0.000209092311510008,0.0332150039546716,0.00958641027460129));
#2229=CARTESIAN_POINT('',(0.000257976668880278,0.0332324403100785,0.00967559800852542));
#2230=CARTESIAN_POINT('',(0.000312306930331472,0.0332464174985157,0.00976190538779392));
#2231=CARTESIAN_POINT('',(0.000371833921823034,0.0332566549680783,0.00984460524463054));
#2232=CARTESIAN_POINT('',(0.00043637137361999,0.033262859157363,0.0099231509829595));
#2233=CARTESIAN_POINT('',(0.000505690649082493,0.0332648055258555,0.00999710644695601));
#2234=CARTESIAN_POINT('',(0.000579529937426806,0.033262420155948,0.0100661732765672));
#2235=CARTESIAN_POINT('',(0.000683616091337859,0.0332536528255776,0.010151514359593));
#2236=CARTESIAN_POINT('',(0.00082338413610466,0.0332328499979085,0.0102454481879459));
#2237=CARTESIAN_POINT('',(0.00100229361142157,0.0331943942425805,0.0103360260179548));
#2238=CARTESIAN_POINT('',(0.00124931955122873,0.0331263377613363,0.010427869754532));
#2239=CARTESIAN_POINT('',(0.00156805790590277,0.0330177386440259,0.0104930901363881));
#2240=CARTESIAN_POINT('',(0.00183686737965327,0.0329191467720955,0.0105005574287336));
#2241=CARTESIAN_POINT('',(0.00197482773667557,0.0328707513879603,0.0105001514664101));
#2242=CARTESIAN_POINT('',(1.27373739742869E-7,0.0330041453724917,0.00849769156460473));
#2243=CARTESIAN_POINT('',(-2.77301842319718E-8,0.0330275246700836,0.00856675593647631));
#2244=CARTESIAN_POINT('',(7.36326504048937E-8,0.033075134307789,0.00870230013811823));
#2245=CARTESIAN_POINT('',(1.61015971889809E-5,0.0331691719828227,0.00896577909676611));
#2246=CARTESIAN_POINT('',(6.73821307995606E-5,0.0332568131262182,0.0092257247624388));
#2247=CARTESIAN_POINT('',(0.000149595230303817,0.0333168249158812,0.00944458439542223));
#2248=CARTESIAN_POINT('',(0.000208829285432484,0.0333449157659764,0.00956799971695382));
#2249=CARTESIAN_POINT('',(0.000259259814575833,0.0333626291387448,0.00965888407133484));
#2250=CARTESIAN_POINT('',(0.000315416277041816,0.0333767469231435,0.00974715656865177));
#2251=CARTESIAN_POINT('',(0.000377013644161254,0.0333869896133535,0.00983202087339196));
#2252=CARTESIAN_POINT('',(0.000443752455813469,0.0333931209099649,0.00991281607774555));
#2253=CARTESIAN_POINT('',(0.00051533901699948,0.0333949811443958,0.00998904618516449));
#2254=CARTESIAN_POINT('',(0.000591455087615031,0.0333925367824701,0.0100603537658645));
#2255=CARTESIAN_POINT('',(0.000698502110300154,0.0333836604423535,0.0101485535143272));
#2256=CARTESIAN_POINT('',(0.000841654303559535,0.033362523796248,0.0102452332461466));
#2257=CARTESIAN_POINT('',(0.00102382097089452,0.0333229141953231,0.0103385539297545));
#2258=CARTESIAN_POINT('',(0.00127402183183536,0.0332526554437563,0.0104294989010952));
#2259=CARTESIAN_POINT('',(0.00159458955860629,0.033143186492412,0.0104985217227547));
#2260=CARTESIAN_POINT('',(0.0018634514838044,0.0330459691979932,0.0104998803809349));
#2261=CARTESIAN_POINT('',(0.00200103006871398,0.032997511427383,0.0104999170588598));
#2262=CARTESIAN_POINT('',(-3.47198990753496E-7,0.0331670435751815,0.00847502246980536));
#2263=CARTESIAN_POINT('',(-9.17479185821249E-8,0.0331889360397001,0.00854218623273823));
#2264=CARTESIAN_POINT('',(6.92207365415908E-7,0.033234835263869,0.00867582639341032));
#2265=CARTESIAN_POINT('',(1.76756550913013E-5,0.033329051173657,0.00893812944415772));
#2266=CARTESIAN_POINT('',(7.06475493863054E-5,0.0334176721316279,0.00919767780658293));
#2267=CARTESIAN_POINT('',(0.000157228548068588,0.033479064073658,0.00941930069870945));
#2268=CARTESIAN_POINT('',(0.000218790319695895,0.0335078071133021,0.00954343925123155));
#2269=CARTESIAN_POINT('',(0.000270994946239244,0.0335258704235473,0.0096349217761929));
#2270=CARTESIAN_POINT('',(0.000329033135963245,0.033540153243725,0.0097240976871));
#2271=CARTESIAN_POINT('',(0.000392598473775381,0.0335504268219311,0.00981021541024895));
#2272=CARTESIAN_POINT('',(0.00046134709652292,0.0335565046122747,0.00989259707314021));
#2273=CARTESIAN_POINT('',(0.000534905215684819,0.0335582775730322,0.00997066599198249));
#2274=CARTESIAN_POINT('',(0.00061287439234511,0.0335557223334949,0.0100439536221179));
#2275=CARTESIAN_POINT('',(0.000722126658162181,0.0335466263932356,0.0101347722258401));
#2276=CARTESIAN_POINT('',(0.000867392995819419,0.0335249267858423,0.0102346785498421));
#2277=CARTESIAN_POINT('',(0.00105114367420562,0.0334837985866668,0.0103303755590051));
#2278=CARTESIAN_POINT('',(0.0013031419321314,0.0334123061900082,0.0104258303729441));
#2279=CARTESIAN_POINT('',(0.00162275893794781,0.0332994303878974,0.0104989131472838));
#2280=CARTESIAN_POINT('',(0.00188986238407593,0.0332042596143734,0.0104999941970718));
#2281=CARTESIAN_POINT('',(0.00202433772989564,0.0331608363106362,0.0105004199283464));
#2282=CARTESIAN_POINT('',(8.85983683919034E-6,0.0333631361741277,0.00844297974140813));
#2283=CARTESIAN_POINT('',(1.07645323272558E-5,0.0333843867507659,0.00851124996685193));
#2284=CARTESIAN_POINT('',(1.44453497631502E-5,0.0334288012441409,0.00864667272164345));
#2285=CARTESIAN_POINT('',(3.52569554451106E-5,0.0335217898717178,0.00890866068567263));
#2286=CARTESIAN_POINT('',(9.28356974499555E-5,0.0336120830461219,0.00916533305832923));
#2287=CARTESIAN_POINT('',(0.000184421084790693,0.0336746402627502,0.00938509918860553));
#2288=CARTESIAN_POINT('',(0.000248643203144119,0.0337039406047791,0.00950829827236421));
#2289=CARTESIAN_POINT('',(0.000302626302878863,0.0337223147142106,0.00959904705448761));
#2290=CARTESIAN_POINT('',(0.000362226148675226,0.0337367796606211,0.00968764560584566));
#2291=CARTESIAN_POINT('',(0.00042715001384353,0.0337470991246242,0.00977351923058612));
#2292=CARTESIAN_POINT('',(0.000497033628298735,0.0337531286388836,0.00985606592946722));
#2293=CARTESIAN_POINT('',(0.000571467041396161,0.0337547883459922,0.00993471529170735));
#2294=CARTESIAN_POINT('',(0.000650004977939624,0.0337520612740429,0.0100089512868389));
#2295=CARTESIAN_POINT('',(0.000759574188994441,0.0337426448816199,0.0101014422447281));
#2296=CARTESIAN_POINT('',(0.000904391592957484,0.0337202816150515,0.0102038420090874));
#2297=CARTESIAN_POINT('',(0.00108674877117648,0.033678152754716,0.0103035575001716));
#2298=CARTESIAN_POINT('',(0.00133649048490946,0.0336052883120556,0.0104061326403822));
#2299=CARTESIAN_POINT('',(0.00165332787499186,0.0334909013443639,0.0104813961786866));
#2300=CARTESIAN_POINT('',(0.0019201372379274,0.0334001797636672,0.0104878043849441));
#2301=CARTESIAN_POINT('',(0.00205453035126892,0.0333584597555259,0.0104916124407834));
#2302=CARTESIAN_POINT('',(3.33402778833285E-5,0.0335548082516832,0.00840711921271159));
#2303=CARTESIAN_POINT('',(3.70583144049888E-5,0.0335754788073273,0.00847427917989533));
#2304=CARTESIAN_POINT('',(4.45457498682996E-5,0.0336191780767241,0.00860912333327994));
#2305=CARTESIAN_POINT('',(7.07728513381987E-5,0.0337126663915044,0.00887411596751661));
#2306=CARTESIAN_POINT('',(0.000133848862963736,0.0338047681640388,0.00912729096670646));
#2307=CARTESIAN_POINT('',(0.000229953781024724,0.0338688750923989,0.00934306133673749));
#2308=CARTESIAN_POINT('',(0.000296237603052155,0.0338987943945237,0.00946382750222246));
#2309=CARTESIAN_POINT('',(0.000351516642291444,0.0339174169924104,0.00955285387983882));
#2310=CARTESIAN_POINT('',(0.000412098925906666,0.0339319427038569,0.00963990685602789));
#2311=CARTESIAN_POINT('',(0.000477641195417535,0.0339422177214729,0.00972450830169986));
#2312=CARTESIAN_POINT('',(0.000547743309297072,0.0339481350032974,0.0098061638522682));
#2313=CARTESIAN_POINT('',(0.00062197875569647,0.0339496532727789,0.00988436909890459));
#2314=CARTESIAN_POINT('',(0.000699912181074122,0.0339467848729072,0.00995862510966347));
#2315=CARTESIAN_POINT('',(0.00080815271921268,0.0339371562734586,0.0100517495808339));
#2316=CARTESIAN_POINT('',(0.000950499146343078,0.0339144690790776,0.0101560568140004));
#2317=CARTESIAN_POINT('',(0.00112922135805052,0.0338716064940731,0.0102593373200867));
#2318=CARTESIAN_POINT('',(0.00137439143318545,0.0337974300551791,0.0103673550865387));
#2319=CARTESIAN_POINT('',(0.00168999474831817,0.0336834908162346,0.0104462114746692));
#2320=CARTESIAN_POINT('',(0.00195670772507674,0.0335923693773423,0.0104598922475982));
#2321=CARTESIAN_POINT('',(0.0020904395988865,0.0335500828871967,0.0104674871795191));
#2322=CARTESIAN_POINT('',(8.67404030007596E-5,0.0338005342663081,0.00835126852331493));
#2323=CARTESIAN_POINT('',(9.35844458762986E-5,0.0338205629439113,0.00841623541462417));
#2324=CARTESIAN_POINT('',(0.000106466342410476,0.0338640744925695,0.00854789542699199));
#2325=CARTESIAN_POINT('',(0.000141564900096276,0.0339585258098421,0.00881250639966931));
#2326=CARTESIAN_POINT('',(0.000213195020495892,0.0340546734445839,0.00906179918433418));
#2327=CARTESIAN_POINT('',(0.000313824665893592,0.0341223010586972,0.00927086601687473));
#2328=CARTESIAN_POINT('',(0.000382589913642354,0.0341525869941123,0.00938772876712351));
#2329=CARTESIAN_POINT('',(0.000439343190286278,0.0341710829047979,0.00947380205803507));
#2330=CARTESIAN_POINT('',(0.000500816847256282,0.0341853505936135,0.00955807962353689));
#2331=CARTESIAN_POINT('',(0.000566565640159972,0.0341953350496349,0.00964028056462271));
#2332=CARTESIAN_POINT('',(0.00063619117586724,0.0342010275130178,0.00972002991629181));
#2333=CARTESIAN_POINT('',(0.000709303420627498,0.0342023931657937,0.00979691371018091));
#2334=CARTESIAN_POINT('',(0.000785505440265849,0.0341994030984748,0.00987051766097898));
#2335=CARTESIAN_POINT('',(0.00089074296684784,0.0341897042201101,0.00996370126493466));
#2336=CARTESIAN_POINT('',(0.00102816094758403,0.0341670925199878,0.0100699056948523));
#2337=CARTESIAN_POINT('',(0.00120047244950094,0.0341241547443707,0.010177553425947));
#2338=CARTESIAN_POINT('',(0.00143845757264901,0.0340479228316778,0.010290107502108));
#2339=CARTESIAN_POINT('',(0.00175112259697836,0.033931438110924,0.0103772817912833));
#2340=CARTESIAN_POINT('',(0.00201520692385273,0.0338385598419396,0.0104001254246614));
#2341=CARTESIAN_POINT('',(0.00214670633550367,0.0337947993477302,0.0104150398393416));
#2342=CARTESIAN_POINT('',(0.000191285535486885,0.0340816939336087,0.00826121121399102));
#2343=CARTESIAN_POINT('',(0.000201676868511659,0.0341023806522465,0.00832482862892305));
#2344=CARTESIAN_POINT('',(0.000223823070161249,0.0341447299893231,0.0084513493867814));
#2345=CARTESIAN_POINT('',(0.000273341815707031,0.0342393613306161,0.00870180036523403));
#2346=CARTESIAN_POINT('',(0.0003496772078518,0.0343532932798265,0.00894470814785082));
#2347=CARTESIAN_POINT('',(0.00046158544081441,0.0344170680729097,0.00914438299769579));
#2348=CARTESIAN_POINT('',(0.000534084508695351,0.0344457535830062,0.00925529909726128));
#2349=CARTESIAN_POINT('',(0.000592294836524799,0.0344632863542408,0.00933714277900871));
#2350=CARTESIAN_POINT('',(0.000654071477859609,0.0344766957539068,0.00941752690485298));
#2351=CARTESIAN_POINT('',(0.000719181390607176,0.0344860027672159,0.00949619486517911));
#2352=CARTESIAN_POINT('',(0.000787306757941829,0.0344912114040927,0.00957291015353284));
#2353=CARTESIAN_POINT('',(0.000858121415239062,0.0344924265518937,0.00964741016686999));
#2354=CARTESIAN_POINT('',(0.000931342515818495,0.0344897472165831,0.00971936629187047));
#2355=CARTESIAN_POINT('',(0.00103178959559923,0.0344808236424441,0.00981149446715198));
#2356=CARTESIAN_POINT('',(0.00116217436110786,0.0344593277010778,0.00991847333966829));
#2357=CARTESIAN_POINT('',(0.00132462690281656,0.0344173107725127,0.0100311753916551));
#2358=CARTESIAN_POINT('',(0.00155063322617355,0.0343430139377056,0.0101562242472222));
#2359=CARTESIAN_POINT('',(0.00185651703851029,0.0342147544343347,0.0102439403491321));
#2360=CARTESIAN_POINT('',(0.00210968060090381,0.0341186017531935,0.0102886009879776));
#2361=CARTESIAN_POINT('',(0.00223467854321258,0.0340760953219741,0.0103124484614533));
#2362=CARTESIAN_POINT('',(0.000354894726670883,0.0343524873486791,0.00810194887187225));
#2363=CARTESIAN_POINT('',(0.000372175520822106,0.0343734956598664,0.00816284858721476));
#2364=CARTESIAN_POINT('',(0.00040820189479301,0.0344172901914864,0.00828434501883216));
#2365=CARTESIAN_POINT('',(0.000488099640588854,0.0345080662517222,0.00852514256603));
#2366=CARTESIAN_POINT('',(0.000596290103484749,0.0346116494056201,0.00874625971156417));
#2367=CARTESIAN_POINT('',(0.000710888466290499,0.0346791324465334,0.00893279992433289));
#2368=CARTESIAN_POINT('',(0.000783291359770618,0.0347087441570049,0.00903756828778674));
#2369=CARTESIAN_POINT('',(0.000840967017584453,0.0347266294998413,0.00911468022225979));
#2370=CARTESIAN_POINT('',(0.000901585401780951,0.0347405389174359,0.00919016167383689));
#2371=CARTESIAN_POINT('',(0.000964660253439615,0.0347505316588977,0.00926399952407376));
#2372=CARTESIAN_POINT('',(0.00102992642137016,0.0347566185145947,0.00933608481242705));
#2373=CARTESIAN_POINT('',(0.00109723369263604,0.0347585836093889,0.00940629178471745));
#2374=CARTESIAN_POINT('',(0.00116644774766903,0.0347562294113042,0.00947454386667824));
#2375=CARTESIAN_POINT('',(0.00126121289205946,0.0347476248205484,0.00956270180309086));
#2376=CARTESIAN_POINT('',(0.00138392561331923,0.034727227612676,0.00966724882683703));
#2377=CARTESIAN_POINT('',(0.00153814568833919,0.0346865030299396,0.0097798479387931));
#2378=CARTESIAN_POINT('',(0.00175051581117399,0.0346076533774572,0.00990859754438495));
#2379=CARTESIAN_POINT('',(0.00203092877845072,0.0344849565854861,0.0100361441439795));
#2380=CARTESIAN_POINT('',(0.00227067812056436,0.0343910866559331,0.0101130246079));
#2381=CARTESIAN_POINT('',(0.00239215226363711,0.0343487406865326,0.0101490220003256));
#2382=CARTESIAN_POINT('',(0.000546336339047495,0.0345727268553309,0.00790918115668035));
#2383=CARTESIAN_POINT('',(0.000569993689486759,0.0345897773348149,0.00796661596676016));
#2384=CARTESIAN_POINT('',(0.000619104305597546,0.034623881073476,0.00808033495718474));
#2385=CARTESIAN_POINT('',(0.000725226183944206,0.0346955398766004,0.00830094885554154));
#2386=CARTESIAN_POINT('',(0.000857519429328641,0.0347779326067663,0.00851795661165331));
#2387=CARTESIAN_POINT('',(0.000989577255944341,0.0348405803484308,0.00869004810301828));
#2388=CARTESIAN_POINT('',(0.00106846268116963,0.034870555567215,0.00878486647096523));
#2389=CARTESIAN_POINT('',(0.00112858068647089,0.0348896469436335,0.0088547353357685));
#2390=CARTESIAN_POINT('',(0.00118951303344832,0.0349045140711103,0.00892344428564693));
#2391=CARTESIAN_POINT('',(0.00125144550934464,0.0349148768768567,0.00899090058283654));
#2392=CARTESIAN_POINT('',(0.00131439557076571,0.0349206965790599,0.00905720363399376));
#2393=CARTESIAN_POINT('',(0.00137834359255997,0.0349224708612289,0.00912246983641661));
#2394=CARTESIAN_POINT('',(0.00144336717739375,0.0349206248370175,0.00918666042767777));
#2395=CARTESIAN_POINT('',(0.00153149553776816,0.0349127106547034,0.00927088839162346));
#2396=CARTESIAN_POINT('',(0.00164492985643188,0.0348912497494159,0.00937320612787923));
#2397=CARTESIAN_POINT('',(0.00178560655462661,0.0348490951957131,0.00949251120455934));
#2398=CARTESIAN_POINT('',(0.00198138640390499,0.0347779106087945,0.00964282071233532));
#2399=CARTESIAN_POINT('',(0.00225021055840889,0.034675965123848,0.00980638569217533));
#2400=CARTESIAN_POINT('',(0.00246867622319951,0.034595855619607,0.00991933385497613));
#2401=CARTESIAN_POINT('',(0.0025807721461776,0.034558118834901,0.00997265325394179));
#2402=CARTESIAN_POINT('',(0.000745601931598084,0.0347443653108285,0.00768410908752567));
#2403=CARTESIAN_POINT('',(0.000775021903384811,0.0347578072994536,0.00773813932666223));
#2404=CARTESIAN_POINT('',(0.000836049783222514,0.0347848541559447,0.00784498536778939));
#2405=CARTESIAN_POINT('',(0.000970922612891337,0.0348374155604271,0.00805448708300077));
#2406=CARTESIAN_POINT('',(0.00112457037034954,0.0348900763289675,0.008247971460178));
#2407=CARTESIAN_POINT('',(0.00127109840226759,0.0349324540842724,0.00840572005165425));
#2408=CARTESIAN_POINT('',(0.00135698667230455,0.0349538452256827,0.00849388586469366));
#2409=CARTESIAN_POINT('',(0.00142213798339135,0.0349679847579123,0.00855904624081154));
#2410=CARTESIAN_POINT('',(0.00148738633294947,0.0349800381700578,0.00862375318348082));
#2411=CARTESIAN_POINT('',(0.00155227028615924,0.0349896821361056,0.00868842456371312));
#2412=CARTESIAN_POINT('',(0.00161691169680309,0.0349965071921675,0.00875310719653681));
#2413=CARTESIAN_POINT('',(0.0016815658744438,0.0349991019174772,0.00881773085643915));
#2414=CARTESIAN_POINT('',(0.00174625706693419,0.0349964514326913,0.00888247618462606));
#2415=CARTESIAN_POINT('',(0.00183278452957013,0.0349873546882123,0.00896888979594323));
#2416=CARTESIAN_POINT('',(0.00194072474478002,0.0349691409579939,0.00907801122005273));
#2417=CARTESIAN_POINT('',(0.00207198447465042,0.0349385973216867,0.00920805834857891));
#2418=CARTESIAN_POINT('',(0.0022522737071159,0.0348901434865909,0.00937530302586312));
#2419=CARTESIAN_POINT('',(0.00249138278306924,0.0348232344609771,0.00956791774462753));
#2420=CARTESIAN_POINT('',(0.00269945356110619,0.0347690363217291,0.00970826385571011));
#2421=CARTESIAN_POINT('',(0.00280477027696621,0.0347393855266552,0.00977412211704227));
#2422=CARTESIAN_POINT('',(0.000893950471132755,0.0348332175984317,0.00752421396711693));
#2423=CARTESIAN_POINT('',(0.000926238843801687,0.0348444247011827,0.00757679342221275));
#2424=CARTESIAN_POINT('',(0.000993183505931071,0.0348663827344035,0.00768071315007831));
#2425=CARTESIAN_POINT('',(0.00113708778286336,0.0349087302008812,0.00788156946412902));
#2426=CARTESIAN_POINT('',(0.00129786657403842,0.034946962054559,0.00807004619669069));
#2427=CARTESIAN_POINT('',(0.00145369251595215,0.0349700250529541,0.00821682048408318));
#2428=CARTESIAN_POINT('',(0.00154709252839645,0.0349811646163088,0.00829723084256516));
#2429=CARTESIAN_POINT('',(0.00161811872981944,0.0349882861457417,0.00835707052874326));
#2430=CARTESIAN_POINT('',(0.00168908632331472,0.0349937574664754,0.00841708371796177));
#2431=CARTESIAN_POINT('',(0.00175934200432347,0.0349975045843408,0.00847804852665493));
#2432=CARTESIAN_POINT('',(0.00182818665797812,0.0349995583097721,0.00854063977362452));
#2433=CARTESIAN_POINT('',(0.00189500841142305,0.0350001564434552,0.00860533380012303));
#2434=CARTESIAN_POINT('',(0.00195977187319264,0.0349995199063156,0.00867205017264382));
#2435=CARTESIAN_POINT('',(0.00204324616646392,0.034996759592965,0.00876383698125297));
#2436=CARTESIAN_POINT('',(0.00214353717388826,0.0349890862715206,0.00888194530682033));
#2437=CARTESIAN_POINT('',(0.0022628819825965,0.0349733990452375,0.0090233986539933));
#2438=CARTESIAN_POINT('',(0.00242826432336138,0.034946585026993,0.00920198115215381));
#2439=CARTESIAN_POINT('',(0.00265966588002449,0.0348991728681471,0.00940478991739336));
#2440=CARTESIAN_POINT('',(0.00285988688634489,0.0348541132837167,0.00955335522055278));
#2441=CARTESIAN_POINT('',(0.0029624422775537,0.034830542377459,0.00962451312577024));
#2442=CARTESIAN_POINT('',(0.000969808180060407,0.0348737299646677,0.00744313297416326));
#2443=CARTESIAN_POINT('',(0.00100331143008969,0.0348838101152521,0.0074949530928976));
#2444=CARTESIAN_POINT('',(0.00107257896766262,0.034903589827919,0.00759725935770226));
#2445=CARTESIAN_POINT('',(0.00122092793537064,0.0349406644073464,0.00779521833944827));
#2446=CARTESIAN_POINT('',(0.00138573264705448,0.0349708132470282,0.00797931628598906));
#2447=CARTESIAN_POINT('',(0.00154704215605028,0.034986637671586,0.00812201420658622));
#2448=CARTESIAN_POINT('',(0.00164303705577365,0.0349931421823563,0.00820031882829402));
#2449=CARTESIAN_POINT('',(0.00171616770280769,0.0349966130553191,0.00825813318584805));
#2450=CARTESIAN_POINT('',(0.00178951088253235,0.0349986446186687,0.00831584895034933));
#2451=CARTESIAN_POINT('',(0.00186216637473697,0.0349996422844433,0.00837447248017303));
#2452=CARTESIAN_POINT('',(0.00193305565650179,0.0349999579551123,0.00843522495753508));
#2453=CARTESIAN_POINT('',(0.00200109251479055,0.0349999879875477,0.00849923773548091));
#2454=CARTESIAN_POINT('',(0.00206533571484294,0.034999952300209,0.00856699559064018));
#2455=CARTESIAN_POINT('',(0.00214638254247932,0.034999507369253,0.00866137325880659));
#2456=CARTESIAN_POINT('',(0.00224165622569002,0.0349974160231434,0.00878429137243968));
#2457=CARTESIAN_POINT('',(0.00235686051272228,0.0349889749453129,0.00892978540420014));
#2458=CARTESIAN_POINT('',(0.00251790366991475,0.0349705352588285,0.00911417457772412));
#2459=CARTESIAN_POINT('',(0.00274344454932865,0.0349331002938543,0.00932249057661519));
#2460=CARTESIAN_POINT('',(0.00294114254166375,0.0348931296887631,0.00947500401046385));
#2461=CARTESIAN_POINT('',(0.00304215250533225,0.0348719796612645,0.0095483009700993));
#2462=CARTESIAN_POINT('',(0.0230851585328151,0.0326052481144689,0.010502924051514));
#2463=CARTESIAN_POINT('',(0.0231515849393261,0.0326274330581176,0.0105022847618087));
#2464=CARTESIAN_POINT('',(0.0232832869911918,0.0326727124959558,0.0104983576796244));
#2465=CARTESIAN_POINT('',(0.0235412548962677,0.0327650256699412,0.0104735538486106));
#2466=CARTESIAN_POINT('',(0.0237953998819033,0.0328504483616824,0.0104154099876946));
#2467=CARTESIAN_POINT('',(0.0240041784564883,0.0329075602972368,0.0103332914748629));
#2468=CARTESIAN_POINT('',(0.0241189254861731,0.0329338717466036,0.0102775207434575));
#2469=CARTESIAN_POINT('',(0.024202165266953,0.0329505074057038,0.010231278027187));
#2470=CARTESIAN_POINT('',(0.0242822036305428,0.0329637712486344,0.0101805912932521));
#2471=CARTESIAN_POINT('',(0.0243587112229176,0.0329735101070488,0.0101253680505084));
#2472=CARTESIAN_POINT('',(0.0244313568506592,0.0329795131482953,0.0100656761422289));
#2473=CARTESIAN_POINT('',(0.024499778276755,0.0329815159002852,0.0100016808747516));
#2474=CARTESIAN_POINT('',(0.0245638289316707,0.0329794178983251,0.00993343974239569));
#2475=CARTESIAN_POINT('',(0.0246434099121344,0.0329713184418009,0.00983696390621874));
#2476=CARTESIAN_POINT('',(0.024731626946589,0.0329519634382585,0.00970688475117294));
#2477=CARTESIAN_POINT('',(0.0248199308277757,0.0329151981808837,0.00953779772503341));
#2478=CARTESIAN_POINT('',(0.0249140377545375,0.0328497666508105,0.00929989067452021));
#2479=CARTESIAN_POINT('',(0.0249878464227682,0.0327426273822673,0.00898278427164972));
#2480=CARTESIAN_POINT('',(0.0250017917430111,0.0326432495711812,0.00872041573179098));
#2481=CARTESIAN_POINT('',(0.0250015454037463,0.0325948300278989,0.0085851483222834));
#2482=CARTESIAN_POINT('',(0.0230791254500901,0.0326332200142599,0.0105025040774424));
#2483=CARTESIAN_POINT('',(0.0231457262956707,0.0326554574648849,0.0105019776867305));
#2484=CARTESIAN_POINT('',(0.0232778427789455,0.0327008472822207,0.010498316989107));
#2485=CARTESIAN_POINT('',(0.0235367334413675,0.0327935987662092,0.0104741236945895));
#2486=CARTESIAN_POINT('',(0.0237911490245333,0.0328791303719064,0.0104165308811538));
#2487=CARTESIAN_POINT('',(0.0240012421533823,0.0329362676637977,0.0103345948550645));
#2488=CARTESIAN_POINT('',(0.0241166287848528,0.0329627089863744,0.010278811759352));
#2489=CARTESIAN_POINT('',(0.0242003616955324,0.0329794576798555,0.0102324654371039));
#2490=CARTESIAN_POINT('',(0.0242809131156384,0.0329928461206384,0.0101815407012728));
#2491=CARTESIAN_POINT('',(0.0243579330665379,0.0330027263471638,0.0101260023135427));
#2492=CARTESIAN_POINT('',(0.0244311106931721,0.0330088335310668,0.0100659603342237));
#2493=CARTESIAN_POINT('',(0.0244999898405074,0.0330109023222882,0.0100015268757233));
#2494=CARTESIAN_POINT('',(0.024564469087303,0.0330087370060103,0.00993279103064415));
#2495=CARTESIAN_POINT('',(0.0246445086543184,0.0330004767773884,0.00983558961621905));
#2496=CARTESIAN_POINT('',(0.0247331025527384,0.0329807910857953,0.00970466654365073));
#2497=CARTESIAN_POINT('',(0.0248213112148206,0.0329438243207508,0.00953484616388466));
#2498=CARTESIAN_POINT('',(0.0249151364500326,0.0328783910268561,0.00929563931584216));
#2499=CARTESIAN_POINT('',(0.0249882389917305,0.0327709810659732,0.00897796833096042));
#2500=CARTESIAN_POINT('',(0.0250016430339154,0.0326715331147063,0.00871482830627762));
#2501=CARTESIAN_POINT('',(0.0250012567253419,0.032623147317926,0.00857922280417084));
#2502=CARTESIAN_POINT('',(0.0230661010691156,0.0326928228493085,0.0105016695323692));
#2503=CARTESIAN_POINT('',(0.0231330588130832,0.0327151670224889,0.0105013780127058));
#2504=CARTESIAN_POINT('',(0.0232660022448549,0.0327607811750779,0.0104983076475137));
#2505=CARTESIAN_POINT('',(0.0235269510352797,0.0328544207649518,0.0104753922004467));
#2506=CARTESIAN_POINT('',(0.0237814942545036,0.032940206270994,0.0104191671239444));
#2507=CARTESIAN_POINT('',(0.0239942110708718,0.032997373802761,0.0103376795228741));
#2508=CARTESIAN_POINT('',(0.0241109356665471,0.0330240856073733,0.0102819004327158));
#2509=CARTESIAN_POINT('',(0.0241958720534407,0.0330410302969295,0.0102352472579727));
#2510=CARTESIAN_POINT('',(0.0242777004139408,0.0330546540336004,0.0101837283032658));
#2511=CARTESIAN_POINT('',(0.0243560530097284,0.0330647232521824,0.0101274694900331));
#2512=CARTESIAN_POINT('',(0.0244304523098922,0.0330709809558281,0.010066475336036));
#2513=CARTESIAN_POINT('',(0.0245004873452899,0.0330730850451336,0.0100009779514965));
#2514=CARTESIAN_POINT('',(0.0245659480530809,0.0330708118477607,0.009931077218859));
#2515=CARTESIAN_POINT('',(0.024647022485556,0.0330622957914174,0.00983228059308186));
#2516=CARTESIAN_POINT('',(0.0247365344059881,0.0330421277012157,0.00969924826999997));
#2517=CARTESIAN_POINT('',(0.0248246054682771,0.0330047582081341,0.0095277579519891));
#2518=CARTESIAN_POINT('',(0.0249177686519223,0.032939273990851,0.00928596361202139));
#2519=CARTESIAN_POINT('',(0.0249891196807731,0.0328312744459858,0.00896754141603662));
#2520=CARTESIAN_POINT('',(0.0250013770294378,0.0327317687981013,0.00870268887598296));
#2521=CARTESIAN_POINT('',(0.0250007143990095,0.032683454522957,0.00856639062272682));
#2522=CARTESIAN_POINT('',(0.0230457623936517,0.0327838329190511,0.0105006476884375));
#2523=CARTESIAN_POINT('',(0.0231133343902955,0.0328063681285895,0.0105005610732222));
#2524=CARTESIAN_POINT('',(0.0232469107013214,0.0328523144226763,0.0104986645883393));
#2525=CARTESIAN_POINT('',(0.0235116184053511,0.0329469807875946,0.010477367943508));
#2526=CARTESIAN_POINT('',(0.023765151210438,0.0330332957432878,0.0104239522435739));
#2527=CARTESIAN_POINT('',(0.0239801370621412,0.0330905616343188,0.010343805351843));
#2528=CARTESIAN_POINT('',(0.024099543922622,0.0331176868736911,0.0102873208076681));
#2529=CARTESIAN_POINT('',(0.0241868355668503,0.0331348777989997,0.0102395677348526));
#2530=CARTESIAN_POINT('',(0.0242710139069207,0.0331487267256168,0.0101867369432338));
#2531=CARTESIAN_POINT('',(0.0243515979229758,0.0331589269014019,0.0101289126580231));
#2532=CARTESIAN_POINT('',(0.0244280861323459,0.0331651908809694,0.0100662050597097));
#2533=CARTESIAN_POINT('',(0.0245000675115496,0.0331672134709518,0.00999881012821112));
#2534=CARTESIAN_POINT('',(0.0245672765681651,0.0331648793410413,0.00992695093260189));
#2535=CARTESIAN_POINT('',(0.0246503420168761,0.0331561722628645,0.00982552233815919));
#2536=CARTESIAN_POINT('',(0.0247419388810222,0.0331356680548072,0.00968901550768018));
#2537=CARTESIAN_POINT('',(0.0248310758028161,0.0330977670981066,0.0095135453050244));
#2538=CARTESIAN_POINT('',(0.0249228538339217,0.033031680717476,0.00926937292562891));
#2539=CARTESIAN_POINT('',(0.0249903979651736,0.0329229513024624,0.00895106501010274));
#2540=CARTESIAN_POINT('',(0.0250012198965431,0.0328236828266852,0.00868331591679063));
#2541=CARTESIAN_POINT('',(0.0250001321680293,0.0327754567460302,0.00854626478867332));
#2542=CARTESIAN_POINT('',(0.0230246428355791,0.0328783604675299,0.0105001042694611));
#2543=CARTESIAN_POINT('',(0.0230926481288523,0.0329009714137634,0.0105000138520794));
#2544=CARTESIAN_POINT('',(0.0232273450394027,0.0329477530476179,0.0104989765883312));
#2545=CARTESIAN_POINT('',(0.0234925703218643,0.0330423621405536,0.0104803737765382));
#2546=CARTESIAN_POINT('',(0.0237482810445972,0.0331290082717606,0.0104288121205887));
#2547=CARTESIAN_POINT('',(0.0239647352151899,0.0331875484612035,0.0103485425192201));
#2548=CARTESIAN_POINT('',(0.024086410274614,0.0332150039546583,0.0102909076884855));
#2549=CARTESIAN_POINT('',(0.0241755980085362,0.0332324403100702,0.0102420233311155));
#2550=CARTESIAN_POINT('',(0.0242619053878029,0.0332464174985123,0.0101876930696644));
#2551=CARTESIAN_POINT('',(0.0243446052446379,0.0332566549680798,0.0101281660781728));
#2552=CARTESIAN_POINT('',(0.0244231509829654,0.0332628591573694,0.0100636286263755));
#2553=CARTESIAN_POINT('',(0.0244971064469608,0.0332648055258668,0.00999430935091248));
#2554=CARTESIAN_POINT('',(0.0245661732765713,0.0332624201559639,0.00992047006256726));
#2555=CARTESIAN_POINT('',(0.0246515143595968,0.0332536528255995,0.00981638390865462));
#2556=CARTESIAN_POINT('',(0.0247454481879498,0.0332328499979372,0.00967661586388535));
#2557=CARTESIAN_POINT('',(0.0248360260179601,0.0331943942426176,0.00949770638856404));
#2558=CARTESIAN_POINT('',(0.0249278697545364,0.0331263377613842,0.00925068044875226));
#2559=CARTESIAN_POINT('',(0.0249930901363909,0.0330177386440871,0.00893194209407648));
#2560=CARTESIAN_POINT('',(0.0250005574287332,0.0329191467721685,0.00866313262032559));
#2561=CARTESIAN_POINT('',(0.0250001514664093,0.0328707513880399,0.0085251722633037));
#2562=CARTESIAN_POINT('',(0.0229976915646212,0.033004145372416,0.0104998726262599));
#2563=CARTESIAN_POINT('',(0.0230667559364935,0.0330275246700117,0.0105000277301841));
#2564=CARTESIAN_POINT('',(0.0232023001381357,0.0330751343077252,0.0104999263673492));
#2565=CARTESIAN_POINT('',(0.0234657790967808,0.0331691719827746,0.0104838984028102));
#2566=CARTESIAN_POINT('',(0.0237257247624501,0.033256813126183,0.0104326178691999));
#2567=CARTESIAN_POINT('',(0.023944584395429,0.0333168249158588,0.0103504047696972));
#2568=CARTESIAN_POINT('',(0.0240679997169579,0.0333449157659607,0.0102911707145694));
#2569=CARTESIAN_POINT('',(0.024158884071337,0.0333626291387343,0.0102407401854267));
#2570=CARTESIAN_POINT('',(0.0242471565686522,0.0333767469231381,0.0101845837229611));
#2571=CARTESIAN_POINT('',(0.024332020873391,0.0333869896133534,0.0101229863558418));
#2572=CARTESIAN_POINT('',(0.0244128160777434,0.0333931209099698,0.0100562475441894));
#2573=CARTESIAN_POINT('',(0.0244890461851615,0.0333949811444059,0.00998466098300291));
#2574=CARTESIAN_POINT('',(0.0245603537658612,0.0333925367824851,0.00990854491238647));
#2575=CARTESIAN_POINT('',(0.024648553514324,0.033383660442375,0.00980149788969968));
#2576=CARTESIAN_POINT('',(0.0247452332461447,0.033362523796277,0.00965834569643733));
#2577=CARTESIAN_POINT('',(0.0248385539297548,0.0333229141953609,0.00947617902909759));
#2578=CARTESIAN_POINT('',(0.0249294989010973,0.0332526554438056,0.00922597816815219));
#2579=CARTESIAN_POINT('',(0.0249985217227562,0.0331431864924746,0.00890541044137887));
#2580=CARTESIAN_POINT('',(0.0249998803809348,0.0330459691980678,0.00863654851618036));
#2581=CARTESIAN_POINT('',(0.02499991705886,0.0329975114274632,0.00849896993127115));
#2582=CARTESIAN_POINT('',(0.0229750224698092,0.0331670435751003,0.010500347198992));
#2583=CARTESIAN_POINT('',(0.0230421862327406,0.033188936039624,0.0105000917479203));
#2584=CARTESIAN_POINT('',(0.0231758263934123,0.0332348352638014,0.0104993077926373));
#2585=CARTESIAN_POINT('',(0.0234381294441626,0.0333290511736045,0.0104823243449128));
#2586=CARTESIAN_POINT('',(0.0236976778065831,0.0334176721315886,0.01042935245062));
#2587=CARTESIAN_POINT('',(0.0239193006987056,0.0334790640736314,0.0103427714519401));
#2588=CARTESIAN_POINT('',(0.0240434392512253,0.0335078071132828,0.010281209680314));
#2589=CARTESIAN_POINT('',(0.024134921776185,0.0335258704235335,0.0102290050537714));
#2590=CARTESIAN_POINT('',(0.0242240976870906,0.0335401532437168,0.010170966864048));
#2591=CARTESIAN_POINT('',(0.0243102154102383,0.0335504268219285,0.010107401526236));
#2592=CARTESIAN_POINT('',(0.0243925970731287,0.0335565046122776,0.0100386529034883));
#2593=CARTESIAN_POINT('',(0.0244706659919706,0.0335582775730406,0.00996509478432588));
#2594=CARTESIAN_POINT('',(0.0245439536221061,0.0335557223335086,0.00988712560766463));
#2595=CARTESIAN_POINT('',(0.0246347722258289,0.0335466263932565,0.00977787334184573));
#2596=CARTESIAN_POINT('',(0.0247346785498328,0.0335249267858716,0.00963260700418528));
#2597=CARTESIAN_POINT('',(0.0248303755589991,0.0334837985867059,0.00944885632579471));
#2598=CARTESIAN_POINT('',(0.0249258303729429,0.0334123061900595,0.00919685806786402));
#2599=CARTESIAN_POINT('',(0.0249989131472801,0.0332994303879628,0.00887724106204704));
#2600=CARTESIAN_POINT('',(0.0249999941970698,0.0332042596144513,0.00861013761592098));
#2601=CARTESIAN_POINT('',(0.0250004199283453,0.0331608363107223,0.00847566227010073));
#2602=CARTESIAN_POINT('',(0.0229429797414049,0.0333631361740455,0.0104911401631679));
#2603=CARTESIAN_POINT('',(0.0230112499668479,0.0333843867506874,0.0104892354676803));
#2604=CARTESIAN_POINT('',(0.0231466727216385,0.0334288012440695,0.010485554650245));
#2605=CARTESIAN_POINT('',(0.0234086606856663,0.0335217898716606,0.0104647430445655));
#2606=CARTESIAN_POINT('',(0.0236653330583198,0.0336120830460781,0.0104071643025642));
#2607=CARTESIAN_POINT('',(0.0238850991885917,0.0336746402627192,0.0103155789152263));
#2608=CARTESIAN_POINT('',(0.0240082982723482,0.0337039406047557,0.0102513567968742));
#2609=CARTESIAN_POINT('',(0.02409904705447,0.033722314714193,0.0101973736971402));
#2610=CARTESIAN_POINT('',(0.0241876456058267,0.0337367796606095,0.0101377738513443));
#2611=CARTESIAN_POINT('',(0.0242735192305662,0.0337470991246186,0.0100728499861761));
#2612=CARTESIAN_POINT('',(0.0243560659294466,0.0337531286388841,0.0100029663717206));
#2613=CARTESIAN_POINT('',(0.0244347152916864,0.0337547883459987,0.00992853295862252));
#2614=CARTESIAN_POINT('',(0.0245089512868182,0.0337520612740554,0.00984999502207801));
#2615=CARTESIAN_POINT('',(0.0246014422447082,0.0337426448816403,0.0097404258110213));
#2616=CARTESIAN_POINT('',(0.0247038420090697,0.0337202816150816,0.00959560840705517));
#2617=CARTESIAN_POINT('',(0.0248035575001576,0.0336781527547569,0.00941325122883217));
#2618=CARTESIAN_POINT('',(0.0249061326403725,0.0336052883121098,0.00916350951509492));
#2619=CARTESIAN_POINT('',(0.024981396178676,0.0334909013444335,0.00884667212501221));
#2620=CARTESIAN_POINT('',(0.0249878043849358,0.0334001797637493,0.00857986276207487));
#2621=CARTESIAN_POINT('',(0.0249916124407762,0.0333584597556128,0.00844546964873264));
#2622=CARTESIAN_POINT('',(0.0229071192127016,0.0335548082516015,0.0104666597221309));
#2623=CARTESIAN_POINT('',(0.0229742791798845,0.0335754788072486,0.0104629416856095));
#2624=CARTESIAN_POINT('',(0.0231091233332681,0.0336191780766512,0.0104554542501466));
#2625=CARTESIAN_POINT('',(0.0233741159675033,0.033712666391444,0.0104292271486791));
#2626=CARTESIAN_POINT('',(0.0236272909666893,0.033804768163991,0.0103661511370577));
#2627=CARTESIAN_POINT('',(0.0238430613367164,0.0338688750923639,0.0102700462189996));
#2628=CARTESIAN_POINT('',(0.0239638275021992,0.0338987943944965,0.0102037623969734));
#2629=CARTESIAN_POINT('',(0.0240528538798141,0.0339174169923894,0.0101484833577347));
#2630=CARTESIAN_POINT('',(0.0241399068560018,0.0339319427038422,0.0100879010741197));
#2631=CARTESIAN_POINT('',(0.0242245083016727,0.0339422177214647,0.0100223588046088));
#2632=CARTESIAN_POINT('',(0.0243061638522402,0.0339481350032957,0.00995225669072883));
#2633=CARTESIAN_POINT('',(0.0243843690988762,0.0339496532727837,0.00987802124432862));
#2634=CARTESIAN_POINT('',(0.024458625109635,0.0339467848729186,0.0098000878189498));
#2635=CARTESIAN_POINT('',(0.024551749580806,0.0339371562734787,0.00969184728080931));
#2636=CARTESIAN_POINT('',(0.0246560568139743,0.0339144690791085,0.00954950085367596));
#2637=CARTESIAN_POINT('',(0.0247593373200638,0.033871606494116,0.00937077864196477));
#2638=CARTESIAN_POINT('',(0.0248673550865197,0.0337974300552364,0.00912560856682614));
#2639=CARTESIAN_POINT('',(0.0249462114746515,0.0336834908163069,0.00881000525169135));
#2640=CARTESIAN_POINT('',(0.0249598922475823,0.0335923693774259,0.00854329227493126));
#2641=CARTESIAN_POINT('',(0.0249674871795043,0.0335500828872844,0.00840956040112096));
#2642=CARTESIAN_POINT('',(0.0228512685232971,0.0338005342662284,0.0104132595970232));
#2643=CARTESIAN_POINT('',(0.0229162354146048,0.0338205629438341,0.010406415554148));
#2644=CARTESIAN_POINT('',(0.0230478954269707,0.0338640744924966,0.0103935336576139));
#2645=CARTESIAN_POINT('',(0.0233125063996474,0.0339585258097793,0.0103584350999299));
#2646=CARTESIAN_POINT('',(0.0235617991843094,0.0340546734445321,0.0102868049795351));
#2647=CARTESIAN_POINT('',(0.0237708660168464,0.0341223010586576,0.0101861753341396));
#2648=CARTESIAN_POINT('',(0.0238877287670932,0.034152586994081,0.0101174100863918));
#2649=CARTESIAN_POINT('',(0.0239738020580032,0.0341710829047731,0.0100606568097482));
#2650=CARTESIAN_POINT('',(0.0240580796235035,0.0341853505935955,0.00999918315277819));
#2651=CARTESIAN_POINT('',(0.0241402805645879,0.0341953350496238,0.00993343435987409));
#2652=CARTESIAN_POINT('',(0.0242200299162558,0.0342010275130138,0.00986380882416606));
#2653=CARTESIAN_POINT('',(0.024296913710144,0.0342023931657968,0.00979069657940471));
#2654=CARTESIAN_POINT('',(0.0243705176609414,0.0341994030984851,0.00971449455976501));
#2655=CARTESIAN_POINT('',(0.0244637012648968,0.0341897042201299,0.00960925703318093));
#2656=CARTESIAN_POINT('',(0.0245699056948149,0.0341670925200193,0.00947183905244171));
#2657=CARTESIAN_POINT('',(0.0246775534259119,0.0341241547444159,0.00929952755052155));
#2658=CARTESIAN_POINT('',(0.0247901075020767,0.0340479228317388,0.00906154242736927));
#2659=CARTESIAN_POINT('',(0.024877281791255,0.0339314381109976,0.00874887740303806));
#2660=CARTESIAN_POINT('',(0.0249001254246348,0.0338385598420226,0.00848479307616257));
#2661=CARTESIAN_POINT('',(0.0249150398393153,0.0337947993478178,0.0083532936645112));
#2662=CARTESIAN_POINT('',(0.0227612112139654,0.0340816939335326,0.0103087144645499));
#2663=CARTESIAN_POINT('',(0.0228248286288965,0.0341023806521721,0.0102983231315254));
#2664=CARTESIAN_POINT('',(0.0229513493867529,0.0341447299892524,0.0102761769298761));
#2665=CARTESIAN_POINT('',(0.0232018003652021,0.034239361330553,0.0102266581843313));
#2666=CARTESIAN_POINT('',(0.0234447081478189,0.0343532932797688,0.0101503227921897));
#2667=CARTESIAN_POINT('',(0.0236443829976621,0.0344170680728665,0.0100384145592301));
#2668=CARTESIAN_POINT('',(0.0237552990972256,0.034445753582972,0.00996591549134939));
#2669=CARTESIAN_POINT('',(0.0238371427789711,0.0344632863542138,0.00990770516351959));
#2670=CARTESIAN_POINT('',(0.0239175269048135,0.034476695753887,0.00984592852218413));
#2671=CARTESIAN_POINT('',(0.0239961948651376,0.0344860027672034,0.00978081860943554));
#2672=CARTESIAN_POINT('',(0.0240729101534893,0.0344912114040876,0.00971269324209957));
#2673=CARTESIAN_POINT('',(0.0241474101668244,0.0344924265518957,0.00964187858480075));
#2674=CARTESIAN_POINT('',(0.0242193662918231,0.0344897472165921,0.0095686574842195));
#2675=CARTESIAN_POINT('',(0.0243114944671026,0.0344808236424628,0.00946821040443618));
#2676=CARTESIAN_POINT('',(0.0244184733396173,0.0344593277011084,0.00933782563892436));
#2677=CARTESIAN_POINT('',(0.0245311753916036,0.0344173107725571,0.00917537309721177));
#2678=CARTESIAN_POINT('',(0.0246562242471744,0.034343013937769,0.00894936677385261));
#2679=CARTESIAN_POINT('',(0.0247439403490892,0.0342147544344087,0.00864348296151277));
#2680=CARTESIAN_POINT('',(0.0247886009879371,0.0341186017532732,0.00839031939911745));
#2681=CARTESIAN_POINT('',(0.0248124484614136,0.0340760953220556,0.00826532145680788));
#2682=CARTESIAN_POINT('',(0.0226019488718362,0.0343524873486097,0.0101451052733836));
#2683=CARTESIAN_POINT('',(0.022662848587178,0.0343734956597984,0.0101278244792322));
#2684=CARTESIAN_POINT('',(0.0227843450187947,0.0344172901914212,0.0100917981052613));
#2685=CARTESIAN_POINT('',(0.0230251425659915,0.0345080662516638,0.0100119003594682));
#2686=CARTESIAN_POINT('',(0.0232462597115282,0.0346116494055699,0.00990370989657798));
#2687=CARTESIAN_POINT('',(0.0234327999242934,0.0346791324464958,0.0097891115337701));
#2688=CARTESIAN_POINT('',(0.0235375682877448,0.0347087441569753,0.00971670864028854));
#2689=CARTESIAN_POINT('',(0.0236146802222157,0.0347266294998176,0.00965903298247334));
#2690=CARTESIAN_POINT('',(0.0236901616737901,0.0347405389174184,0.00959841459827496));
#2691=CARTESIAN_POINT('',(0.0237639995240243,0.0347505316588863,0.00953533974661416));
#2692=CARTESIAN_POINT('',(0.0238360848123749,0.0347566185145897,0.00947007357868132));
#2693=CARTESIAN_POINT('',(0.0239062917846627,0.0347585836093908,0.00940276630741313));
#2694=CARTESIAN_POINT('',(0.0239745438666212,0.034756229411313,0.00933355225237788));
#2695=CARTESIAN_POINT('',(0.0240627018030308,0.034747624820566,0.00923878710798449));
#2696=CARTESIAN_POINT('',(0.024167248826774,0.0347272276127039,0.00911607438672087));
#2697=CARTESIAN_POINT('',(0.0242798479387288,0.0346865030299797,0.00896185431169742));
#2698=CARTESIAN_POINT('',(0.02440859754432,0.0346076533775098,0.00874948418885663));
#2699=CARTESIAN_POINT('',(0.0245361441439186,0.0344849565855509,0.0084690712215796));
#2700=CARTESIAN_POINT('',(0.02461302460784,0.0343910866560078,0.00822932187946354));
#2701=CARTESIAN_POINT('',(0.0246490220002662,0.0343487406866142,0.00810784773638757));
#2702=CARTESIAN_POINT('',(0.0224091811566438,0.0345727268552709,0.00995366366102683));
#2703=CARTESIAN_POINT('',(0.022466615966722,0.0345897773347569,0.00993000631058763));
#2704=CARTESIAN_POINT('',(0.0225803349571429,0.034623881073422,0.00988089569447699));
#2705=CARTESIAN_POINT('',(0.0228009488554922,0.0346955398765511,0.0097747738161292));
#2706=CARTESIAN_POINT('',(0.0230179566116056,0.0347779326067217,0.00964248057075215));
#2707=CARTESIAN_POINT('',(0.0231900481029673,0.0348405803483966,0.00951042274413441));
#2708=CARTESIAN_POINT('',(0.0232848664709116,0.0348705555671874,0.00943153731890588));
#2709=CARTESIAN_POINT('',(0.0233547353357125,0.0348896469436115,0.0093714193136016));
#2710=CARTESIAN_POINT('',(0.0234234442855891,0.0349045140710941,0.00931048696662123));
#2711=CARTESIAN_POINT('',(0.0234909005827765,0.0349148768768464,0.00924855449072189));
#2712=CARTESIAN_POINT('',(0.0235572036339314,0.0349206965790553,0.00918560442929781));
#2713=CARTESIAN_POINT('',(0.0236224698363517,0.034922470861229,0.00912165640750049));
#2714=CARTESIAN_POINT('',(0.0236866604276099,0.0349206248370223,0.00905663282266363));
#2715=CARTESIAN_POINT('',(0.0237708883915516,0.034912710654716,0.00896850446228538));
#2716=CARTESIAN_POINT('',(0.023873206127803,0.0348912497494394,0.00885507014361801));
#2717=CARTESIAN_POINT('',(0.0239925112044782,0.0348490951957469,0.00871439344541831));
#2718=CARTESIAN_POINT('',(0.0241428207122519,0.0347779106088398,0.00851861359613584));
#2719=CARTESIAN_POINT('',(0.0243063856920958,0.0346759651239036,0.00824978944162983));
#2720=CARTESIAN_POINT('',(0.024419333854899,0.0345958556196673,0.00803132377683685));
#2721=CARTESIAN_POINT('',(0.0244726532538651,0.0345581188349647,0.00791922785385732));
#2722=CARTESIAN_POINT('',(0.0221841090874875,0.0347443653107655,0.00975439806849402));
#2723=CARTESIAN_POINT('',(0.0222381393266223,0.0347578072993933,0.00972497809670806));
#2724=CARTESIAN_POINT('',(0.0223449853677461,0.0347848541558898,0.00966395021687203));
#2725=CARTESIAN_POINT('',(0.0225544870829529,0.0348374155603856,0.00952907738720939));
#2726=CARTESIAN_POINT('',(0.0227479714601243,0.0348900763289335,0.00937542962975019));
#2727=CARTESIAN_POINT('',(0.0229057200515946,0.0349324540842457,0.00922890159782878));
#2728=CARTESIAN_POINT('',(0.0229938858646308,0.0349538452256609,0.00914301332778918));
#2729=CARTESIAN_POINT('',(0.0230590462407461,0.0349679847578941,0.00907786201669958));
#2730=CARTESIAN_POINT('',(0.0231237531834123,0.0349800381700432,0.00901261366713785));
#2731=CARTESIAN_POINT('',(0.0231884245636417,0.0349896821360947,0.00894772971392451));
#2732=CARTESIAN_POINT('',(0.0232531071964627,0.0349965071921611,0.00888308830327711));
#2733=CARTESIAN_POINT('',(0.023317730856362,0.0349991019174773,0.00881843412563302));
#2734=CARTESIAN_POINT('',(0.0233824761845459,0.034996451432698,0.00875374293313942));
#2735=CARTESIAN_POINT('',(0.0234688897958585,0.0349873546882246,0.00866721547049914));
#2736=CARTESIAN_POINT('',(0.0235780112199606,0.0349691409580121,0.00855927525528269));
#2737=CARTESIAN_POINT('',(0.0237080583484817,0.0349385973217123,0.00842801552540597));
#2738=CARTESIAN_POINT('',(0.0238753030257617,0.0348901434866257,0.00824772629293249));
#2739=CARTESIAN_POINT('',(0.0240679177445251,0.0348232344610212,0.00800861721696939));
#2740=CARTESIAN_POINT('',(0.0242082638556075,0.0347690363217792,0.00780054643892982));
#2741=CARTESIAN_POINT('',(0.02427412211694,0.0347393855267081,0.00769522972306819));
#2742=CARTESIAN_POINT('',(0.0220242139670787,0.0348332175983721,0.00960604952897583));
#2743=CARTESIAN_POINT('',(0.0220767934221729,0.0348444247011265,0.00957376115630802));
#2744=CARTESIAN_POINT('',(0.0221807131500353,0.0348663827343543,0.00950681649418101));
#2745=CARTESIAN_POINT('',(0.0223815694640804,0.0349087302008447,0.00936291221725215));
#2746=CARTESIAN_POINT('',(0.0225700461966368,0.0349469620545345,0.00920213342607712));
#2747=CARTESIAN_POINT('',(0.0227168204840257,0.0349700250529376,0.00904630748415971));
#2748=CARTESIAN_POINT('',(0.0227972308425025,0.0349811646162961,0.00895290747171217));
#2749=CARTESIAN_POINT('',(0.0228570705286761,0.0349882861457321,0.00888188127028612));
#2750=CARTESIAN_POINT('',(0.0229170837178897,0.0349937574664686,0.00881091367678725));
#2751=CARTESIAN_POINT('',(0.0229780485265775,0.0349975045843368,0.00874065799577406));
#2752=CARTESIAN_POINT('',(0.0230406397735416,0.0349995583097704,0.00867181334211446));
#2753=CARTESIAN_POINT('',(0.0231053338000351,0.0350001564434553,0.00860499158866453));
#2754=CARTESIAN_POINT('',(0.0231720501725509,0.0349995199063174,0.00854022812688992));
#2755=CARTESIAN_POINT('',(0.0232638369811528,0.0349967595929698,0.00845675383361101));
#2756=CARTESIAN_POINT('',(0.0233819453067126,0.0349890862715304,0.00835646282617801));
#2757=CARTESIAN_POINT('',(0.0235233986538804,0.0349733990452535,0.0082371180174607));
#2758=CARTESIAN_POINT('',(0.0237019811520368,0.0349465850270173,0.00807173567668735));
#2759=CARTESIAN_POINT('',(0.0239047899172731,0.0348991728681823,0.00784033412001643));
#2760=CARTESIAN_POINT('',(0.0240533552204321,0.0348541132837578,0.00764011311369096));
#2761=CARTESIAN_POINT('',(0.0241245131256494,0.0348305423775031,0.00753755772248014));
#2762=CARTESIAN_POINT('',(0.0219431329741252,0.0348737299646105,0.00953019182005667));
#2763=CARTESIAN_POINT('',(0.0219949530928579,0.0348838101151984,0.00949668857002855));
#2764=CARTESIAN_POINT('',(0.0220972593576595,0.0349035898278726,0.00942742103245793));
#2765=CARTESIAN_POINT('',(0.0222952183393998,0.0349406644073139,0.00927907206475332));
#2766=CARTESIAN_POINT('',(0.0224793162859363,0.0349708132470083,0.00911426735306936));
#2767=CARTESIAN_POINT('',(0.0226220142065286,0.0349866376715741,0.00895295784406994));
#2768=CARTESIAN_POINT('',(0.0227003188282318,0.0349931421823486,0.00885696294434318));
#2769=CARTESIAN_POINT('',(0.0227581331857815,0.0349966130553144,0.00878383229730585));
#2770=CARTESIAN_POINT('',(0.0228158489502778,0.0349986446186665,0.00871048911757715));
#2771=CARTESIAN_POINT('',(0.0228744724800952,0.0349996422844426,0.00863783362536739));
#2772=CARTESIAN_POINT('',(0.0229352249574498,0.0349999579551123,0.00856694434359614));
#2773=CARTESIAN_POINT('',(0.0229992377353889,0.0349999879875477,0.00849890748530152));
#2774=CARTESIAN_POINT('',(0.0230669955905417,0.0349999523002092,0.0084346642852423));
#2775=CARTESIAN_POINT('',(0.0231613732586995,0.0349995073692542,0.00835361745759698));
#2776=CARTESIAN_POINT('',(0.0232842913723229,0.0349974160231474,0.00825834377437568));
#2777=CARTESIAN_POINT('',(0.0234297854040779,0.0349889749453236,0.00814313948733533));
#2778=CARTESIAN_POINT('',(0.0236141745775981,0.0349705352588476,0.00798209633013395));
#2779=CARTESIAN_POINT('',(0.0238224905764859,0.0349331002938843,0.00775655545071244));
#2780=CARTESIAN_POINT('',(0.0239750040103337,0.0348931296887995,0.00755885745837206));
#2781=CARTESIAN_POINT('',(0.0240483009699688,0.0348719796613039,0.00745784749470129));
#2782=CARTESIAN_POINT('',(0.023,-0.019,-0.0104999999999999));
#2783=CARTESIAN_POINT('',(0.023000000000005,-0.0191902651979262,-0.0104999999999999));
#2784=CARTESIAN_POINT('',(0.0229999999999977,-0.0196165994637603,-0.0105013649934249));
#2785=CARTESIAN_POINT('',(0.0230000000000006,-0.0203872350723705,-0.0104494476877636));
#2786=CARTESIAN_POINT('',(0.023,-0.0212025738572759,-0.0102949547105688));
#2787=CARTESIAN_POINT('',(0.023,-0.0220403178582199,-0.0100073209246418));
#2788=CARTESIAN_POINT('',(0.023,-0.0228686766113454,-0.00956885617908826));
#2789=CARTESIAN_POINT('',(0.023,-0.0237000284470283,-0.00885466380211565));
#2790=CARTESIAN_POINT('',(0.023,-0.0242144372397795,-0.00810701926150574));
#2791=CARTESIAN_POINT('',(0.023,-0.0244380325683779,-0.00764582260877397));
#2792=CARTESIAN_POINT('',(0.023,-0.0245152918887194,-0.00746210689899923));
#2793=CARTESIAN_POINT('',(0.0230625,-0.019,-0.0104999999999999));
#2794=CARTESIAN_POINT('',(0.023062500000005,-0.0191902651979262,-0.0105000000026132));
#2795=CARTESIAN_POINT('',(0.0230624999999977,-0.0196165994637599,-0.0105013649922118));
#2796=CARTESIAN_POINT('',(0.0230625000000006,-0.020387235072372,-0.0104494476880891));
#2797=CARTESIAN_POINT('',(0.0230625,-0.0212025738572702,-0.0102949547104797));
#2798=CARTESIAN_POINT('',(0.0230625,-0.022040317858241,-0.0100073209246727));
#2799=CARTESIAN_POINT('',(0.0230625,-0.0228686766112666,-0.00956885617905362));
#2800=CARTESIAN_POINT('',(0.0230625,-0.0237000284473225,-0.00885466380222329));
#2801=CARTESIAN_POINT('',(0.0230625,-0.0242144372388369,-0.00810701926116605));
#2802=CARTESIAN_POINT('',(0.0230625,-0.0244380325697068,-0.00764582260925243));
#2803=CARTESIAN_POINT('',(0.0230625,-0.0245152918899128,-0.00746210689942895));
#2804=CARTESIAN_POINT('',(0.0231250745985243,-0.019,-0.0104999491373697));
#2805=CARTESIAN_POINT('',(0.0231250745985293,-0.0191902651979266,-0.0104999491419479));
#2806=CARTESIAN_POINT('',(0.023125074598522,-0.0196165982981311,-0.0105013141003874));
#2807=CARTESIAN_POINT('',(0.0231250745985249,-0.0203872286971604,-0.0104493971038294));
#2808=CARTESIAN_POINT('',(0.0231250745985243,-0.0212025608766401,-0.0102949053499105));
#2809=CARTESIAN_POINT('',(0.0231250745985243,-0.0220402975504036,-0.0100072740725529));
#2810=CARTESIAN_POINT('',(0.0231250745985243,-0.0228686481236305,-0.00956881352537263));
#2811=CARTESIAN_POINT('',(0.0231250745985243,-0.0236999900359668,-0.00885462963953925));
#2812=CARTESIAN_POINT('',(0.0231250745985243,-0.0242143931879372,-0.00810699343035533));
#2813=CARTESIAN_POINT('',(0.0231250745985243,-0.0244379863960219,-0.00764580118766857));
#2814=CARTESIAN_POINT('',(0.0231250745985243,-0.024515245008727,-0.00746208716526782));
#2815=CARTESIAN_POINT('',(0.0232520616319444,-0.019,-0.0104964599609374));
#2816=CARTESIAN_POINT('',(0.0232520616319494,-0.0191902651979524,-0.0104964599685794));
#2817=CARTESIAN_POINT('',(0.0232520616319421,-0.0196165183360234,-0.0104978229823758));
#2818=CARTESIAN_POINT('',(0.0232520616319451,-0.0203867913575653,-0.0104459270072082));
#2819=CARTESIAN_POINT('',(0.0232520616319444,-0.0212016704056983,-0.0102915192193566));
#2820=CARTESIAN_POINT('',(0.0232520616319445,-0.022038904431693,-0.0100040600155734));
#2821=CARTESIAN_POINT('',(0.0232520616319444,-0.0228666938757708,-0.00956588748460305));
#2822=CARTESIAN_POINT('',(0.0232520616319444,-0.0236973550021353,-0.00885228607398861));
#2823=CARTESIAN_POINT('',(0.0232520616319445,-0.0242113713437323,-0.00810522145386247));
#2824=CARTESIAN_POINT('',(0.0232520616319444,-0.0244348188142601,-0.00764433164289885));
#2825=CARTESIAN_POINT('',(0.0232520616319444,-0.024512028899234,-0.00746073338015389));
#2826=CARTESIAN_POINT('',(0.0233164605034722,-0.019,-0.0104930284288193));
#2827=CARTESIAN_POINT('',(0.0233164605034773,-0.0191902651979779,-0.0104930284375598));
#2828=CARTESIAN_POINT('',(0.0233164605034699,-0.0196164396949615,-0.0104943895416437));
#2829=CARTESIAN_POINT('',(0.0233164605034728,-0.0203863612432102,-0.010442514239447));
#2830=CARTESIAN_POINT('',(0.0233164605034722,-0.0212007946461368,-0.0102881890307721));
#2831=CARTESIAN_POINT('',(0.0233164605034722,-0.0220375343285336,-0.0100008990576661));
#2832=CARTESIAN_POINT('',(0.0233164605034722,-0.0228647719138908,-0.00956300978466845));
#2833=CARTESIAN_POINT('',(0.0233164605034722,-0.023694763501203,-0.00884998122615731));
#2834=CARTESIAN_POINT('',(0.0233164605034722,-0.0242083994237859,-0.00810347875225445));
#2835=CARTESIAN_POINT('',(0.0233164605034722,-0.0244317035628074,-0.00764288637597205));
#2836=CARTESIAN_POINT('',(0.0233164605034722,-0.0245088659218709,-0.00745940196046557));
#2837=CARTESIAN_POINT('',(0.0235125868055556,-0.019,-0.010474392361111));
#2838=CARTESIAN_POINT('',(0.0235125868055608,-0.0191902651981159,-0.0104743923723322));
#2839=CARTESIAN_POINT('',(0.0235125868055531,-0.0196160126087208,-0.0104757431101948));
#2840=CARTESIAN_POINT('',(0.0235125868055562,-0.020384025365248,-0.010423980077338));
#2841=CARTESIAN_POINT('',(0.0235125868055555,-0.0211960385448101,-0.0102701033426892));
#2842=CARTESIAN_POINT('',(0.0235125868055556,-0.0220300935311101,-0.00998373243246823));
#2843=CARTESIAN_POINT('',(0.0235125868055556,-0.0228543340656827,-0.00954738148546508));
#2844=CARTESIAN_POINT('',(0.0235125868055555,-0.0236806894997003,-0.00883746398917505));
#2845=CARTESIAN_POINT('',(0.0235125868055556,-0.024192259432923,-0.00809401443646457));
#2846=CARTESIAN_POINT('',(0.0235125868055555,-0.0244147851598656,-0.00763503737629286));
#2847=CARTESIAN_POINT('',(0.0235125868055555,-0.0244916883278014,-0.00745217124585405));
#2848=CARTESIAN_POINT('',(0.0236475694444444,-0.019,-0.0104505208333332));
#2849=CARTESIAN_POINT('',(0.02364756944445,-0.0191902651982928,-0.0104505208451589));
#2850=CARTESIAN_POINT('',(0.0236475694444419,-0.0196154655404653,-0.0104518583083686));
#2851=CARTESIAN_POINT('',(0.0236475694444451,-0.0203810332653823,-0.0104002390833407));
#2852=CARTESIAN_POINT('',(0.0236475694444444,-0.0211899463043972,-0.0102469368136461));
#2853=CARTESIAN_POINT('',(0.0236475694444445,-0.0220205623786399,-0.00996174315998636));
#2854=CARTESIAN_POINT('',(0.0236475694444444,-0.0228409638962945,-0.00952736270340463));
#2855=CARTESIAN_POINT('',(0.0236475694444444,-0.0236626616663358,-0.00882143026484144));
#2856=CARTESIAN_POINT('',(0.0236475694444445,-0.0241715852097472,-0.00808189129575815));
#2857=CARTESIAN_POINT('',(0.0236475694444443,-0.0243931138418341,-0.00762498334420939));
#2858=CARTESIAN_POINT('',(0.0236475694444443,-0.0244696850038009,-0.00744290919469127));
#2859=CARTESIAN_POINT('',(0.0239149305555556,-0.019,-0.0103723958333332));
#2860=CARTESIAN_POINT('',(0.0239149305555616,-0.0191902651988718,-0.0103723958458123));
#2861=CARTESIAN_POINT('',(0.0239149305555527,-0.0196136751352656,-0.0103736898666434));
#2862=CARTESIAN_POINT('',(0.0239149305555563,-0.0203712409385481,-0.0103225412846391));
#2863=CARTESIAN_POINT('',(0.0239149305555555,-0.0211700080630488,-0.0101711190822772));
#2864=CARTESIAN_POINT('',(0.0239149305555556,-0.0219893695159996,-0.00988977826821184));
#2865=CARTESIAN_POINT('',(0.0239149305555556,-0.0227972069783366,-0.00946184668940617));
#2866=CARTESIAN_POINT('',(0.0239149305555555,-0.0236036614842665,-0.00876895625787685));
#2867=CARTESIAN_POINT('',(0.0239149305555557,-0.0241039241161951,-0.00804221556270931));
#2868=CARTESIAN_POINT('',(0.0239149305555554,-0.0243221895276027,-0.00759207923896648));
#2869=CARTESIAN_POINT('',(0.0239149305555554,-0.024397674124649,-0.00741259702703168));
#2870=CARTESIAN_POINT('',(0.024046875,-0.019,-0.0103183593749999));
#2871=CARTESIAN_POINT('',(0.0240468750000064,-0.0191902651992722,-0.0103183593875116));
#2872=CARTESIAN_POINT('',(0.024046874999997,-0.0196124367716692,-0.0103196233613114));
#2873=CARTESIAN_POINT('',(0.0240468750000008,-0.0203644679124876,-0.0102688003071516));
#2874=CARTESIAN_POINT('',(0.0240468749999999,-0.0211562174461171,-0.0101186784847613));
#2875=CARTESIAN_POINT('',(0.024046875,-0.0219677944526701,-0.00984000255139617));
#2876=CARTESIAN_POINT('',(0.024046875,-0.0227669417767616,-0.00941653144639612));
#2877=CARTESIAN_POINT('',(0.0240468749999999,-0.0235628530249547,-0.00873266173637575));
#2878=CARTESIAN_POINT('',(0.0240468750000001,-0.024057125193306,-0.00801477318073835));
#2879=CARTESIAN_POINT('',(0.0240468749999998,-0.0242731335433795,-0.00756932056609672));
#2880=CARTESIAN_POINT('',(0.0240468749999998,-0.0243478665997108,-0.0073916311109982));
#2881=CARTESIAN_POINT('',(0.024291015625,-0.019,-0.0101806640624999));
#2882=CARTESIAN_POINT('',(0.0242910156250069,-0.0191902652002928,-0.0101806640750521));
#2883=CARTESIAN_POINT('',(0.0242910156249968,-0.019609281182505,-0.0101818514832864));
#2884=CARTESIAN_POINT('',(0.0242910156250008,-0.0203472089364419,-0.0101318579368015));
#2885=CARTESIAN_POINT('',(0.0242910156249998,-0.021121076295743,-0.00998504973326155));
#2886=CARTESIAN_POINT('',(0.024291015625,-0.0219128170322576,-0.00971316442963041));
#2887=CARTESIAN_POINT('',(0.024291015625,-0.0226898202088943,-0.00930105947173857));
#2888=CARTESIAN_POINT('',(0.0242910156249999,-0.0234588652039325,-0.00864017629905491));
#2889=CARTESIAN_POINT('',(0.0242910156250001,-0.023937872516321,-0.00794484470138412));
#2890=CARTESIAN_POINT('',(0.0242910156249998,-0.0241481294389818,-0.00751132708040275));
#2891=CARTESIAN_POINT('',(0.0242910156249999,-0.0242209474246982,-0.00733820591531556));
#2892=CARTESIAN_POINT('',(0.0244027777777778,-0.019,-0.0100972222222221));
#2893=CARTESIAN_POINT('',(0.0244027777777849,-0.0191902652009112,-0.0100972222347658));
#2894=CARTESIAN_POINT('',(0.0244027777777745,-0.0196073689302848,-0.0100983632451604));
#2895=CARTESIAN_POINT('',(0.0244027777777786,-0.0203367501873645,-0.0100488723711558));
#2896=CARTESIAN_POINT('',(0.0244027777777776,-0.0210997811463044,-0.00990407218408748));
#2897=CARTESIAN_POINT('',(0.0244027777777778,-0.0218795013220152,-0.00963630192715732));
#2898=CARTESIAN_POINT('',(0.0244027777777778,-0.0226430853895966,-0.00923108472901901));
#2899=CARTESIAN_POINT('',(0.0244027777777777,-0.0233958497316151,-0.00858413114436506));
#2900=CARTESIAN_POINT('',(0.0244027777777778,-0.0238656067097123,-0.00790246881437231));
#2901=CARTESIAN_POINT('',(0.0244027777777777,-0.024072378330784,-0.00747618366786824));
#2902=CARTESIAN_POINT('',(0.0244027777777777,-0.0241440358048371,-0.00730583083612973));
#2903=CARTESIAN_POINT('',(0.0245972222222222,-0.019,-0.00990277777777765));
#2904=CARTESIAN_POINT('',(0.0245972222222295,-0.0191902652023524,-0.00990277779032036));
#2905=CARTESIAN_POINT('',(0.0245972222222189,-0.019602912810677,-0.00990381067984403));
#2906=CARTESIAN_POINT('',(0.0245972222222231,-0.0203123781739098,-0.00985549118307349));
#2907=CARTESIAN_POINT('',(0.024597222222222,-0.0210501570789519,-0.00971537027495819));
#2908=CARTESIAN_POINT('',(0.0245972222222222,-0.021801865752764,-0.00945718930761035));
#2909=CARTESIAN_POINT('',(0.0245972222222222,-0.0225341792827282,-0.00906802264975552));
#2910=CARTESIAN_POINT('',(0.0245972222222222,-0.0232490048338373,-0.00845352917140845));
#2911=CARTESIAN_POINT('',(0.0245972222222222,-0.023697205766347,-0.00780372032343986));
#2912=CARTESIAN_POINT('',(0.0245972222222223,-0.0238958555923144,-0.00739428900563264));
#2913=CARTESIAN_POINT('',(0.0245972222222223,-0.0239648087270939,-0.00723038721857628));
#2914=CARTESIAN_POINT('',(0.0246806640625,-0.019,-0.00979101562499987));
#2915=CARTESIAN_POINT('',(0.0246806640625074,-0.0191902652031807,-0.00979101563754185));
#2916=CARTESIAN_POINT('',(0.0246806640624966,-0.019600351536572,-0.00979198638169906));
#2917=CARTESIAN_POINT('',(0.0246806640625009,-0.0202983697063549,-0.00974434016536991));
#2918=CARTESIAN_POINT('',(0.0246806640624998,-0.021021634317025,-0.00960690879817072));
#2919=CARTESIAN_POINT('',(0.0246806640625,-0.0217572426298127,-0.00935423953186627));
#2920=CARTESIAN_POINT('',(0.0246806640625,-0.0224715825806776,-0.00897429835196456));
#2921=CARTESIAN_POINT('',(0.0246806640625,-0.023164601795494,-0.00837846218918451));
#2922=CARTESIAN_POINT('',(0.0246806640624999,-0.0236004128134082,-0.00774696198322758));
#2923=CARTESIAN_POINT('',(0.0246806640625001,-0.0237943944200914,-0.0073472178549057));
#2924=CARTESIAN_POINT('',(0.0246806640625001,-0.0238617931634358,-0.00718702397857625));
#2925=CARTESIAN_POINT('',(0.024818359375,-0.019,-0.00954687499999987));
#2926=CARTESIAN_POINT('',(0.0248183593750075,-0.01919026520499,-0.00954687501254011));
#2927=CARTESIAN_POINT('',(0.0248183593749965,-0.0195947565203234,-0.00954771000225623));
#2928=CARTESIAN_POINT('',(0.0248183593750009,-0.0202677686849971,-0.00950153454417273));
#2929=CARTESIAN_POINT('',(0.0248183593749998,-0.0209593273128157,-0.00936997838771264));
#2930=CARTESIAN_POINT('',(0.024818359375,-0.0216597649340453,-0.00912934924504669));
#2931=CARTESIAN_POINT('',(0.024818359375,-0.0223348422121207,-0.00876956080824644));
#2932=CARTESIAN_POINT('',(0.024818359375,-0.0229802262262975,-0.00821448091733608));
#2933=CARTESIAN_POINT('',(0.0248183593749999,-0.0233889718967943,-0.00762297531771532));
#2934=CARTESIAN_POINT('',(0.0248183593750002,-0.0235727559370799,-0.00724439252564781));
#2935=CARTESIAN_POINT('',(0.0248183593750002,-0.0236367591651534,-0.00709229845430432));
#2936=CARTESIAN_POINT('',(0.0248723958333333,-0.019,-0.00941493055555543));
#2937=CARTESIAN_POINT('',(0.0248723958333409,-0.0191902652059678,-0.00941493056809465));
#2938=CARTESIAN_POINT('',(0.0248723958333298,-0.0195917327248753,-0.00941569219007739));
#2939=CARTESIAN_POINT('',(0.0248723958333343,-0.0202512305330099,-0.00937031159511682));
#2940=CARTESIAN_POINT('',(0.0248723958333331,-0.0209256538385408,-0.00924193066366063));
#2941=CARTESIAN_POINT('',(0.0248723958333333,-0.0216070836549106,-0.00900780853892554));
#2942=CARTESIAN_POINT('',(0.0248723958333333,-0.0222609416396028,-0.00865891154017479));
#2943=CARTESIAN_POINT('',(0.0248723958333333,-0.022880581474234,-0.00812585814997267));
#2944=CARTESIAN_POINT('',(0.0248723958333332,-0.0232746998280821,-0.00755596741315403));
#2945=CARTESIAN_POINT('',(0.0248723958333335,-0.0234529726502612,-0.00718882114770221));
#2946=CARTESIAN_POINT('',(0.0248723958333335,-0.0235151407909705,-0.00704110457096446));
#2947=CARTESIAN_POINT('',(0.0249505208333333,-0.019,-0.00914756944444431));
#2948=CARTESIAN_POINT('',(0.0249505208333407,-0.0191902652079491,-0.0091475694569815));
#2949=CARTESIAN_POINT('',(0.0249505208333299,-0.0195856055604145,-0.00914818241276763));
#2950=CARTESIAN_POINT('',(0.0249505208333343,-0.0202177190145097,-0.00910441246150353));
#2951=CARTESIAN_POINT('',(0.0249505208333331,-0.0208574207459312,-0.00898246553860788));
#2952=CARTESIAN_POINT('',(0.0249505208333333,-0.0215003347471902,-0.00876152868704844));
#2953=CARTESIAN_POINT('',(0.0249505208333333,-0.0221111957426587,-0.00843470118118749));
#2954=CARTESIAN_POINT('',(0.0249505208333333,-0.0226786697397895,-0.00794628043715733));
#2955=CARTESIAN_POINT('',(0.0249505208333333,-0.0230431485309546,-0.00742018823812193));
#2956=CARTESIAN_POINT('',(0.0249505208333334,-0.0232102538848657,-0.00707621598712825));
#2957=CARTESIAN_POINT('',(0.0249505208333334,-0.0232687035590738,-0.00693736959682845));
#2958=CARTESIAN_POINT('',(0.0249743923611111,-0.019,-0.00901258680555543));
#2959=CARTESIAN_POINT('',(0.0249743923611181,-0.0191902652089495,-0.00901258681809159));
#2960=CARTESIAN_POINT('',(0.0249743923611079,-0.0195825121380975,-0.0090131247167557));
#2961=CARTESIAN_POINT('',(0.024974392361112,-0.0202008000498123,-0.00897016793138385));
#2962=CARTESIAN_POINT('',(0.0249743923611109,-0.0208229718956039,-0.00885146934722571));
#2963=CARTESIAN_POINT('',(0.0249743923611111,-0.0214464404122859,-0.00863718934624687));
#2964=CARTESIAN_POINT('',(0.0249743923611111,-0.022035593512221,-0.00832150406812733));
#2965=CARTESIAN_POINT('',(0.0249743923611111,-0.0225767305361982,-0.00785561701396647));
#2966=CARTESIAN_POINT('',(0.0249743923611111,-0.0229262451975022,-0.0073516373883898));
#2967=CARTESIAN_POINT('',(0.0249743923611112,-0.0230877124302586,-0.00701936500508523));
#2968=CARTESIAN_POINT('',(0.0249743923611112,-0.0231442847618013,-0.00688499690696434));
#2969=CARTESIAN_POINT('',(0.0249930284288195,-0.019,-0.00881646050347209));
#2970=CARTESIAN_POINT('',(0.0249930284288249,-0.0191902652104032,-0.00881646051600685));
#2971=CARTESIAN_POINT('',(0.0249930284288169,-0.0195780174750443,-0.0088168893586033));
#2972=CARTESIAN_POINT('',(0.0249930284288201,-0.0201762172293216,-0.00877511408235545));
#2973=CARTESIAN_POINT('',(0.0249930284288193,-0.0207729186022225,-0.00866113525082438));
#2974=CARTESIAN_POINT('',(0.0249930284288195,-0.0213681333300194,-0.00845652748250181));
#2975=CARTESIAN_POINT('',(0.0249930284288195,-0.0219257454161469,-0.00815703157467378));
#2976=CARTESIAN_POINT('',(0.0249930284288194,-0.0224286154956104,-0.00772388539224824));
#2977=CARTESIAN_POINT('',(0.0249930284288194,-0.0227563876611554,-0.00725203476709492));
#2978=CARTESIAN_POINT('',(0.0249930284288195,-0.0229096628489063,-0.00693676199058145));
#2979=CARTESIAN_POINT('',(0.0249930284288195,-0.0229635074498481,-0.00680890073579927));
#2980=CARTESIAN_POINT('',(0.0249964599609375,-0.019,-0.00875206163194431));
#2981=CARTESIAN_POINT('',(0.0249964599609423,-0.0191902652108806,-0.00875206164447862));
#2982=CARTESIAN_POINT('',(0.0249964599609353,-0.0195765416340915,-0.00875245467807027));
#2983=CARTESIAN_POINT('',(0.0249964599609381,-0.0201681453599101,-0.00871106735516411));
#2984=CARTESIAN_POINT('',(0.0249964599609373,-0.0207564833991122,-0.00859863827366577));
#2985=CARTESIAN_POINT('',(0.0249964599609375,-0.021342420880047,-0.00839720642240073));
#2986=CARTESIAN_POINT('',(0.0249964599609375,-0.0218896763455964,-0.00810302636036413));
#2987=CARTESIAN_POINT('',(0.0249964599609375,-0.0223799813176913,-0.0076806307767629));
#2988=CARTESIAN_POINT('',(0.0249964599609375,-0.0227006142460396,-0.007219329839992));
#2989=CARTESIAN_POINT('',(0.0249964599609375,-0.0228511995423877,-0.00690963895373056));
#2990=CARTESIAN_POINT('',(0.0249964599609375,-0.0229041484818568,-0.00678391424750801));
#2991=CARTESIAN_POINT('',(0.0249999491373698,-0.019,-0.00862507459852418));
#2992=CARTESIAN_POINT('',(0.0249999491373727,-0.0191902652118219,-0.00862507461105762));
#2993=CARTESIAN_POINT('',(0.0249999491373685,-0.0195736314485565,-0.00862539703348506));
#2994=CARTESIAN_POINT('',(0.0249999491373702,-0.0201522285786622,-0.00858477470913864));
#2995=CARTESIAN_POINT('',(0.0249999491373697,-0.0207240751031727,-0.00847540155322612));
#2996=CARTESIAN_POINT('',(0.0249999491373698,-0.0212917189396791,-0.0082802322384925));
#2997=CARTESIAN_POINT('',(0.0249999491373698,-0.0218185523622289,-0.00799653440186075));
#2998=CARTESIAN_POINT('',(0.0249999491373698,-0.0222840804139912,-0.00759533774022508));
#2999=CARTESIAN_POINT('',(0.0249999491373698,-0.0225906356026062,-0.00715483955355537));
#3000=CARTESIAN_POINT('',(0.0249999491373698,-0.0227359167480993,-0.00685615550122078));
#3001=CARTESIAN_POINT('',(0.0249999491373698,-0.0227870995480283,-0.00673464381856384));
#3002=CARTESIAN_POINT('',(0.025,-0.019,-0.00856249999999987));
#3003=CARTESIAN_POINT('',(0.0250000000000017,-0.0191902652122858,-0.0085625000125329));
#3004=CARTESIAN_POINT('',(0.0249999999999992,-0.0195721974148085,-0.00856278764034285));
#3005=CARTESIAN_POINT('',(0.0250000000000002,-0.0201443853668826,-0.00852254227950568));
#3006=CARTESIAN_POINT('',(0.0249999999999999,-0.0207081054718439,-0.00841467497274566));
#3007=CARTESIAN_POINT('',(0.025,-0.0212667348647111,-0.00822259160859016));
#3008=CARTESIAN_POINT('',(0.025,-0.021783505046099,-0.007944059031975));
#3009=CARTESIAN_POINT('',(0.025,-0.0222368239312975,-0.00755330842924327));
#3010=CARTESIAN_POINT('',(0.025,-0.0225364421210062,-0.00712306108236974));
#3011=CARTESIAN_POINT('',(0.025,-0.0226791095735788,-0.00682980079808019));
#3012=CARTESIAN_POINT('',(0.025,-0.0227294220840798,-0.00671036514044006));
#3013=CARTESIAN_POINT('',(0.025,-0.019,-0.00849999999999987));
#3014=CARTESIAN_POINT('',(0.025,-0.0191902652127491,-0.00850000001253249));
#3015=CARTESIAN_POINT('',(0.025,-0.0195707650906488,-0.00850025288720548));
#3016=CARTESIAN_POINT('',(0.025,-0.020136551505415,-0.00846038404047921));
#3017=CARTESIAN_POINT('',(0.025,-0.0206921548787663,-0.00835402078766839));
#3018=CARTESIAN_POINT('',(0.025,-0.0212417805745947,-0.00816501969516434));
#3019=CARTESIAN_POINT('',(0.025,-0.0217484995117484,-0.00789164622078316));
#3020=CARTESIAN_POINT('',(0.025,-0.0221896237855832,-0.00751132922365008));
#3021=CARTESIAN_POINT('',(0.025,-0.0224823132463529,-0.00709132049599858));
#3022=CARTESIAN_POINT('',(0.025,-0.022622370121928,-0.00680347751379021));
#3023=CARTESIAN_POINT('',(0.025,-0.0226718133805196,-0.00668611540622648));
#3024=CARTESIAN_POINT('',(0.025,-0.019,-0.00849999999999987));
#3025=CARTESIAN_POINT('',(0.025,-0.019,-0.00874999999999987));
#3026=CARTESIAN_POINT('',(0.0249739583333333,-0.019,-0.00928645833333456));
#3027=CARTESIAN_POINT('',(0.0245598958333333,-0.019,-0.0100598958333376));
#3028=CARTESIAN_POINT('',(0.0237864583333333,-0.019,-0.0104739583333312));
#3029=CARTESIAN_POINT('',(0.02325,-0.019,-0.0104999999999999));
#3030=CARTESIAN_POINT('',(0.023,-0.019,-0.0104999999999999));
#3031=CARTESIAN_POINT('',(0.023,-0.0124852813742386,-0.0104999999999999));
#3032=CARTESIAN_POINT('',(0.023,-0.019,-0.0104999999999999));
#3033=CARTESIAN_POINT('',(0.0233,-0.0124852813742386,-0.0104999999999999));
#3034=CARTESIAN_POINT('',(0.0233,-0.019,-0.0104999999999999));
#3035=CARTESIAN_POINT('',(0.0236,-0.0124852813742386,-0.0104999999999971));
#3036=CARTESIAN_POINT('',(0.0236,-0.019,-0.0104999999999971));
#3037=CARTESIAN_POINT('',(0.0243333333333333,-0.0124852813742386,-0.0103000000000027));
#3038=CARTESIAN_POINT('',(0.0243333333333333,-0.019,-0.0103000000000027));
#3039=CARTESIAN_POINT('',(0.0248,-0.0124852813742386,-0.00983333333333886));
#3040=CARTESIAN_POINT('',(0.0248,-0.019,-0.00983333333333886));
#3041=CARTESIAN_POINT('',(0.025,-0.0124852813742386,-0.00909999999999987));
#3042=CARTESIAN_POINT('',(0.025,-0.019,-0.00909999999999987));
#3043=CARTESIAN_POINT('',(0.025,-0.0124852813742386,-0.00879999999999987));
#3044=CARTESIAN_POINT('',(0.025,-0.019,-0.00879999999999987));
#3045=CARTESIAN_POINT('',(0.025,-0.0124852813742386,-0.00849999999999987));
#3046=CARTESIAN_POINT('',(0.025,-0.019,-0.00849999999999987));
#3047=CARTESIAN_POINT('',(0.023,-0.0124852813742386,-0.0104999999999999));
#3048=CARTESIAN_POINT('',(0.02325,-0.0124852813742386,-0.0104999999999999));
#3049=CARTESIAN_POINT('',(0.0237864583333333,-0.0124852813742386,-0.0104739583333312));
#3050=CARTESIAN_POINT('',(0.0245598958333333,-0.0124852813742386,-0.0100598958333376));
#3051=CARTESIAN_POINT('',(0.0249739583333333,-0.0124852813742386,-0.00928645833333456));
#3052=CARTESIAN_POINT('',(0.025,-0.0124852813742386,-0.00874999999999987));
#3053=CARTESIAN_POINT('',(0.025,-0.0124852813742386,-0.00849999999999987));
#3054=CARTESIAN_POINT('',(0.023,-0.00824264068711929,-0.0122573593128806));
#3055=CARTESIAN_POINT('',(0.0229999999999993,-0.00833583027518401,-0.0121641697248159));
#3056=CARTESIAN_POINT('',(0.0230000000000003,-0.00847701917699271,-0.0120251277915469));
#3057=CARTESIAN_POINT('',(0.0230000000000001,-0.00861840136159504,-0.0118997806097869));
#3058=CARTESIAN_POINT('',(0.0229999999999998,-0.00883549872133268,-0.0117177336693756));
#3059=CARTESIAN_POINT('',(0.0229999999999998,-0.00898841819114841,-0.0116030288208768));
#3060=CARTESIAN_POINT('',(0.023,-0.00931282898864652,-0.0113849054124187));
#3061=CARTESIAN_POINT('',(0.023,-0.00965521599619324,-0.0111785904249788));
#3062=CARTESIAN_POINT('',(0.023,-0.0101785230943299,-0.0109302358914259));
#3063=CARTESIAN_POINT('',(0.0229999999999998,-0.0107232461104837,-0.0107362268874002));
#3064=CARTESIAN_POINT('',(0.0230000000000005,-0.011110112476114,-0.0106401445041381));
#3065=CARTESIAN_POINT('',(0.0229999999999995,-0.0114939618244885,-0.0105648870823978));
#3066=CARTESIAN_POINT('',(0.0229999999999985,-0.0116839450469188,-0.010537706059338));
#3067=CARTESIAN_POINT('',(0.0230000000000007,-0.0119665813232447,-0.0105128614189376));
#3068=CARTESIAN_POINT('',(0.0230000000000022,-0.0121553083461782,-0.0105015192724438));
#3069=CARTESIAN_POINT('',(0.0229999999999949,-0.0123534911158987,-0.0104999999999999));
#3070=CARTESIAN_POINT('',(0.023,-0.0124852813742386,-0.0104999999999999));
#3071=CARTESIAN_POINT('',(0.0230625,-0.00824264068711929,-0.0122573593128806));
#3072=CARTESIAN_POINT('',(0.0230624999999992,-0.00833583026995966,-0.0121641697195915));
#3073=CARTESIAN_POINT('',(0.0230625000000004,-0.00847701917922557,-0.0120251277937798));
#3074=CARTESIAN_POINT('',(0.0230625000000001,-0.00861840136235368,-0.0118997806105454));
#3075=CARTESIAN_POINT('',(0.0230624999999997,-0.0088354987198154,-0.0117177336678587));
#3076=CARTESIAN_POINT('',(0.0230624999999998,-0.0089884181906038,-0.0116030288203359));
#3077=CARTESIAN_POINT('',(0.0230625,-0.00931282898919113,-0.0113849054129596));
#3078=CARTESIAN_POINT('',(0.0230625,-0.00965521599594048,-0.0111785904247002));
#3079=CARTESIAN_POINT('',(0.0230625,-0.0101785230943976,-0.0109302358915895));
#3080=CARTESIAN_POINT('',(0.0230624999999998,-0.0107232461104655,-0.0107362268870245));
#3081=CARTESIAN_POINT('',(0.0230625000000005,-0.0111101124761114,-0.0106401445049057));
#3082=CARTESIAN_POINT('',(0.0230624999999995,-0.0114939618244911,-0.0105648870816302));
#3083=CARTESIAN_POINT('',(0.0230624999999985,-0.011683945046919,-0.0105377060571924));
#3084=CARTESIAN_POINT('',(0.0230625000000007,-0.0119665813232445,-0.0105128614200104));
#3085=CARTESIAN_POINT('',(0.0230625000000022,-0.0121553083461783,-0.0105015192756017));
#3086=CARTESIAN_POINT('',(0.023062499999995,-0.0123534911158987,-0.0104999999926113));
#3087=CARTESIAN_POINT('',(0.0230625,-0.0124852813742386,-0.0104999999999999));
#3088=CARTESIAN_POINT('',(0.0231250745985243,-0.00824260472180856,-0.0122573233475699));
#3089=CARTESIAN_POINT('',(0.0231250745985233,-0.00833579430072905,-0.0121641337503448));
#3090=CARTESIAN_POINT('',(0.0231250745985247,-0.00847698438944972,-0.0120250906572091));
#3091=CARTESIAN_POINT('',(0.0231250745985244,-0.00861836796783394,-0.0118997422364027));
#3092=CARTESIAN_POINT('',(0.023125074598524,-0.00883546746016146,-0.0117176934994297));
#3093=CARTESIAN_POINT('',(0.0231250745985242,-0.00898838837562745,-0.0116029875772979));
#3094=CARTESIAN_POINT('',(0.0231250745985244,-0.00931280201980348,-0.0113848622547855));
#3095=CARTESIAN_POINT('',(0.0231250745985243,-0.00965519184219179,-0.0111785455699434));
#3096=CARTESIAN_POINT('',(0.0231250745985243,-0.0101785035981981,-0.0109301888169296));
#3097=CARTESIAN_POINT('',(0.023125074598524,-0.0107232314693317,-0.0107361780922633));
#3098=CARTESIAN_POINT('',(0.0231250745985248,-0.0111101010158796,-0.0106400949200496));
#3099=CARTESIAN_POINT('',(0.0231250745985238,-0.0114939537321547,-0.010564836838005));
#3100=CARTESIAN_POINT('',(0.0231250745985229,-0.0116839387421279,-0.0105376555505264));
#3101=CARTESIAN_POINT('',(0.023125074598525,-0.0119665778005712,-0.0105128106719648));
#3102=CARTESIAN_POINT('',(0.0231250745985265,-0.0121553066865976,-0.0105014684159942));
#3103=CARTESIAN_POINT('',(0.0231250745985193,-0.0123534911158873,-0.0104999491244258));
#3104=CARTESIAN_POINT('',(0.0231250745985243,-0.0124852813742386,-0.0104999491373697));
#3105=CARTESIAN_POINT('',(0.0232520616319444,-0.00824013750149253,-0.0122548561272538));
#3106=CARTESIAN_POINT('',(0.0232520616319432,-0.00833332707484208,-0.0121616665233497));
#3107=CARTESIAN_POINT('',(0.023252061631945,-0.00847459769827996,-0.0120225429759052));
#3108=CARTESIAN_POINT('',(0.0232520616319446,-0.00861607706554029,-0.0118971097319886));
#3109=CARTESIAN_POINT('',(0.0232520616319441,-0.00883332312437961,-0.0117149380216572));
#3110=CARTESIAN_POINT('',(0.0232520616319443,-0.00898634309570066,-0.0116001583321582));
#3111=CARTESIAN_POINT('',(0.0232520616319446,-0.0093109518923604,-0.0113819015767716));
#3112=CARTESIAN_POINT('',(0.0232520616319444,-0.00965353490777255,-0.0111754685476642));
#3113=CARTESIAN_POINT('',(0.0232520616319444,-0.0101771661554928,-0.0109269594870164));
#3114=CARTESIAN_POINT('',(0.0232520616319442,-0.0107222270884711,-0.0107328307905784));
#3115=CARTESIAN_POINT('',(0.023252061631945,-0.0111093148441152,-0.0106366933602303));
#3116=CARTESIAN_POINT('',(0.0232520616319439,-0.0114933985977476,-0.0105613901640041));
#3117=CARTESIAN_POINT('',(0.023252061631943,-0.0116835062334451,-0.0105341909013897));
#3118=CARTESIAN_POINT('',(0.0232520616319452,-0.0119663361451846,-0.0105093293019625));
#3119=CARTESIAN_POINT('',(0.0232520616319466,-0.0121551928393574,-0.0104979792877477));
#3120=CARTESIAN_POINT('',(0.0232520616319394,-0.0123534911151037,-0.0104964599393311));
#3121=CARTESIAN_POINT('',(0.0232520616319444,-0.0124852813742386,-0.0104964599609374));
#3122=CARTESIAN_POINT('',(0.0233164605034722,-0.00823771104186199,-0.0122524296676233));
#3123=CARTESIAN_POINT('',(0.0233164605034709,-0.00833090061356042,-0.0121592400609782));
#3124=CARTESIAN_POINT('',(0.0233164605034728,-0.00847225043574621,-0.0120200373829383));
#3125=CARTESIAN_POINT('',(0.0233164605034724,-0.00861382401044492,-0.0118945207183452));
#3126=CARTESIAN_POINT('',(0.0233164605034718,-0.00883121421605376,-0.0117122280679524));
#3127=CARTESIAN_POINT('',(0.023316460503472,-0.0089843316060259,-0.011597375829074));
#3128=CARTESIAN_POINT('',(0.0233164605034724,-0.00930913233027781,-0.0113789898114092));
#3129=CARTESIAN_POINT('',(0.0233164605034722,-0.00965190534757651,-0.0111724423607482));
#3130=CARTESIAN_POINT('',(0.0233164605034722,-0.0101758508084871,-0.0109237835084007));
#3131=CARTESIAN_POINT('',(0.023316460503472,-0.0107212393008937,-0.0107295387895854));
#3132=CARTESIAN_POINT('',(0.0233164605034728,-0.0111085416606131,-0.010633347996658));
#3133=CARTESIAN_POINT('',(0.0233164605034717,-0.0114928526346552,-0.0105580004327016));
#3134=CARTESIAN_POINT('',(0.0233164605034707,-0.0116830808701921,-0.0105307834929265));
#3135=CARTESIAN_POINT('',(0.023316460503473,-0.0119660984821611,-0.0105059054465192));
#3136=CARTESIAN_POINT('',(0.0233164605034744,-0.0121550808729754,-0.0104945478007056));
#3137=CARTESIAN_POINT('',(0.0233164605034671,-0.0123534911143331,-0.0104930284041072));
#3138=CARTESIAN_POINT('',(0.0233164605034722,-0.0124852813742386,-0.0104930284288193));
#3139=CARTESIAN_POINT('',(0.0235125868055555,-0.00822453335201077,-0.0122392519777721));
#3140=CARTESIAN_POINT('',(0.0235125868055539,-0.00831772292170854,-0.0121460623632078));
#3141=CARTESIAN_POINT('',(0.0235125868055563,-0.00845950284888995,-0.0120064299304092));
#3142=CARTESIAN_POINT('',(0.0235125868055558,-0.0086015880501407,-0.011880460224267));
#3143=CARTESIAN_POINT('',(0.0235125868055551,-0.00881976109539026,-0.0116975107719897));
#3144=CARTESIAN_POINT('',(0.0235125868055554,-0.00897340754820225,-0.0115822645284605));
#3145=CARTESIAN_POINT('',(0.0235125868055557,-0.00929925059713466,-0.01136317650789));
#3146=CARTESIAN_POINT('',(0.0235125868055556,-0.00964305548344972,-0.0111560076543112));
#3147=CARTESIAN_POINT('',(0.0235125868055556,-0.0101687073823658,-0.0109065353081119));
#3148=CARTESIAN_POINT('',(0.0235125868055553,-0.0107158747944701,-0.0107116604922033));
#3149=CARTESIAN_POINT('',(0.0235125868055561,-0.0111043426324274,-0.010615179894653));
#3150=CARTESIAN_POINT('',(0.023512586805555,-0.0114898876018894,-0.010539591379142));
#3151=CARTESIAN_POINT('',(0.023512586805554,-0.0116807707946601,-0.0105122784395482));
#3152=CARTESIAN_POINT('',(0.0235125868055563,-0.0119648077746742,-0.0104873110680962));
#3153=CARTESIAN_POINT('',(0.0235125868055578,-0.0121544728025845,-0.010475911973586));
#3154=CARTESIAN_POINT('',(0.0235125868055503,-0.012353491110148,-0.010474392329384));
#3155=CARTESIAN_POINT('',(0.0235125868055556,-0.0124852813742386,-0.010474392361111));
#3156=CARTESIAN_POINT('',(0.0236475694444444,-0.00820765363284182,-0.0122223722586031));
#3157=CARTESIAN_POINT('',(0.0236475694444427,-0.00830084320512095,-0.012129182639039));
#3158=CARTESIAN_POINT('',(0.0236475694444452,-0.00844317406003418,-0.0119889997124527));
#3159=CARTESIAN_POINT('',(0.0236475694444447,-0.00858591462134756,-0.0118624496925321));
#3160=CARTESIAN_POINT('',(0.0236475694444439,-0.0088050904328611,-0.0116786589242152));
#3161=CARTESIAN_POINT('',(0.0236475694444442,-0.00895941457801822,-0.0115629079867225));
#3162=CARTESIAN_POINT('',(0.0236475694444446,-0.00928659277248492,-0.011342920747391));
#3163=CARTESIAN_POINT('',(0.0236475694444444,-0.0096317194132014,-0.0111349559199936));
#3164=CARTESIAN_POINT('',(0.0236475694444445,-0.0101595571421438,-0.0108844415433887));
#3165=CARTESIAN_POINT('',(0.0236475694444442,-0.0107090032287635,-0.0106887596167418));
#3166=CARTESIAN_POINT('',(0.023647569444445,-0.0110989639645938,-0.0105919077981702));
#3167=CARTESIAN_POINT('',(0.0236475694444439,-0.0114860895977617,-0.0105160106417138));
#3168=CARTESIAN_POINT('',(0.0236475694444429,-0.0116778117459434,-0.0104885747342768));
#3169=CARTESIAN_POINT('',(0.0236475694444452,-0.0119631544666853,-0.0104634929403845));
#3170=CARTESIAN_POINT('',(0.0236475694444468,-0.0121536939060138,-0.0104520407508766));
#3171=CARTESIAN_POINT('',(0.023647569444439,-0.0123534911047871,-0.0104505207998958));
#3172=CARTESIAN_POINT('',(0.0236475694444444,-0.0124852813742386,-0.0104505208333332));
#3173=CARTESIAN_POINT('',(0.0239149305555555,-0.00815241091556162,-0.0121671295413229));
#3174=CARTESIAN_POINT('',(0.0239149305555539,-0.00824560049893664,-0.0120739399080433));
#3175=CARTESIAN_POINT('',(0.0239149305555563,-0.00838973438628365,-0.0119319553616453));
#3176=CARTESIAN_POINT('',(0.0239149305555558,-0.00853461976309459,-0.0118035061337425));
#3177=CARTESIAN_POINT('',(0.023914930555555,-0.00875707735626195,-0.0116169619686311));
#3178=CARTESIAN_POINT('',(0.0239149305555553,-0.00891361940314651,-0.0114995593049451));
#3179=CARTESIAN_POINT('',(0.0239149305555558,-0.00924516716426434,-0.0112766291673021));
#3180=CARTESIAN_POINT('',(0.0239149305555555,-0.00959461954706224,-0.0110660593350955));
#3181=CARTESIAN_POINT('',(0.0239149305555556,-0.0101296109013827,-0.0108121346769391));
#3182=CARTESIAN_POINT('',(0.0239149305555553,-0.0106865144682785,-0.0106138112972398));
#3183=CARTESIAN_POINT('',(0.0239149305555562,-0.0110813610516853,-0.0105157445729283));
#3184=CARTESIAN_POINT('',(0.023914930555555,-0.0114736597660697,-0.0104388373196104));
#3185=CARTESIAN_POINT('',(0.0239149305555539,-0.0116681275865067,-0.0104109989726577));
#3186=CARTESIAN_POINT('',(0.0239149305555564,-0.0119577436405397,-0.0103855427036933));
#3187=CARTESIAN_POINT('',(0.023914930555558,-0.0121511447899642,-0.0103739167476814));
#3188=CARTESIAN_POINT('',(0.0239149305555497,-0.0123534910872425,-0.0103723957980434));
#3189=CARTESIAN_POINT('',(0.0239149305555556,-0.0124852813742386,-0.0103723958333332));
#3190=CARTESIAN_POINT('',(0.024046875,-0.00811420136944282,-0.0121289199952041));
#3191=CARTESIAN_POINT('',(0.0240468749999984,-0.00820739096133056,-0.0120357303532761));
#3192=CARTESIAN_POINT('',(0.0240468750000007,-0.00835277194491469,-0.011892499685312));
#3193=CARTESIAN_POINT('',(0.0240468750000002,-0.00849914081934791,-0.0117627368387913));
#3194=CARTESIAN_POINT('',(0.0240468749999995,-0.00872386831185761,-0.0115742882412621));
#3195=CARTESIAN_POINT('',(0.0240468749999998,-0.00888194440728093,-0.0114557431334692));
#3196=CARTESIAN_POINT('',(0.0240468750000002,-0.0092165144518244,-0.0112307774909871));
#3197=CARTESIAN_POINT('',(0.024046875,-0.00956895880635653,-0.0110184058639189));
#3198=CARTESIAN_POINT('',(0.024046875,-0.0101088980848455,-0.0107621224276185));
#3199=CARTESIAN_POINT('',(0.0240468749999997,-0.0106709597422792,-0.0105619720429779));
#3200=CARTESIAN_POINT('',(0.0240468750000006,-0.0110691857035907,-0.0104630650086795));
#3201=CARTESIAN_POINT('',(0.0240468749999994,-0.0114650624658156,-0.0103854591052787));
#3202=CARTESIAN_POINT('',(0.0240468749999982,-0.0116614293762296,-0.0103573424045488));
#3203=CARTESIAN_POINT('',(0.0240468750000009,-0.0119540011524558,-0.0103316271231432));
#3204=CARTESIAN_POINT('',(0.0240468750000026,-0.0121493816513632,-0.0103198809782982));
#3205=CARTESIAN_POINT('',(0.0240468749999939,-0.0123534910751074,-0.0103183593396142));
#3206=CARTESIAN_POINT('',(0.024046875,-0.0124852813742386,-0.0103183593749999));
#3207=CARTESIAN_POINT('',(0.024291015625,-0.00801683608023647,-0.0120315547059978));
#3208=CARTESIAN_POINT('',(0.0242910156249987,-0.00811002569390108,-0.0119383650421167));
#3209=CARTESIAN_POINT('',(0.0242910156250006,-0.00825858451898041,-0.0117919590160649));
#3210=CARTESIAN_POINT('',(0.0242910156250002,-0.00840873363135463,-0.0116588488161022));
#3211=CARTESIAN_POINT('',(0.0242910156249996,-0.00863924526499647,-0.0114655473576898));
#3212=CARTESIAN_POINT('',(0.0242910156249999,-0.00880123041180099,-0.0113440910820665));
#3213=CARTESIAN_POINT('',(0.0242910156250001,-0.00914350181710416,-0.0111139385808505));
#3214=CARTESIAN_POINT('',(0.024291015625,-0.00950357029239368,-0.0108969756331544));
#3215=CARTESIAN_POINT('',(0.024291015625,-0.0100561178354754,-0.0106346815754314));
#3216=CARTESIAN_POINT('',(0.0242910156249997,-0.0106313233019321,-0.0104298756300155));
#3217=CARTESIAN_POINT('',(0.0242910156250007,-0.0110381605695905,-0.0103288273238644));
#3218=CARTESIAN_POINT('',(0.0242910156249993,-0.0114431548874574,-0.0102494411253978));
#3219=CARTESIAN_POINT('',(0.0242910156249981,-0.0116443610452224,-0.0102206151256073));
#3220=CARTESIAN_POINT('',(0.024291015625001,-0.0119444645713743,-0.010194239830519));
#3221=CARTESIAN_POINT('',(0.0242910156250028,-0.0121448888343257,-0.0101821874213244));
#3222=CARTESIAN_POINT('',(0.0242910156249934,-0.012353491044185,-0.0101806640269898));
#3223=CARTESIAN_POINT('',(0.024291015625,-0.0124852813742386,-0.0101806640624999));
#3224=CARTESIAN_POINT('',(0.0244027777777778,-0.00795783378914137,-0.0119725524149027));
#3225=CARTESIAN_POINT('',(0.0244027777777766,-0.00805102341606831,-0.0118793627377841));
#3226=CARTESIAN_POINT('',(0.0244027777777783,-0.0082015079779409,-0.0117310324796688));
#3227=CARTESIAN_POINT('',(0.0244027777777779,-0.00835394787282117,-0.0115958938204678));
#3228=CARTESIAN_POINT('',(0.0244027777777774,-0.00858796463220531,-0.0113996515819271));
#3229=CARTESIAN_POINT('',(0.0244027777777776,-0.00875231862100874,-0.0112764311707032));
#3230=CARTESIAN_POINT('',(0.0244027777777779,-0.00909925696595477,-0.0110431354903038));
#3231=CARTESIAN_POINT('',(0.0244027777777777,-0.00946394557432167,-0.0108233902529703));
#3232=CARTESIAN_POINT('',(0.0244027777777778,-0.0100241335866442,-0.0105574538249709));
#3233=CARTESIAN_POINT('',(0.0244027777777775,-0.0106073040563634,-0.0103498266610934));
#3234=CARTESIAN_POINT('',(0.0244027777777785,-0.0110193596806653,-0.0102474807678084));
#3235=CARTESIAN_POINT('',(0.0244027777777771,-0.0114298791366635,-0.010167015730192));
#3236=CARTESIAN_POINT('',(0.0244027777777758,-0.011634017824935,-0.0101377599030133));
#3237=CARTESIAN_POINT('',(0.0244027777777788,-0.0119386855084495,-0.0101109846468743));
#3238=CARTESIAN_POINT('',(0.0244027777777807,-0.0121421662367671,-0.0100987466448363));
#3239=CARTESIAN_POINT('',(0.0244027777777709,-0.0123534910254463,-0.0100972221867298));
#3240=CARTESIAN_POINT('',(0.0244027777777778,-0.0124852813742386,-0.0100972222222221));
#3241=CARTESIAN_POINT('',(0.0245972222222222,-0.00782034080391065,-0.011835059429672));
#3242=CARTESIAN_POINT('',(0.0245972222222213,-0.00791353046170481,-0.0117418697216682));
#3243=CARTESIAN_POINT('',(0.0245972222222226,-0.008068502566328,-0.0115890554273808));
#3244=CARTESIAN_POINT('',(0.0245972222222223,-0.00822628066958617,-0.0114491898514528));
#3245=CARTESIAN_POINT('',(0.0245972222222219,-0.00846846542028044,-0.0112460947156395));
#3246=CARTESIAN_POINT('',(0.0245972222222221,-0.00863833951944469,-0.0111187633408384));
#3247=CARTESIAN_POINT('',(0.0245972222222223,-0.00899615322960021,-0.0108781431128569));
#3248=CARTESIAN_POINT('',(0.0245972222222222,-0.00937160812986593,-0.0106519143085083));
#3249=CARTESIAN_POINT('',(0.0245972222222222,-0.00994960072070796,-0.0103774900683722));
#3250=CARTESIAN_POINT('',(0.0245972222222219,-0.0105513320302786,-0.010163288621678));
#3251=CARTESIAN_POINT('',(0.024597222222223,-0.0109755479863169,-0.0100579189622843));
#3252=CARTESIAN_POINT('',(0.0245972222222215,-0.011398942666673,-0.00997493990676796));
#3253=CARTESIAN_POINT('',(0.0245972222222202,-0.0116099150281147,-0.00994468245320792));
#3254=CARTESIAN_POINT('',(0.0245972222222233,-0.0119252185633762,-0.00991697516821985));
#3255=CARTESIAN_POINT('',(0.0245972222222253,-0.0121358217701547,-0.00990430467936315));
#3256=CARTESIAN_POINT('',(0.0245972222222151,-0.0123534909817797,-0.00990277774227289));
#3257=CARTESIAN_POINT('',(0.0245972222222222,-0.0124852813742386,-0.00990277777777765));
#3258=CARTESIAN_POINT('',(0.0246806640625,-0.00774131302780148,-0.0117560316535628));
#3259=CARTESIAN_POINT('',(0.0246806640624991,-0.00783450270333741,-0.011662841927807));
#3260=CARTESIAN_POINT('',(0.0246806640625004,-0.00799205414335851,-0.0115074503136216));
#3261=CARTESIAN_POINT('',(0.0246806640625001,-0.00815290052486962,-0.0113648678156908));
#3262=CARTESIAN_POINT('',(0.0246806640624997,-0.00839978004735487,-0.0111578337936103));
#3263=CARTESIAN_POINT('',(0.0246806640624999,-0.0085728269778091,-0.0110281395323781));
#3264=CARTESIAN_POINT('',(0.0246806640625,-0.0089368915954232,-0.0107833093244806));
#3265=CARTESIAN_POINT('',(0.0246806640625,-0.00931853471034058,-0.0105533539163231));
#3266=CARTESIAN_POINT('',(0.0246806640625,-0.00990676095959504,-0.0102740510788093));
#3267=CARTESIAN_POINT('',(0.0246806640624997,-0.0105191606090357,-0.0100560708869693));
#3268=CARTESIAN_POINT('',(0.0246806640625007,-0.0109503660414625,-0.00994896323701093));
#3269=CARTESIAN_POINT('',(0.0246806640624993,-0.0113811611018905,-0.00986453918236687));
#3270=CARTESIAN_POINT('',(0.0246806640624979,-0.0115960613000316,-0.00983370601721485));
#3271=CARTESIAN_POINT('',(0.024680664062501,-0.0119174780759736,-0.00980546302368073));
#3272=CARTESIAN_POINT('',(0.0246806640625031,-0.0121321751180282,-0.0097925439514405));
#3273=CARTESIAN_POINT('',(0.0246806640624928,-0.0123534909566812,-0.00979101558948796));
#3274=CARTESIAN_POINT('',(0.0246806640625,-0.0124852813742386,-0.00979101562499987));
#3275=CARTESIAN_POINT('',(0.024818359375,-0.00756867953630086,-0.0115833981620622));
#3276=CARTESIAN_POINT('',(0.0248183593749991,-0.00766186925059314,-0.0114902083975276));
#3277=CARTESIAN_POINT('',(0.0248183593750004,-0.00782505516114362,-0.0113291867156037));
#3278=CARTESIAN_POINT('',(0.0248183593750001,-0.00799260409223638,-0.0111806691938806));
#3279=CARTESIAN_POINT('',(0.0248183593749997,-0.00824973918416797,-0.0109650308085952));
#3280=CARTESIAN_POINT('',(0.0248183593749998,-0.00842971705676049,-0.0108301749022465));
#3281=CARTESIAN_POINT('',(0.024818359375,-0.00880743656930837,-0.01057614813628));
#3282=CARTESIAN_POINT('',(0.024818359375,-0.00920259762885318,-0.010338052088734));
#3283=CARTESIAN_POINT('',(0.024818359375,-0.00981317895716389,-0.0100480921210264));
#3284=CARTESIAN_POINT('',(0.0248183593749997,-0.0104488832325341,-0.00982185738881938));
#3285=CARTESIAN_POINT('',(0.0248183593750007,-0.0108953569386255,-0.00971095315753029));
#3286=CARTESIAN_POINT('',(0.0248183593749992,-0.011342317877851,-0.00962337255139361));
#3287=CARTESIAN_POINT('',(0.0248183593749979,-0.0115657983017919,-0.00959128176383191));
#3288=CARTESIAN_POINT('',(0.024818359375001,-0.0119005692442689,-0.00956186853318265));
#3289=CARTESIAN_POINT('',(0.0248183593750031,-0.012124209130373,-0.00954840643898811));
#3290=CARTESIAN_POINT('',(0.0248183593749928,-0.0123534909018543,-0.00954687496447232));
#3291=CARTESIAN_POINT('',(0.024818359375,-0.0124852813742386,-0.00954687499999987));
#3292=CARTESIAN_POINT('',(0.0248723958333333,-0.0074753807248943,-0.0114900993506556));
#3293=CARTESIAN_POINT('',(0.0248723958333324,-0.00756857046013226,-0.0113969095651634));
#3294=CARTESIAN_POINT('',(0.0248723958333337,-0.0077348014889777,-0.0112328451444083));
#3295=CARTESIAN_POINT('',(0.0248723958333335,-0.00790597277575547,-0.0110811200720489));
#3296=CARTESIAN_POINT('',(0.024872395833333,-0.00816865043321897,-0.0108608315064715));
#3297=CARTESIAN_POINT('',(0.0248723958333331,-0.00835237409498488,-0.0107231860176954));
#3298=CARTESIAN_POINT('',(0.0248723958333333,-0.0087374733196392,-0.0104641890230125));
#3299=CARTESIAN_POINT('',(0.0248723958333333,-0.00913994007725822,-0.0102216934121348));
#3300=CARTESIAN_POINT('',(0.0248723958333333,-0.00976260308384998,-0.00992597385762011));
#3301=CARTESIAN_POINT('',(0.024872395833333,-0.0104109022148337,-0.00969527800493034));
#3302=CARTESIAN_POINT('',(0.0248723958333341,-0.0108656275746033,-0.0095823219323532));
#3303=CARTESIAN_POINT('',(0.0248723958333326,-0.0113213252732146,-0.00949303538549873));
#3304=CARTESIAN_POINT('',(0.0248723958333313,-0.0115494428325209,-0.00946026492289251));
#3305=CARTESIAN_POINT('',(0.0248723958333344,-0.011891430960112,-0.00943021924409569));
#3306=CARTESIAN_POINT('',(0.0248723958333364,-0.0121199039566003,-0.00941646367670274));
#3307=CARTESIAN_POINT('',(0.0248723958333262,-0.0123534908722234,-0.00941493052001942));
#3308=CARTESIAN_POINT('',(0.0248723958333333,-0.0124852813742386,-0.00941493055555543));
#3309=CARTESIAN_POINT('',(0.0249505208333333,-0.00728632787020207,-0.0113010464959634));
#3310=CARTESIAN_POINT('',(0.0249505208333322,-0.0073795176478826,-0.0112078566680042));
#3311=CARTESIAN_POINT('',(0.0249505208333338,-0.00755191904800989,-0.0110376266975123));
#3312=CARTESIAN_POINT('',(0.0249505208333335,-0.00773043037130732,-0.0108794021146532));
#3313=CARTESIAN_POINT('',(0.024950520833333,-0.00800433901682231,-0.0106496908153261));
#3314=CARTESIAN_POINT('',(0.0249505208333331,-0.00819565283033431,-0.0105063927516313));
#3315=CARTESIAN_POINT('',(0.0249505208333333,-0.00859570568215167,-0.010237324504023));
#3316=CARTESIAN_POINT('',(0.0249505208333334,-0.00901297609113158,-0.00998591398849953));
#3317=CARTESIAN_POINT('',(0.0249505208333333,-0.0096601203931876,-0.00967852369229689));
#3318=CARTESIAN_POINT('',(0.024950520833333,-0.0103339406789671,-0.00943878820073413));
#3319=CARTESIAN_POINT('',(0.024950520833334,-0.0108053864948741,-0.0093216744497575));
#3320=CARTESIAN_POINT('',(0.0249505208333326,-0.0112787876269776,-0.00922893112829068));
#3321=CARTESIAN_POINT('',(0.0249505208333314,-0.011516301486893,-0.00919478342941006));
#3322=CARTESIAN_POINT('',(0.0249505208333343,-0.0118729139106363,-0.00916345621094579));
#3323=CARTESIAN_POINT('',(0.0249505208333362,-0.0121111803150082,-0.00914910597417708));
#3324=CARTESIAN_POINT('',(0.0249505208333267,-0.0123534908121819,-0.0091475694088912));
#3325=CARTESIAN_POINT('',(0.0249505208333333,-0.0124852813742386,-0.00914756944444431));
#3326=CARTESIAN_POINT('',(0.0249743923611111,-0.00719088073090128,-0.0112055993566626));
#3327=CARTESIAN_POINT('',(0.02497439236111,-0.00728407053000981,-0.0111124095072632));
#3328=CARTESIAN_POINT('',(0.0249743923611116,-0.0074595871662875,-0.0109390667348748));
#3329=CARTESIAN_POINT('',(0.0249743923611113,-0.00764180425477587,-0.0107775607433057));
#3330=CARTESIAN_POINT('',(0.0249743923611107,-0.00792138309068699,-0.0105430921871666));
#3331=CARTESIAN_POINT('',(0.0249743923611109,-0.00811652894509678,-0.0103969403072385));
#3332=CARTESIAN_POINT('',(0.0249743923611111,-0.00852413143660196,-0.0101227873848579));
#3333=CARTESIAN_POINT('',(0.0249743923611111,-0.008948875766967,-0.00986687600026808));
#3334=CARTESIAN_POINT('',(0.0249743923611111,-0.00960837994384345,-0.00955359349519379));
#3335=CARTESIAN_POINT('',(0.0249743923611108,-0.0102950850983591,-0.00930929415997921));
#3336=CARTESIAN_POINT('',(0.0249743923611118,-0.0107749725731277,-0.00919008132136909));
#3337=CARTESIAN_POINT('',(0.0249743923611104,-0.0112573116399976,-0.0090955927776548));
#3338=CARTESIAN_POINT('',(0.0249743923611093,-0.0114995694114218,-0.00906074975331746));
#3339=CARTESIAN_POINT('',(0.024974392361112,-0.0118635652054626,-0.00902877552375485));
#3340=CARTESIAN_POINT('',(0.0249743923611138,-0.0121067760089446,-0.00901412505618118));
#3341=CARTESIAN_POINT('',(0.0249743923611049,-0.0123534907818687,-0.00901258676999369));
#3342=CARTESIAN_POINT('',(0.0249743923611111,-0.0124852813742386,-0.00901258680555543));
#3343=CARTESIAN_POINT('',(0.0249930284288195,-0.00705219849272911,-0.0110669171184904));
#3344=CARTESIAN_POINT('',(0.0249930284288185,-0.007145388322972,-0.0109737272379389));
#3345=CARTESIAN_POINT('',(0.0249930284288199,-0.0073254313172415,-0.0107958616444671));
#3346=CARTESIAN_POINT('',(0.0249930284288196,-0.00751303278722715,-0.0106295878504515));
#3347=CARTESIAN_POINT('',(0.0249930284288191,-0.00780085026392687,-0.0103882071225379));
#3348=CARTESIAN_POINT('',(0.0249930284288192,-0.00800156397518773,-0.0102379087210328));
#3349=CARTESIAN_POINT('',(0.0249930284288194,-0.00842013589895637,-0.00995636789700336));
#3350=CARTESIAN_POINT('',(0.0249930284288195,-0.00885573964483879,-0.00969391686543822));
#3351=CARTESIAN_POINT('',(0.0249930284288194,-0.00953320240189042,-0.00937207313244147));
#3352=CARTESIAN_POINT('',(0.0249930284288192,-0.0102386289392362,-0.00912114264979876));
#3353=CARTESIAN_POINT('',(0.0249930284288199,-0.010730781927182,-0.00899887989085297));
#3354=CARTESIAN_POINT('',(0.0249930284288189,-0.0112261075833526,-0.00890185558410629));
#3355=CARTESIAN_POINT('',(0.024993028428818,-0.0114752581361692,-0.00886600226976653));
#3356=CARTESIAN_POINT('',(0.0249930284288201,-0.0118499817773265,-0.00883308794972137));
#3357=CARTESIAN_POINT('',(0.0249930284288215,-0.0121003766655283,-0.00881800125451106));
#3358=CARTESIAN_POINT('',(0.0249930284288146,-0.0123534907378244,-0.00881646046789789));
#3359=CARTESIAN_POINT('',(0.0249930284288195,-0.0124852813742386,-0.00881646050347209));
#3360=CARTESIAN_POINT('',(0.0249964599609375,-0.00700666161397106,-0.0110213802397323));
#3361=CARTESIAN_POINT('',(0.0249964599609367,-0.00709985145443703,-0.0109281903489519));
#3362=CARTESIAN_POINT('',(0.0249964599609379,-0.00728138069682169,-0.0107488396687233));
#3363=CARTESIAN_POINT('',(0.0249964599609376,-0.00747075015044144,-0.0105810003473206));
#3364=CARTESIAN_POINT('',(0.0249964599609372,-0.00776127281845957,-0.0103373499796017));
#3365=CARTESIAN_POINT('',(0.0249964599609373,-0.00796381475823558,-0.0101856900508181));
#3366=CARTESIAN_POINT('',(0.0249964599609375,-0.00838598853984563,-0.009901723379138));
#3367=CARTESIAN_POINT('',(0.0249964599609375,-0.00882515801912201,-0.00963712502780528));
#3368=CARTESIAN_POINT('',(0.0249964599609375,-0.00950851754924914,-0.0093124701806885));
#3369=CARTESIAN_POINT('',(0.0249964599609373,-0.0102200913290346,-0.0090593623337312));
#3370=CARTESIAN_POINT('',(0.0249964599609379,-0.010716271748278,-0.00893609812099885));
#3371=CARTESIAN_POINT('',(0.0249964599609371,-0.0112158616040337,-0.00883824118611401));
#3372=CARTESIAN_POINT('',(0.0249964599609363,-0.0114672754297446,-0.00880205613892974));
#3373=CARTESIAN_POINT('',(0.0249964599609381,-0.0118455216032747,-0.00876883313633887));
#3374=CARTESIAN_POINT('',(0.0249964599609393,-0.0120982754150069,-0.00875360320400416));
#3375=CARTESIAN_POINT('',(0.0249964599609333,-0.0123534907233623,-0.00875206159636602));
#3376=CARTESIAN_POINT('',(0.0249964599609375,-0.0124852813742386,-0.00875206163194431));
#3377=CARTESIAN_POINT('',(0.0249999491373698,-0.00691686822151692,-0.0109315868472782));
#3378=CARTESIAN_POINT('',(0.0249999491373693,-0.00701005808214163,-0.0108383969363275));
#3379=CARTESIAN_POINT('',(0.02499994913737,-0.00719451803176684,-0.0106561178389209));
#3380=CARTESIAN_POINT('',(0.0249999491373699,-0.00738737374207872,-0.0104851914808374));
#3381=CARTESIAN_POINT('',(0.0249999491373696,-0.00768323073059362,-0.0102370656492015));
#3382=CARTESIAN_POINT('',(0.0249999491373697,-0.00788937772291238,-0.0100827209480621));
#3383=CARTESIAN_POINT('',(0.0249999491373698,-0.00831865394640118,-0.00979397078888643));
#3384=CARTESIAN_POINT('',(0.0249999491373698,-0.00876485463437614,-0.00952513817442738));
#3385=CARTESIAN_POINT('',(0.0249999491373698,-0.0094598419104846,-0.00919494013945277));
#3386=CARTESIAN_POINT('',(0.0249999491373697,-0.010183537332507,-0.00893753878504071));
#3387=CARTESIAN_POINT('',(0.02499994913737,-0.0106876593746496,-0.00881229982271343));
#3388=CARTESIAN_POINT('',(0.0249999491373695,-0.011195657732641,-0.00871280104264252));
#3389=CARTESIAN_POINT('',(0.0249999491373691,-0.0114515344674657,-0.00867596185713545));
#3390=CARTESIAN_POINT('',(0.0249999491373702,-0.0118367266623394,-0.00864213016871174));
#3391=CARTESIAN_POINT('',(0.0249999491373709,-0.0120941319950391,-0.00862661778954103));
#3392=CARTESIAN_POINT('',(0.0249999491373673,-0.0123534906948446,-0.00862507456293784));
#3393=CARTESIAN_POINT('',(0.0249999491373698,-0.0124852813742386,-0.00862507459852418));
#3394=CARTESIAN_POINT('',(0.025,-0.00687262129857036,-0.0108873399243317));
#3395=CARTESIAN_POINT('',(0.0249999999999997,-0.00696581116912857,-0.0107941500034417));
#3396=CARTESIAN_POINT('',(0.0250000000000001,-0.00715171526485302,-0.0106104278883956));
#3397=CARTESIAN_POINT('',(0.025,-0.00734628887585908,-0.0104379803507418));
#3398=CARTESIAN_POINT('',(0.0249999999999999,-0.00764477442379848,-0.0101876491730144));
#3399=CARTESIAN_POINT('',(0.0249999999999999,-0.00785269785509251,-0.0100319815135559));
#3400=CARTESIAN_POINT('',(0.025,-0.00828547390401335,-0.00974087422545513));
#3401=CARTESIAN_POINT('',(0.025,-0.00873513931629602,-0.00946995511989504));
#3402=CARTESIAN_POINT('',(0.025,-0.00943585632336149,-0.00913702560324546));
#3403=CARTESIAN_POINT('',(0.0249999999999999,-0.0101655248504798,-0.00887750856427878));
#3404=CARTESIAN_POINT('',(0.0250000000000001,-0.0106735602359863,-0.00875129651706431));
#3405=CARTESIAN_POINT('',(0.0249999999999998,-0.011185701998524,-0.00865098869530946));
#3406=CARTESIAN_POINT('',(0.0249999999999996,-0.011443777892889,-0.00861382717419201));
#3407=CARTESIAN_POINT('',(0.0250000000000002,-0.0118323928348355,-0.00857969554749435));
#3408=CARTESIAN_POINT('',(0.0250000000000006,-0.0120920902681476,-0.00856404398877995));
#3409=CARTESIAN_POINT('',(0.0249999999999986,-0.0123534906807921,-0.00856249996440957));
#3410=CARTESIAN_POINT('',(0.025,-0.0124852813742386,-0.00856249999999987));
#3411=CARTESIAN_POINT('',(0.025,-0.0068284271247462,-0.0108431457505075));
#3412=CARTESIAN_POINT('',(0.025,-0.00692161700522606,-0.0107499558196903));
#3413=CARTESIAN_POINT('',(0.025,-0.007108963525406,-0.010564792407303));
#3414=CARTESIAN_POINT('',(0.025,-0.00730525298910497,-0.0103908255035584));
#3415=CARTESIAN_POINT('',(0.025,-0.00760636396282264,-0.0101382916088505));
#3416=CARTESIAN_POINT('',(0.025,-0.00781606171530407,-0.00998130256824222));
#3417=CARTESIAN_POINT('',(0.025,-0.00825233341732795,-0.00968784096127577));
#3418=CARTESIAN_POINT('',(0.025,-0.00870545942343525,-0.00941483785203225));
#3419=CARTESIAN_POINT('',(0.025,-0.00941189933073911,-0.00907918011005302));
#3420=CARTESIAN_POINT('',(0.025,-0.0101475338420954,-0.0088175499087524));
#3421=CARTESIAN_POINT('',(0.025,-0.01065947790566,-0.00869036593671726));
#3422=CARTESIAN_POINT('',(0.025,-0.0111757581331699,-0.00858925003778031));
#3423=CARTESIAN_POINT('',(0.025,-0.0114360305653397,-0.008551766565326));
#3424=CARTESIAN_POINT('',(0.025,-0.0118280641739191,-0.00851733535792683));
#3425=CARTESIAN_POINT('',(0.025,-0.0120900509753079,-0.00850154478559212));
#3426=CARTESIAN_POINT('',(0.025,-0.0123534906667564,-0.00849999996440562));
#3427=CARTESIAN_POINT('',(0.025,-0.0124852813742386,-0.00849999999999987));
#3428=CARTESIAN_POINT('',(0.025,-0.0068284271247462,-0.0108431457505075));
#3429=CARTESIAN_POINT('',(0.025,-0.00700520382004271,-0.0110199224458079));
#3430=CARTESIAN_POINT('',(0.0249739583333299,-0.00738453714536761,-0.0113992557711377));
#3431=CARTESIAN_POINT('',(0.0245598958333321,-0.00793144004644244,-0.0119461586722132));
#3432=CARTESIAN_POINT('',(0.0237864583333352,-0.00822422644802262,-0.0122389450737934));
#3433=CARTESIAN_POINT('',(0.0232499999999998,-0.00824264068711904,-0.0122573593128833));
#3434=CARTESIAN_POINT('',(0.023,-0.00824264068711928,-0.0122573593128806));
#3435=CARTESIAN_POINT('',(0.025,-0.00682842712474759,-0.0108431457505029));
#3436=CARTESIAN_POINT('',(0.025,-0.000343145750506025,-0.0173284271247445));
#3437=CARTESIAN_POINT('',(0.025,-0.0070405591591033,-0.0110552777848638));
#3438=CARTESIAN_POINT('',(0.025,-0.000555277784861738,-0.0175405591591054));
#3439=CARTESIAN_POINT('',(0.0249999999999998,-0.00725269119345961,-0.0112674098192249));
#3440=CARTESIAN_POINT('',(0.0249999999999998,-0.000767409819218043,-0.0177526911934664));
#3441=CARTESIAN_POINT('',(0.0247999999999916,-0.00777123616633081,-0.0117859547920958));
#3442=CARTESIAN_POINT('',(0.0247999999999916,-0.00128595479208925,-0.0182712361663374));
#3443=CARTESIAN_POINT('',(0.0243333333333406,-0.00810121933088435,-0.0121159379566553));
#3444=CARTESIAN_POINT('',(0.0243333333333406,-0.00161593795664279,-0.0186012193308969));
#3445=CARTESIAN_POINT('',(0.0236,-0.00824264068711582,-0.0122573593128836));
#3446=CARTESIAN_POINT('',(0.0236,-0.00175735931287425,-0.0187426406871251));
#3447=CARTESIAN_POINT('',(0.0233,-0.0082426406871193,-0.0122573593128836));
#3448=CARTESIAN_POINT('',(0.0233,-0.00175735931287773,-0.0187426406871251));
#3449=CARTESIAN_POINT('',(0.023,-0.00824264068711929,-0.0122573593128806));
#3450=CARTESIAN_POINT('',(0.023,-0.00175735931287773,-0.0187426406871221));
#3451=CARTESIAN_POINT('',(0.023,-0.00175735931288072,-0.0187426406871192));
#3452=CARTESIAN_POINT('',(0.0232499999999998,-0.00175735931288048,-0.0187426406871219));
#3453=CARTESIAN_POINT('',(0.0237864583333352,-0.00173894507378405,-0.018724226448032));
#3454=CARTESIAN_POINT('',(0.0245598958333321,-0.00144615867220387,-0.0184314400464517));
#3455=CARTESIAN_POINT('',(0.0249739583333299,-0.000899255771129017,-0.0178845371453762));
#3456=CARTESIAN_POINT('',(0.025,-0.000519922445804124,-0.0175052038200464));
#3457=CARTESIAN_POINT('',(0.025,-0.000343145750507611,-0.017328427124746));
#3458=CARTESIAN_POINT('',(0.023,0.,-0.0229852813742384));
#3459=CARTESIAN_POINT('',(0.0230000000000018,0.,-0.0228534913949326));
#3460=CARTESIAN_POINT('',(0.0229999999999992,-1.51813601343026E-6,-0.0226553382711413));
#3461=CARTESIAN_POINT('',(0.0229999999999997,-1.28565952596269E-5,-0.022466732127447));
#3462=CARTESIAN_POINT('',(0.0230000000000005,-3.76409844487254E-5,-0.0221844944861429));
#3463=CARTESIAN_POINT('',(0.0230000000000002,-6.46628023223748E-5,-0.0219952555158508));
#3464=CARTESIAN_POINT('',(0.0229999999999998,-0.000139819335867198,-0.021611625899792));
#3465=CARTESIAN_POINT('',(0.023,-0.000236036784014407,-0.0212236349982875));
#3466=CARTESIAN_POINT('',(0.023,-0.000430457606936368,-0.0206779878257379));
#3467=CARTESIAN_POINT('',(0.023,-0.000678449863168881,-0.0201556254047898));
#3468=CARTESIAN_POINT('',(0.023,-0.000884065188962829,-0.0198141290694814));
#3469=CARTESIAN_POINT('',(0.023,-0.00110227263290397,-0.0194894915590459));
#3470=CARTESIAN_POINT('',(0.023,-0.00121739117206967,-0.0193359332484298));
#3471=CARTESIAN_POINT('',(0.023,-0.00139967738596862,-0.0191185114071244));
#3472=CARTESIAN_POINT('',(0.023,-0.00152510743498091,-0.0189770411407141));
#3473=CARTESIAN_POINT('',(0.023,-0.0016641695275078,-0.0188358304724921));
#3474=CARTESIAN_POINT('',(0.023,-0.00175735931288072,-0.0187426406871191));
#3475=CARTESIAN_POINT('',(0.0230625,-1.08420217248551E-19,-0.0229852813742384));
#3476=CARTESIAN_POINT('',(0.0230625000000018,7.38841299820437E-12,-0.0228534913949326));
#3477=CARTESIAN_POINT('',(0.0230624999999992,-1.51813917125849E-6,-0.0226553382711413));
#3478=CARTESIAN_POINT('',(0.0230624999999997,-1.28565963323839E-5,-0.0224667321274468));
#3479=CARTESIAN_POINT('',(0.0230625000000005,-3.76409823032118E-5,-0.0221844944861431));
#3480=CARTESIAN_POINT('',(0.0230625000000002,-6.46628015547941E-5,-0.0219952555158534));
#3481=CARTESIAN_POINT('',(0.0230624999999998,-0.000139819336634779,-0.0216116258997894));
#3482=CARTESIAN_POINT('',(0.0230625,-0.000236036783638712,-0.0212236349982693));
#3483=CARTESIAN_POINT('',(0.0230625,-0.00043045760709993,-0.0206779878258056));
#3484=CARTESIAN_POINT('',(0.0230625,-0.00067844986289033,-0.020155625404537));
#3485=CARTESIAN_POINT('',(0.0230625,-0.000884065189503741,-0.019814129070026));
#3486=CARTESIAN_POINT('',(0.0230625,-0.00110227263236306,-0.0194894915585013));
#3487=CARTESIAN_POINT('',(0.0230625,-0.00121739117055275,-0.0193359332469125));
#3488=CARTESIAN_POINT('',(0.0230625,-0.00139967738672708,-0.019118511407883));
#3489=CARTESIAN_POINT('',(0.0230625,-0.00152510743721387,-0.0189770411429469));
#3490=CARTESIAN_POINT('',(0.0230625,-0.00166416952228342,-0.0188358304672677));
#3491=CARTESIAN_POINT('',(0.0230625,-0.00175735931288072,-0.0187426406871191));
#3492=CARTESIAN_POINT('',(0.0231250745985243,5.08626302081177E-8,-0.0229852813742384));
#3493=CARTESIAN_POINT('',(0.0231250745985262,5.0875573642995E-8,-0.0228534913949212));
#3494=CARTESIAN_POINT('',(0.0231250745985235,-1.46727956386952E-6,-0.0226553366117067));
#3495=CARTESIAN_POINT('',(0.023125074598524,-1.28058482245499E-5,-0.0224667286063217));
#3496=CARTESIAN_POINT('',(0.0231250745985249,-3.75904750213558E-5,-0.0221844881866879));
#3497=CARTESIAN_POINT('',(0.0231250745985245,-6.46125559510116E-5,-0.0219952474349936));
#3498=CARTESIAN_POINT('',(0.0231250745985241,-0.000139769748960263,-0.0216116144525887));
#3499=CARTESIAN_POINT('',(0.0231250745985243,-0.000235987987256493,-0.021223620360446));
#3500=CARTESIAN_POINT('',(0.0231250745985243,-0.000430410534393773,-0.0206779683248893));
#3501=CARTESIAN_POINT('',(0.0231250745985243,-0.000678405006938759,-0.0201556012542755));
#3502=CARTESIAN_POINT('',(0.0231250745985243,-0.000884022024108173,-0.0198141021118456));
#3503=CARTESIAN_POINT('',(0.0231250745985243,-0.00110223138260902,-0.0194894617530391));
#3504=CARTESIAN_POINT('',(0.0231250745985243,-0.00121735099878625,-0.0193359019914671));
#3505=CARTESIAN_POINT('',(0.0231250745985243,-0.00139963901153366,-0.019118478014502));
#3506=CARTESIAN_POINT('',(0.0231250745985243,-0.00152507030053971,-0.0189770063532743));
#3507=CARTESIAN_POINT('',(0.0231250745985243,-0.00166413355303662,-0.0188357944980371));
#3508=CARTESIAN_POINT('',(0.0231250745985243,-0.00175732334756999,-0.0187426047218084));
#3509=CARTESIAN_POINT('',(0.0232520616319444,3.5400390624996E-6,-0.0229852813742384));
#3510=CARTESIAN_POINT('',(0.0232520616319463,3.54006066806413E-6,-0.0228534913941376));
#3511=CARTESIAN_POINT('',(0.0232520616319437,2.02184867309125E-6,-0.0226552227744912));
#3512=CARTESIAN_POINT('',(0.0232520616319442,-9.32447395491114E-6,-0.0224664870571458));
#3513=CARTESIAN_POINT('',(0.023252061631945,-3.41257836304743E-5,-0.022184056044042));
#3514=CARTESIAN_POINT('',(0.0232520616319446,-6.11657462213707E-5,-0.0219946930878753));
#3515=CARTESIAN_POINT('',(0.0232520616319442,-0.000136367995798675,-0.0216108291747492));
#3516=CARTESIAN_POINT('',(0.0232520616319444,-0.000232640574373181,-0.0212226162066904));
#3517=CARTESIAN_POINT('',(0.0232520616319445,-0.000427181338507062,-0.0206766305586153));
#3518=CARTESIAN_POINT('',(0.0232520616319445,-0.00067532790270134,-0.0201539445590728));
#3519=CARTESIAN_POINT('',(0.0232520616319444,-0.000881060850707476,-0.0198122527532165));
#3520=CARTESIAN_POINT('',(0.0232520616319444,-0.00109940167674668,-0.0194874171257843));
#3521=CARTESIAN_POINT('',(0.0232520616319444,-0.00121459529206476,-0.0193337579443908));
#3522=CARTESIAN_POINT('',(0.0232520616319444,-0.00139700643503458,-0.0191161871903281));
#3523=CARTESIAN_POINT('',(0.0232520616319444,-0.00152252261214052,-0.0189746196691862));
#3524=CARTESIAN_POINT('',(0.0232520616319444,-0.00166166632604148,-0.0188333272721501));
#3525=CARTESIAN_POINT('',(0.0232520616319444,-0.00175485612725396,-0.0187401375014924));
#3526=CARTESIAN_POINT('',(0.0233164605034722,6.97157118055507E-6,-0.0229852813742384));
#3527=CARTESIAN_POINT('',(0.0233164605034741,6.971595891784E-6,-0.022853491393367));
#3528=CARTESIAN_POINT('',(0.0233164605034714,5.45333570573058E-6,-0.0226551108179683));
#3529=CARTESIAN_POINT('',(0.023316460503472,-5.90061431481573E-6,-0.0224662494985784));
#3530=CARTESIAN_POINT('',(0.0233164605034728,-3.07183336110332E-5,-0.0221836310407787));
#3531=CARTESIAN_POINT('',(0.0233164605034724,-5.77758814325518E-5,-0.0219941478990651));
#3532=CARTESIAN_POINT('',(0.023316460503472,-0.000133022442078335,-0.0216100568704037));
#3533=CARTESIAN_POINT('',(0.0233164605034722,-0.000229348464018794,-0.0212216286424659));
#3534=CARTESIAN_POINT('',(0.0233164605034722,-0.000424005491703695,-0.0206753148933867));
#3535=CARTESIAN_POINT('',(0.0233164605034722,-0.000672301635181167,-0.0201523152341413));
#3536=CARTESIAN_POINT('',(0.0233164605034722,-0.000878148598142542,-0.0198104339472464));
#3537=CARTESIAN_POINT('',(0.0233164605034722,-0.00109661872055147,-0.0194854062779989));
#3538=CARTESIAN_POINT('',(0.0233164605034722,-0.00121188511319353,-0.0193316493200008));
#3539=CARTESIAN_POINT('',(0.0233164605034722,-0.00139441735049727,-0.0191139342120619));
#3540=CARTESIAN_POINT('',(0.0233164605034722,-0.00152001701219544,-0.0189722724136171));
#3541=CARTESIAN_POINT('',(0.0233164605034722,-0.00165923986367,-0.0188309008108684));
#3542=CARTESIAN_POINT('',(0.0233164605034722,-0.00175242966762342,-0.0187377110418619));
#3543=CARTESIAN_POINT('',(0.0235125868055556,2.56076388888882E-5,-0.0229852813742384));
#3544=CARTESIAN_POINT('',(0.0235125868055574,2.56076706145445E-5,-0.0228534913891818));
#3545=CARTESIAN_POINT('',(0.0235125868055548,2.4089162773564E-5,-0.0226545028011201));
#3546=CARTESIAN_POINT('',(0.0235125868055553,1.26937869001772E-5,-0.0224649593583743));
#3547=CARTESIAN_POINT('',(0.0235125868055561,-1.22130545481554E-5,-0.0221813229202896));
#3548=CARTESIAN_POINT('',(0.0235125868055557,-3.93661029310165E-5,-0.0219911870712939));
#3549=CARTESIAN_POINT('',(0.0235125868055553,-0.000114853307411553,-0.0216058626167677));
#3550=CARTESIAN_POINT('',(0.0235125868055556,-0.000211469572713717,-0.0212162653490341));
#3551=CARTESIAN_POINT('',(0.0235125868055555,-0.000406758007264936,-0.0206681697390504));
#3552=CARTESIAN_POINT('',(0.0235125868055556,-0.000655866490996397,-0.0201434666476962));
#3553=CARTESIAN_POINT('',(0.0235125868055556,-0.000862332648708945,-0.0198005563204218));
#3554=CARTESIAN_POINT('',(0.0235125868055556,-0.0010815049591691,-0.0194744857061668));
#3555=CARTESIAN_POINT('',(0.0235125868055556,-0.00119716659438987,-0.0193201977413446));
#3556=CARTESIAN_POINT('',(0.0235125868055556,-0.00138035647140584,-0.0191016986690035));
#3557=CARTESIAN_POINT('',(0.0235125868055556,-0.00150640952176918,-0.0189595248645846));
#3558=CARTESIAN_POINT('',(0.0235125868055556,-0.00164606216589953,-0.0188177231190166));
#3559=CARTESIAN_POINT('',(0.0235125868055556,-0.00173925197777221,-0.0187245333520106));
#3560=CARTESIAN_POINT('',(0.0236475694444444,4.9479166666666E-5,-0.0229852813742384));
#3561=CARTESIAN_POINT('',(0.0236475694444463,4.94792001024402E-5,-0.0228534913838209));
#3562=CARTESIAN_POINT('',(0.0236475694444437,4.79603854166301E-5,-0.0226537239731341));
#3563=CARTESIAN_POINT('',(0.0236475694444442,3.65119438068052E-5,-0.0224633067770358));
#3564=CARTESIAN_POINT('',(0.023647569444445,1.14909398099429E-5,-0.0221783663758492));
#3565=CARTESIAN_POINT('',(0.0236475694444446,-1.57844369017207E-5,-0.0219873944534767));
#3566=CARTESIAN_POINT('',(0.0236475694444442,-9.15798881597441E-5,-0.0216004900648057));
#3567=CARTESIAN_POINT('',(0.0236475694444445,-0.000188567936477428,-0.021209395337087));
#3568=CARTESIAN_POINT('',(0.0236475694444444,-0.000384665159496743,-0.0206590172851032));
#3569=CARTESIAN_POINT('',(0.0236475694444444,-0.000634814195953934,-0.0201321322140708));
#3570=CARTESIAN_POINT('',(0.0236475694444444,-0.000842073498974645,-0.0197879037556853));
#3571=CARTESIAN_POINT('',(0.0236475694444444,-0.00106214526535456,-0.0194604972012996));
#3572=CARTESIAN_POINT('',(0.0236475694444444,-0.0011783131802398,-0.0193055290540215));
#3573=CARTESIAN_POINT('',(0.0236475694444444,-0.00136234544649533,-0.0190860257746737));
#3574=CARTESIAN_POINT('',(0.0236475694444444,-0.00148897925526904,-0.0189431961241784));
#3575=CARTESIAN_POINT('',(0.0236475694444444,-0.0016291824417307,-0.0188008434024291));
#3576=CARTESIAN_POINT('',(0.0236475694444444,-0.00172237225860326,-0.0187076536328417));
#3577=CARTESIAN_POINT('',(0.0239149305555556,0.000127604166666666,-0.0229852813742384));
#3578=CARTESIAN_POINT('',(0.0239149305555574,0.00012760420195461,-0.0228534913662761));
#3579=CARTESIAN_POINT('',(0.0239149305555548,0.000126084388394381,-0.0226511750815434));
#3580=CARTESIAN_POINT('',(0.0239149305555553,0.000114462276044917,-0.0224578983290192));
#3581=CARTESIAN_POINT('',(0.0239149305555561,8.90676475308802E-5,-0.0221686904122258));
#3582=CARTESIAN_POINT('',(0.0239149305555557,6.13919242596783E-5,-0.02197498224971));
#3583=CARTESIAN_POINT('',(0.0239149305555554,-1.54123338557078E-5,-0.0215829071674768));
#3584=CARTESIAN_POINT('',(0.0239149305555556,-0.000113617127167253,-0.021186911661633));
#3585=CARTESIAN_POINT('',(0.0239149305555555,-0.000312361293990668,-0.0206290637994235));
#3586=CARTESIAN_POINT('',(0.0239149305555556,-0.000565915775956141,-0.0200950377041519));
#3587=CARTESIAN_POINT('',(0.0239149305555556,-0.000775770826842785,-0.0197464953617259));
#3588=CARTESIAN_POINT('',(0.0239149305555556,-0.00099878626769021,-0.0194147166401921));
#3589=CARTESIAN_POINT('',(0.0239149305555556,-0.00111661109833563,-0.0192575224417327));
#3590=CARTESIAN_POINT('',(0.0239149305555556,-0.00130340027367654,-0.0190347326655736));
#3591=CARTESIAN_POINT('',(0.0239149305555556,-0.00143193474559142,-0.0188897566089903));
#3592=CARTESIAN_POINT('',(0.0239149305555556,-0.00157393971073509,-0.0187456006962452));
#3593=CARTESIAN_POINT('',(0.0239149305555556,-0.00166712954132306,-0.0186524109155615));
#3594=CARTESIAN_POINT('',(0.024046875,0.000181640624999999,-0.0229852813742384));
#3595=CARTESIAN_POINT('',(0.0240468750000018,0.000181640660383804,-0.0228534913541409));
#3596=CARTESIAN_POINT('',(0.0240468749999992,0.000180120157627226,-0.0226494120981932));
#3597=CARTESIAN_POINT('',(0.0240468749999997,0.000168377922681698,-0.0224541574858077));
#3598=CARTESIAN_POINT('',(0.0240468750000005,0.000142724870027019,-0.0221619978707196));
#3599=CARTESIAN_POINT('',(0.0240468750000002,0.000114772240606513,-0.0219663971421044));
#3600=CARTESIAN_POINT('',(0.0240468749999998,3.727022466105E-5,-0.0215707456634915));
#3601=CARTESIAN_POINT('',(0.024046875,-6.17761507879833E-5,-0.0211713604527803));
#3602=CARTESIAN_POINT('',(0.024046875,-0.000262351120322728,-0.0206083459718174));
#3603=CARTESIAN_POINT('',(0.024046875,-0.000518261035502353,-0.0200693806681652));
#3604=CARTESIAN_POINT('',(0.024046875,-0.000729911478531477,-0.0197178545558167));
#3605=CARTESIAN_POINT('',(0.024046875,-0.00095496296105914,-0.01938305175218));
#3606=CARTESIAN_POINT('',(0.024046875,-0.00107393382526193,-0.0192243178684764));
#3607=CARTESIAN_POINT('',(0.024046875,-0.0012626298623552,-0.0189992549316577));
#3608=CARTESIAN_POINT('',(0.024046875,-0.00139247895937286,-0.0188527942772937));
#3609=CARTESIAN_POINT('',(0.024046875,-0.00153573015596788,-0.0187073911586393));
#3610=CARTESIAN_POINT('',(0.024046875,-0.00162891999520425,-0.0186142013694427));
#3611=CARTESIAN_POINT('',(0.024291015625,0.000319335937499999,-0.0229852813742384));
#3612=CARTESIAN_POINT('',(0.0242910156250018,0.000319335973008183,-0.0228534913232183));
#3613=CARTESIAN_POINT('',(0.0242910156249992,0.000317813714217587,-0.0226449196767646));
#3614=CARTESIAN_POINT('',(0.0242910156249997,0.000305765383707291,-0.0224446250961784));
#3615=CARTESIAN_POINT('',(0.0242910156250005,0.000279453816473329,-0.0221449439848334));
#3616=CARTESIAN_POINT('',(0.0242910156250002,0.000250795576827258,-0.0219445206329646));
#3617=CARTESIAN_POINT('',(0.0242910156249998,0.000171515539448135,-0.0215397558069505));
#3618=CARTESIAN_POINT('',(0.024291015625,7.03246504615294E-5,-0.0211317329748004));
#3619=CARTESIAN_POINT('',(0.024291015625,-0.000134915557298758,-0.0205555529532781));
#3620=CARTESIAN_POINT('',(0.024291015625,-0.000396827570374626,-0.0200040015945406));
#3621=CARTESIAN_POINT('',(0.024291015625,-0.000613053018669187,-0.0196448722612319));
#3622=CARTESIAN_POINT('',(0.024291015625,-0.000843292727905614,-0.0193023635134594));
#3623=CARTESIAN_POINT('',(0.024291015625,-0.000965183906550535,-0.0191397062149624));
#3624=CARTESIAN_POINT('',(0.024291015625,-0.00115873899493973,-0.0189088508265464));
#3625=CARTESIAN_POINT('',(0.024291015625,-0.00129193801011704,-0.0187586071308258));
#3626=CARTESIAN_POINT('',(0.024291015625,-0.00143836484480848,-0.0186100258912102));
#3627=CARTESIAN_POINT('',(0.024291015625,-0.0015315547059979,-0.0185168360802363));
#3628=CARTESIAN_POINT('',(0.0244027777777778,0.000402777777777777,-0.0229852813742384));
#3629=CARTESIAN_POINT('',(0.0244027777777796,0.000402777813268287,-0.0228534913044795));
#3630=CARTESIAN_POINT('',(0.024402777777777,0.000401254490473264,-0.0226421973189406));
#3631=CARTESIAN_POINT('',(0.0244027777777775,0.000389020669401401,-0.0224388485732273));
#3632=CARTESIAN_POINT('',(0.0244027777777783,0.0003623100495568,-0.02213460951813));
#3633=CARTESIAN_POINT('',(0.024402777777778,0.000333224217915899,-0.0219312637097742));
#3634=CARTESIAN_POINT('',(0.0244027777777776,0.000252866719182994,-0.0215209762957763));
#3635=CARTESIAN_POINT('',(0.0244027777777778,0.000150376278637157,-0.0211077191603274));
#3636=CARTESIAN_POINT('',(0.0244027777777778,-5.76910120126692E-5,-0.0205235609664714));
#3637=CARTESIAN_POINT('',(0.0244027777777778,-0.000323240230202231,-0.0199643825972094));
#3638=CARTESIAN_POINT('',(0.0244027777777778,-0.000542238081204454,-0.0196006457958699));
#3639=CARTESIAN_POINT('',(0.0244027777777778,-0.000775621798601895,-0.0192534673309791));
#3640=CARTESIAN_POINT('',(0.0244027777777778,-0.000899282655593225,-0.0190884324864139));
#3641=CARTESIAN_POINT('',(0.0244027777777778,-0.00109578227543255,-0.0188540669362054));
#3642=CARTESIAN_POINT('',(0.0244027777777778,-0.00123101130403871,-0.0187015307591399));
#3643=CARTESIAN_POINT('',(0.0244027777777778,-0.00137936254047586,-0.0185510236133777));
#3644=CARTESIAN_POINT('',(0.0244027777777778,-0.0014725524149028,-0.0184578337891412));
#3645=CARTESIAN_POINT('',(0.0245972222222222,0.000597222222222221,-0.0229852813742384));
#3646=CARTESIAN_POINT('',(0.0245972222222241,0.000597222257725354,-0.0228534912608127));
#3647=CARTESIAN_POINT('',(0.0245972222222215,0.000595696455404977,-0.0226358534109815));
#3648=CARTESIAN_POINT('',(0.024597222222222,0.000583030385861526,-0.0224253875470525));
#3649=CARTESIAN_POINT('',(0.0245972222222228,0.000555389854105039,-0.0221105271197784));
#3650=CARTESIAN_POINT('',(0.0245972222222224,0.000525307605217777,-0.0219003711137312));
#3651=CARTESIAN_POINT('',(0.024597222222222,0.000442439299261756,-0.0214772144179816));
#3652=CARTESIAN_POINT('',(0.0245972222222223,0.000336920514908716,-0.0210517597903199));
#3653=CARTESIAN_POINT('',(0.0245972222222222,0.000122265275570888,-0.0204490100687374));
#3654=CARTESIAN_POINT('',(0.0245972222222222,-0.000151759718381043,-0.0198720584837908));
#3655=CARTESIAN_POINT('',(0.0245972222222222,-0.000377218096895261,-0.019497584903899));
#3656=CARTESIAN_POINT('',(0.0245972222222222,-0.000617928293640525,-0.0191395246014502));
#3657=CARTESIAN_POINT('',(0.0245972222222222,-0.000745713030464492,-0.0189689493634393));
#3658=CARTESIAN_POINT('',(0.0245972222222222,-0.000949074289278293,-0.0187264040864176));
#3659=CARTESIAN_POINT('',(0.0245972222222222,-0.00108903385634058,-0.0185685257421714));
#3660=CARTESIAN_POINT('',(0.0245972222222222,-0.0012418695243597,-0.0184135306590145));
#3661=CARTESIAN_POINT('',(0.0245972222222222,-0.00133505942967208,-0.0183203408039105));
#3662=CARTESIAN_POINT('',(0.0246806640625,0.000708984374999998,-0.0229852813742384));
#3663=CARTESIAN_POINT('',(0.0246806640625018,0.00070898441051039,-0.0228534912357142));
#3664=CARTESIAN_POINT('',(0.0246806640624992,0.000707457183016395,-0.0226322070799558));
#3665=CARTESIAN_POINT('',(0.0246806640624997,0.000694542667085816,-0.0224176504616954));
#3666=CARTESIAN_POINT('',(0.0246806640625006,0.000666367643549619,-0.0220966851162616));
#3667=CARTESIAN_POINT('',(0.0246806640625002,0.000635712677160262,-0.0218826147666752));
#3668=CARTESIAN_POINT('',(0.0246806640624998,0.00055140121749899,-0.021452061106526));
#3669=CARTESIAN_POINT('',(0.0246806640625,0.00044414181142641,-0.0210195956434965));
#3670=CARTESIAN_POINT('',(0.0246806640625,0.00022569997211724,-0.0204061599433658));
#3671=CARTESIAN_POINT('',(0.0246806640625,-5.31967009838196E-5,-0.0198189927266362));
#3672=CARTESIAN_POINT('',(0.0246806640625,-0.000282368440735401,-0.0194383478956791));
#3673=CARTESIAN_POINT('',(0.0246806640625,-0.000527289727730809,-0.0190740329656161));
#3674=CARTESIAN_POINT('',(0.0246806640625,-0.000657444774949652,-0.0189002732380689));
#3675=CARTESIAN_POINT('',(0.0246806640625,-0.000864749944557933,-0.0186530264439614));
#3676=CARTESIAN_POINT('',(0.0246806640625,-0.00100742851530872,-0.0184920775460344));
#3677=CARTESIAN_POINT('',(0.0246806640625,-0.00116284173049829,-0.0183345029006473));
#3678=CARTESIAN_POINT('',(0.0246806640625,-0.00125603165356291,-0.0182413130278014));
#3679=CARTESIAN_POINT('',(0.024818359375,0.000953124999999999,-0.0229852813742384));
#3680=CARTESIAN_POINT('',(0.0248183593750018,0.000953125035526247,-0.0228534911808872));
#3681=CARTESIAN_POINT('',(0.0248183593749992,0.000951594694788911,-0.0226242417937347));
#3682=CARTESIAN_POINT('',(0.0248183593749997,0.000938137456168003,-0.0224007490616433));
#3683=CARTESIAN_POINT('',(0.0248183593750005,0.000908794853501373,-0.0220664477299386));
#3684=CARTESIAN_POINT('',(0.0248183593750002,0.000876888805189965,-0.0218438266299025));
#3685=CARTESIAN_POINT('',(0.0248183593749998,0.000789424825298775,-0.0213971145523753));
#3686=CARTESIAN_POINT('',(0.024818359375,0.000678363090227196,-0.020949334157717));
#3687=CARTESIAN_POINT('',(0.024818359375,0.000451649551951505,-0.0203125553005638));
#3688=CARTESIAN_POINT('',(0.024818359375,0.000162110861291667,-0.0197030723833371));
#3689=CARTESIAN_POINT('',(0.024818359375,-7.51725899007526E-5,-0.0193089466641307));
#3690=CARTESIAN_POINT('',(0.024818359375,-0.000329292860452305,-0.0189309687125803));
#3691=CARTESIAN_POINT('',(0.024818359375,-0.00046462577018423,-0.0187502525758519));
#3692=CARTESIAN_POINT('',(0.024818359375,-0.000680546278906658,-0.018492735477431));
#3693=CARTESIAN_POINT('',(0.024818359375,-0.000829164420821662,-0.0183250790593274));
#3694=CARTESIAN_POINT('',(0.024818359375,-0.000990208200218536,-0.0181618694479034));
#3695=CARTESIAN_POINT('',(0.024818359375,-0.00108339816206228,-0.0180686795363007));
#3696=CARTESIAN_POINT('',(0.0248723958333333,0.00108506944444444,-0.0229852813742384));
#3697=CARTESIAN_POINT('',(0.0248723958333352,0.00108506947997926,-0.0228534911512563));
#3698=CARTESIAN_POINT('',(0.0248723958333326,0.00108353745670686,-0.022619936999048));
#3699=CARTESIAN_POINT('',(0.0248723958333331,0.00106978690662309,-0.0223916147938819));
#3700=CARTESIAN_POINT('',(0.0248723958333339,0.00103981329230197,-0.0220501061024858));
#3701=CARTESIAN_POINT('',(0.0248723958333335,0.00100723110371624,-0.0218228637968733));
#3702=CARTESIAN_POINT('',(0.0248723958333331,0.000918063361780791,-0.0213674189924432));
#3703=CARTESIAN_POINT('',(0.0248723958333333,0.000804946679125754,-0.0209113617280691));
#3704=CARTESIAN_POINT('',(0.0248723958333333,0.000573762747097491,-0.0202619671913872));
#3705=CARTESIAN_POINT('',(0.0248723958333333,0.00027847263717033,-0.019640423877803));
#3706=CARTESIAN_POINT('',(0.0248723958333333,3.68052565947737E-5,-0.0192390124874362));
#3707=CARTESIAN_POINT('',(0.0248723958333333,-0.000222286553514234,-0.0188536504318286));
#3708=CARTESIAN_POINT('',(0.0248723958333333,-0.000360417810275453,-0.0186691747424049));
#3709=CARTESIAN_POINT('',(0.0248723958333333,-0.000580994431159123,-0.018406107115075));
#3710=CARTESIAN_POINT('',(0.0248723958333333,-0.000732822581312207,-0.018234825654956));
#3711=CARTESIAN_POINT('',(0.0248723958333333,-0.000896909367854021,-0.0180685706574427));
#3712=CARTESIAN_POINT('',(0.0248723958333333,-0.000990099350655725,-0.0179753807248942));
#3713=CARTESIAN_POINT('',(0.0249505208333333,0.00135243055555556,-0.0229852813742384));
#3714=CARTESIAN_POINT('',(0.0249505208333351,0.00135243059110773,-0.0228534910912149));
#3715=CARTESIAN_POINT('',(0.0249505208333326,0.00135089515848796,-0.022611214125604));
#3716=CARTESIAN_POINT('',(0.0249505208333331,0.00133655026675576,-0.0223731058828915));
#3717=CARTESIAN_POINT('',(0.0249505208333338,0.0013052980235558,-0.0220169928047525));
#3718=CARTESIAN_POINT('',(0.0249505208333335,0.00127134576125632,-0.0217803864773142));
#3719=CARTESIAN_POINT('',(0.0249505208333331,0.00117872565938909,-0.0213072464104755));
#3720=CARTESIAN_POINT('',(0.0249505208333333,0.00106144500399915,-0.0208344175943089));
#3721=CARTESIAN_POINT('',(0.0249505208333333,0.000821202642524883,-0.020159459707003));
#3722=CARTESIAN_POINT('',(0.0249505208333333,0.000514258340924462,-0.0195134782218524));
#3723=CARTESIAN_POINT('',(0.0249505208333333,0.000263707735019918,-0.0190973037609761));
#3724=CARTESIAN_POINT('',(0.0249505208333333,-5.45798419235249E-6,-0.0186969791787263));
#3725=CARTESIAN_POINT('',(0.0249505208333333,-0.000149259575723455,-0.0185048854483148));
#3726=CARTESIAN_POINT('',(0.0249505208333333,-0.000379270950197014,-0.0182305706966168));
#3727=CARTESIAN_POINT('',(0.0249505208333333,-0.000537603590727261,-0.0180519437566244));
#3728=CARTESIAN_POINT('',(0.0249505208333333,-0.000707856470694334,-0.0178795178451934));
#3729=CARTESIAN_POINT('',(0.0249505208333333,-0.000801046495963488,-0.0177863278702019));
#3730=CARTESIAN_POINT('',(0.0249743923611111,0.00148741319444444,-0.0229852813742384));
#3731=CARTESIAN_POINT('',(0.0249743923611128,0.00148741323000539,-0.0228534910609017));
#3732=CARTESIAN_POINT('',(0.0249743923611104,0.00148587607610797,-0.0226068102073555));
#3733=CARTESIAN_POINT('',(0.0249743923611109,0.00147123111903053,-0.0223637612865961));
#3734=CARTESIAN_POINT('',(0.0249743923611116,0.00143933333430245,-0.0220002748898254));
#3735=CARTESIAN_POINT('',(0.0249743923611113,0.00140468936270919,-0.0217589409474718));
#3736=CARTESIAN_POINT('',(0.0249743923611109,0.00131032626743484,-0.0212768670712028));
#3737=CARTESIAN_POINT('',(0.0249743923611111,0.00119094334658945,-0.0207955707995047));
#3738=CARTESIAN_POINT('',(0.0249743923611111,0.000946127654664361,-0.0201077067400494));
#3739=CARTESIAN_POINT('',(0.0249743923611111,0.000633299499800332,-0.0194493871520462));
#3740=CARTESIAN_POINT('',(0.0249743923611111,0.000378264018770275,-0.0190257592578445));
#3741=CARTESIAN_POINT('',(0.0249743923611111,0.000104012283760741,-0.0186178805428257));
#3742=CARTESIAN_POINT('',(0.0249743923611111,-4.26520904220382E-5,-0.0184219406910713));
#3743=CARTESIAN_POINT('',(0.0249743923611111,-0.00027742679016582,-0.0181419476022328));
#3744=CARTESIAN_POINT('',(0.0249743923611111,-0.000439043353597527,-0.0179596121488628));
#3745=CARTESIAN_POINT('',(0.0249743923611111,-0.000612409309952992,-0.0177840707273208));
#3746=CARTESIAN_POINT('',(0.0249743923611111,-0.000705599356662699,-0.0176908807309012));
#3747=CARTESIAN_POINT('',(0.0249930284288195,0.00168353949652778,-0.0229852813742384));
#3748=CARTESIAN_POINT('',(0.0249930284288207,0.00168353953210144,-0.0228534910168574));
#3749=CARTESIAN_POINT('',(0.0249930284288189,0.0016819998772319,-0.0226004114274245));
#3750=CARTESIAN_POINT('',(0.0249930284288193,0.00166691893292656,-0.0223501838285543));
#3751=CARTESIAN_POINT('',(0.0249930284288198,0.00163408319296369,-0.0219759841894793));
#3752=CARTESIAN_POINT('',(0.0249930284288196,0.00159843418555971,-0.0217277811442644));
#3753=CARTESIAN_POINT('',(0.0249930284288193,0.00150153856570067,-0.0212327266727018));
#3754=CARTESIAN_POINT('',(0.0249930284288194,0.00137910110722608,-0.0207391274059285));
#3755=CARTESIAN_POINT('',(0.0249930284288195,0.00112764048379789,-0.0200325110103317));
#3756=CARTESIAN_POINT('',(0.0249930284288195,0.000806263241494975,-0.0193562644762626));
#3757=CARTESIAN_POINT('',(0.0249930284288195,0.000544711352274104,-0.0189218069351673));
#3758=CARTESIAN_POINT('',(0.0249930284288195,0.000263069767141144,-0.0185029522595536));
#3759=CARTESIAN_POINT('',(0.0249930284288195,0.000112245843406197,-0.0183014240924236));
#3760=CARTESIAN_POINT('',(0.0249930284288195,-0.000129449845425968,-0.0180131805257867));
#3761=CARTESIAN_POINT('',(0.0249930284288195,-0.000295837864359605,-0.0178254566978749));
#3762=CARTESIAN_POINT('',(0.0249930284288195,-0.000473727040628215,-0.0176453885202831));
#3763=CARTESIAN_POINT('',(0.0249930284288195,-0.000566917118490531,-0.017552198492729));
#3764=CARTESIAN_POINT('',(0.0249964599609375,0.00174793836805556,-0.0229852813742384));
#3765=CARTESIAN_POINT('',(0.0249964599609386,0.00174793840363339,-0.0228534910023953));
#3766=CARTESIAN_POINT('',(0.024996459960937,0.00174639792755945,-0.0225983103619257));
#3767=CARTESIAN_POINT('',(0.0249964599609373,0.00173117382506891,-0.0223457256148072));
#3768=CARTESIAN_POINT('',(0.0249964599609378,0.00169803010367763,-0.0219680082389092));
#3769=CARTESIAN_POINT('',(0.0249964599609376,0.00166205108866444,-0.0217175496957423));
#3770=CARTESIAN_POINT('',(0.0249964599609374,0.00156432390402474,-0.0212182329927513));
#3771=CARTESIAN_POINT('',(0.0249964599609375,0.00144088347565642,-0.0207205939873463));
#3772=CARTESIAN_POINT('',(0.0249964599609375,0.00118724096185639,-0.0200078201856637));
#3773=CARTESIAN_POINT('',(0.0249964599609375,0.000863056591810754,-0.019325687265708));
#3774=CARTESIAN_POINT('',(0.0249964599609375,0.000599365013372042,-0.0188876737658678));
#3775=CARTESIAN_POINT('',(0.0249964599609375,0.000315296940798832,-0.0184652150888084));
#3776=CARTESIAN_POINT('',(0.0249964599609375,0.000163107211996549,-0.0182618519755233));
#3777=CARTESIAN_POINT('',(0.0249964599609375,-8.08610118419565E-5,-0.0179708993308375));
#3778=CARTESIAN_POINT('',(0.0249964599609375,-0.000248815757658249,-0.017781406208159));
#3779=CARTESIAN_POINT('',(0.0249964599609375,-0.000428190151641068,-0.0175998516517482));
#3780=CARTESIAN_POINT('',(0.0249964599609375,-0.000521380239732478,-0.0175066616139709));
#3781=CARTESIAN_POINT('',(0.0249999491373698,0.00187492540147569,-0.0229852813742384));
#3782=CARTESIAN_POINT('',(0.0249999491373705,0.00187492543706176,-0.0228534909738777));
#3783=CARTESIAN_POINT('',(0.0249999491373695,0.00187338334166891,-0.022594167306801));
#3784=CARTESIAN_POINT('',(0.0249999491373697,0.00185787694800124,-0.0223369345393635));
#3785=CARTESIAN_POINT('',(0.02499994913737,0.00182412592329836,-0.0219522805983842));
#3786=CARTESIAN_POINT('',(0.0249999491373699,0.00178749617192433,-0.0216973744773793));
#3787=CARTESIAN_POINT('',(0.0249999491373697,0.00168812923891505,-0.0211896531531271));
#3788=CARTESIAN_POINT('',(0.0249999491373698,0.001562711071366,-0.0206840482562013));
#3789=CARTESIAN_POINT('',(0.0249999491373698,0.0013047661252563,-0.0199591327707618));
#3790=CARTESIAN_POINT('',(0.0249999491373698,0.000975046428022103,-0.0192653925871448));
#3791=CARTESIAN_POINT('',(0.0249999491373698,0.000707135633007558,-0.0188203671530694));
#3792=CARTESIAN_POINT('',(0.0249999491373698,0.00041828281134856,-0.0183908018071947));
#3793=CARTESIAN_POINT('',(0.0249999491373698,0.000263399874891914,-0.0181838203949674));
#3794=CARTESIAN_POINT('',(0.0249999491373698,1.49504781391503E-5,-0.0178875257656074));
#3795=CARTESIAN_POINT('',(0.0249999491373698,-0.000156093669622989,-0.0176945438008371));
#3796=CARTESIAN_POINT('',(0.0249999491373698,-0.000338396739016335,-0.0175100582794529));
#3797=CARTESIAN_POINT('',(0.0249999491373698,-0.000431586847278335,-0.0174168682215168));
#3798=CARTESIAN_POINT('',(0.025,0.0019375,-0.0229852813742384));
#3799=CARTESIAN_POINT('',(0.0250000000000004,0.00193750003559011,-0.0228534909598253));
#3800=CARTESIAN_POINT('',(0.0249999999999998,0.00193595714225573,-0.0225921257596909));
#3801=CARTESIAN_POINT('',(0.0249999999999999,0.00192031164574739,-0.0223326026166335));
#3802=CARTESIAN_POINT('',(0.0250000000000001,0.00188626136402683,-0.0219445305882841));
#3803=CARTESIAN_POINT('',(0.025,0.00184931095340572,-0.0216874328624348));
#3804=CARTESIAN_POINT('',(0.025,0.00174913601194751,-0.0211755700460397));
#3805=CARTESIAN_POINT('',(0.025,0.00162274328635196,-0.0206660398470544));
#3806=CARTESIAN_POINT('',(0.025,0.00136267825784326,-0.0199351413807858));
#3807=CARTESIAN_POINT('',(0.025,0.00103023095238644,-0.0192356815591554));
#3808=CARTESIAN_POINT('',(0.025,0.000760241080664535,-0.0187872008985278));
#3809=CARTESIAN_POINT('',(0.025,0.00046903050841464,-0.0183541336443402));
#3810=CARTESIAN_POINT('',(0.025,0.000312820457029995,-0.018145369265793));
#3811=CARTESIAN_POINT('',(0.025,6.21629009992651E-5,-0.0178464423003803));
#3812=CARTESIAN_POINT('',(0.025,-0.00011040359184989,-0.0176517411609248));
#3813=CARTESIAN_POINT('',(0.025,-0.00029414980613043,-0.0174658113664399));
#3814=CARTESIAN_POINT('',(0.025,-0.000387339924331772,-0.0173726212985702));
#3815=CARTESIAN_POINT('',(0.025,0.002,-0.0229852813742384));
#3816=CARTESIAN_POINT('',(0.025,0.00200000003559415,-0.0228534909457896));
#3817=CARTESIAN_POINT('',(0.025,0.0019984563452695,-0.0225900866464183));
#3818=CARTESIAN_POINT('',(0.025,0.00198267191175244,-0.0223282758582202));
#3819=CARTESIAN_POINT('',(0.025,0.00194832272977447,-0.0219367898173854));
#3820=CARTESIAN_POINT('',(0.025,0.00191105204218132,-0.0216775030994209));
#3821=CARTESIAN_POINT('',(0.025,0.00181007005554426,-0.0211615037281771));
#3822=CARTESIAN_POINT('',(0.025,0.00168270393372496,-0.0206480529066949));
#3823=CARTESIAN_POINT('',(0.025,0.00142052135028083,-0.0199111785922285));
#3824=CARTESIAN_POINT('',(0.025,0.00108534968832896,-0.0192060059512708));
#3825=CARTESIAN_POINT('',(0.025,0.000813283218478201,-0.0187540741832514));
#3826=CARTESIAN_POINT('',(0.025,0.000519717706437942,-0.0183175091955631));
#3827=CARTESIAN_POINT('',(0.025,0.000362182122249956,-0.0181069639762655));
#3828=CARTESIAN_POINT('',(0.025,0.000109319039405985,-0.0178054078129485));
#3829=CARTESIAN_POINT('',(0.025,-6.47679836612204E-5,-0.0176089895483278));
#3830=CARTESIAN_POINT('',(0.025,-0.00024995562237877,-0.0174216172025374));
#3831=CARTESIAN_POINT('',(0.025,-0.000343145750507613,-0.0173284271247461));
#3832=CARTESIAN_POINT('',(0.025,0.002,-0.0229852813742384));
#3833=CARTESIAN_POINT('',(0.025,0.00175,-0.0229852813742385));
#3834=CARTESIAN_POINT('',(0.0249739583333333,0.00121354166666667,-0.0229852813742385));
#3835=CARTESIAN_POINT('',(0.0245598958333333,0.000440104166666666,-0.0229852813742385));
#3836=CARTESIAN_POINT('',(0.0237864583333333,2.6041666666666E-5,-0.0229852813742384));
#3837=CARTESIAN_POINT('',(0.02325,-4.33680868994188E-19,-0.0229852813742385));
#3838=CARTESIAN_POINT('',(0.023,0.,-0.0229852813742384));
#3839=CARTESIAN_POINT('',(0.0229999999999998,2.75791244927471E-31,-0.0507879541421403));
#3840=CARTESIAN_POINT('',(0.0229999999999998,2.75791244927471E-31,-0.0229852813742384));
#3841=CARTESIAN_POINT('',(0.0232999999999998,-5.20417042792749E-19,-0.0507879541421403));
#3842=CARTESIAN_POINT('',(0.0232999999999998,-5.20417042792749E-19,-0.0229852813742384));
#3843=CARTESIAN_POINT('',(0.0235999999999998,-5.40351102621174E-17,-0.0507879541421403));
#3844=CARTESIAN_POINT('',(0.0235999999999998,-5.40351102621174E-17,-0.0229852813742384));
#3845=CARTESIAN_POINT('',(0.0243333333333332,0.000199999999999884,-0.0507879541421403));
#3846=CARTESIAN_POINT('',(0.0243333333333332,0.000199999999999884,-0.0229852813742384));
#3847=CARTESIAN_POINT('',(0.0248,0.000666666666666487,-0.0507879541421403));
#3848=CARTESIAN_POINT('',(0.0248,0.000666666666666487,-0.0229852813742384));
#3849=CARTESIAN_POINT('',(0.025,0.00140000000000003,-0.0507879541421403));
#3850=CARTESIAN_POINT('',(0.025,0.00140000000000003,-0.0229852813742384));
#3851=CARTESIAN_POINT('',(0.025,0.00170000000000002,-0.0507879541421403));
#3852=CARTESIAN_POINT('',(0.025,0.00170000000000002,-0.0229852813742384));
#3853=CARTESIAN_POINT('',(0.025,0.00200000000000002,-0.0507879541421403));
#3854=CARTESIAN_POINT('',(0.025,0.00200000000000002,-0.0229852813742384));
#3855=CARTESIAN_POINT('',(0.0229999999999992,1.37895622448853E-30,-0.0486221330321926));
#3856=CARTESIAN_POINT('',(0.0231061580745329,-1.8415490399698E-19,-0.0487282911067168));
#3857=CARTESIAN_POINT('',(0.023271531906232,9.20831249264173E-7,-0.048895879719736));
#3858=CARTESIAN_POINT('',(0.023473982384878,2.19304449792732E-5,-0.0490972015840901));
#3859=CARTESIAN_POINT('',(0.0236016254407181,4.45054824828774E-5,-0.0492239726669024));
#3860=CARTESIAN_POINT('',(0.023675096531491,5.91516991653232E-5,-0.0492972170092927));
#3861=CARTESIAN_POINT('',(0.0238399723289599,0.000104538168576889,-0.0494619413847243));
#3862=CARTESIAN_POINT('',(0.0239454635625673,0.000143673467505166,-0.0495678787660907));
#3863=CARTESIAN_POINT('',(0.0240353182288897,0.000182067904885074,-0.0496588868035224));
#3864=CARTESIAN_POINT('',(0.0241024450231508,0.000213844005904061,-0.0497267736302984));
#3865=CARTESIAN_POINT('',(0.0242306013907269,0.000284547861490358,-0.0498533914792171));
#3866=CARTESIAN_POINT('',(0.0243385541057863,0.000355980081826626,-0.0499605463848783));
#3867=CARTESIAN_POINT('',(0.0245190750636371,0.000509856734598632,-0.0501411140519346));
#3868=CARTESIAN_POINT('',(0.0246955991497384,0.000725569725282754,-0.0503177128214898));
#3869=CARTESIAN_POINT('',(0.0248624537629655,0.00101504250217545,-0.0504841644321252));
#3870=CARTESIAN_POINT('',(0.0249726307693591,0.0014476027962893,-0.0505960502510917));
#3871=CARTESIAN_POINT('',(0.0249967821282048,0.00170706380535879,-0.050616684023832));
#3872=CARTESIAN_POINT('',(0.025,0.00189715327460745,-0.0506221330321926));
#3873=CARTESIAN_POINT('',(0.025,0.00200000000000011,-0.0506221330321926));
#3874=CARTESIAN_POINT('',(0.0251500000000148,0.00200000000000011,-0.0506221330321926));
#3875=CARTESIAN_POINT('',(-0.000150000000000098,0.00200000000000011,-0.0506221330321926));
#3876=CARTESIAN_POINT('',(0.0251500000000148,0.00170000000000009,-0.0506221330321925));
#3877=CARTESIAN_POINT('',(-0.000150000000000098,0.00170000000000009,-0.0506221330321925));
#3878=CARTESIAN_POINT('',(0.0251500000000148,0.00140000000000008,-0.0506221330321926));
#3879=CARTESIAN_POINT('',(-0.000150000000000091,0.00140000000000008,-0.0506221330321926));
#3880=CARTESIAN_POINT('',(0.0251500000000148,0.000666666666666691,-0.0504221330321927));
#3881=CARTESIAN_POINT('',(-0.000150000000000091,0.000666666666666691,-0.0504221330321927));
#3882=CARTESIAN_POINT('',(0.0251500000000148,0.000200000000000004,-0.0499554663655259));
#3883=CARTESIAN_POINT('',(-0.000150000000000091,0.000200000000000004,-0.0499554663655259));
#3884=CARTESIAN_POINT('',(0.0251500000000148,-3.29814300870111E-18,-0.0492221330321925));
#3885=CARTESIAN_POINT('',(-0.000150000000000095,-3.29814300870111E-18,-0.0492221330321925));
#3886=CARTESIAN_POINT('',(0.0251500000000148,-6.31945763002012E-34,-0.0489221330321926));
#3887=CARTESIAN_POINT('',(-0.000150000000000095,-6.31945763002012E-34,-0.0489221330321926));
#3888=CARTESIAN_POINT('',(0.0251500000000148,-1.50343014942703E-47,-0.0486221330321925));
#3889=CARTESIAN_POINT('',(-0.000150000000000095,-1.50343014942703E-47,-0.0486221330321925));
#3890=CARTESIAN_POINT('',(0.002,-3.66626476239263E-44,-0.0486221330321925));
#3891=CARTESIAN_POINT('',(0.00189384192541883,2.34156204213941E-31,-0.0487282911067743));
#3892=CARTESIAN_POINT('',(0.00172625331235037,9.20831254892257E-7,-0.0488936649385186));
#3893=CARTESIAN_POINT('',(0.00152493144803632,2.19304449865536E-5,-0.0490961154171295));
#3894=CARTESIAN_POINT('',(0.00139816036523561,4.4505482494753E-5,-0.0492237584729619));
#3895=CARTESIAN_POINT('',(0.00132491602295603,5.91516991493238E-5,-0.049297229563627));
#3896=CARTESIAN_POINT('',(0.00116019164729681,0.000104538168629406,-0.0494621053613291));
#3897=CARTESIAN_POINT('',(0.00105425426591418,0.00014367346758027,-0.0495675965949497));
#3898=CARTESIAN_POINT('',(0.000963246228503273,0.000182067904962235,-0.0496574512612467));
#3899=CARTESIAN_POINT('',(0.000895359402002101,0.000213844005851898,-0.0497245780552361));
#3900=CARTESIAN_POINT('',(0.000768741552842267,0.00028454786157235,-0.0498527344230604));
#3901=CARTESIAN_POINT('',(0.000661586647350356,0.000355980081804385,-0.0499606871379409));
#3902=CARTESIAN_POINT('',(0.000481018980245961,0.000509856734606394,-0.0501412080958419));
#3903=CARTESIAN_POINT('',(0.000304420210704604,0.000725569725283754,-0.0503177321819275));
#3904=CARTESIAN_POINT('',(0.000137968600066708,0.0010150425021703,-0.0504845867951591));
#3905=CARTESIAN_POINT('',(2.60827811010353E-5,0.00144760279630449,-0.0505947638015525));
#3906=CARTESIAN_POINT('',(5.44900836056187E-6,0.00170706380533292,-0.0506189151603957));
#3907=CARTESIAN_POINT('',(1.73472347597681E-18,0.00189715327459633,-0.0506221330321926));
#3908=CARTESIAN_POINT('',(1.73472347597681E-18,0.002,-0.0506221330321926));
#3909=CARTESIAN_POINT('',(0.00200000000000001,0.,-0.0229852813742384));
#3910=CARTESIAN_POINT('',(0.00200000000000001,0.,-0.0507879541421403));
#3911=CARTESIAN_POINT('',(0.00170000000000001,4.06371218265714E-33,-0.0229852813742384));
#3912=CARTESIAN_POINT('',(0.00170000000000001,4.06371218265714E-33,-0.0507879541421403));
#3913=CARTESIAN_POINT('',(0.00140000000000001,-3.25353170331042E-18,-0.0229852813742384));
#3914=CARTESIAN_POINT('',(0.00140000000000001,-3.25353170331042E-18,-0.0507879541421403));
#3915=CARTESIAN_POINT('',(0.000666666666666667,0.000199999999999996,-0.0229852813742384));
#3916=CARTESIAN_POINT('',(0.000666666666666667,0.000199999999999996,-0.0507879541421403));
#3917=CARTESIAN_POINT('',(0.000199999999999996,0.000666666666666664,-0.0229852813742384));
#3918=CARTESIAN_POINT('',(0.000199999999999996,0.000666666666666664,-0.0507879541421403));
#3919=CARTESIAN_POINT('',(-1.54841417465692E-18,0.00140000000000001,-0.0229852813742384));
#3920=CARTESIAN_POINT('',(-1.54841417465692E-18,0.00140000000000001,-0.0507879541421403));
#3921=CARTESIAN_POINT('',(1.73472347597681E-18,0.00170000000000001,-0.0229852813742384));
#3922=CARTESIAN_POINT('',(1.73472347597681E-18,0.00170000000000001,-0.0507879541421403));
#3923=CARTESIAN_POINT('',(1.73472347597681E-18,0.00200000000000001,-0.0229852813742384));
#3924=CARTESIAN_POINT('',(1.73472347597681E-18,0.00200000000000001,-0.0507879541421403));
#3925=CARTESIAN_POINT('',(0.002,0.,-0.0229852813742384));
#3926=CARTESIAN_POINT('',(0.00175,0.,-0.0229852813742385));
#3927=CARTESIAN_POINT('',(0.00121354166666667,2.60416666666664E-5,-0.0229852813742385));
#3928=CARTESIAN_POINT('',(0.000440104166666669,0.000440104166666668,-0.0229852813742385));
#3929=CARTESIAN_POINT('',(2.60416666666676E-5,0.00121354166666667,-0.0229852813742384));
#3930=CARTESIAN_POINT('',(1.73472347597681E-18,0.00175,-0.0229852813742385));
#3931=CARTESIAN_POINT('',(1.73472347597681E-18,0.002,-0.0229852813742384));
#3932=CARTESIAN_POINT('',(-2.60208521396521E-18,0.002,-0.0229852813742384));
#3933=CARTESIAN_POINT('',(-2.60208521396521E-18,0.00200000003559415,-0.0228534909457914));
#3934=CARTESIAN_POINT('',(4.82399135669434E-18,0.0019984563452695,-0.0225900866464175));
#3935=CARTESIAN_POINT('',(3.36244335643738E-18,0.00198267191175244,-0.0223282758582199));
#3936=CARTESIAN_POINT('',(1.0813689290209E-18,0.00194832272977447,-0.021936789817386));
#3937=CARTESIAN_POINT('',(1.96659956272719E-18,0.00191105204218132,-0.0216775030994212));
#3938=CARTESIAN_POINT('',(3.23757086520322E-18,0.00181007005554426,-0.0211615037281769));
#3939=CARTESIAN_POINT('',(2.99933880753256E-18,0.00168270393372498,-0.020648052906695));
#3940=CARTESIAN_POINT('',(2.58469159622478E-19,0.00142052135028079,-0.0199111785922284));
#3941=CARTESIAN_POINT('',(6.37512540983835E-18,0.00108534968832917,-0.0192060059512709));
#3942=CARTESIAN_POINT('',(-4.63926454017697E-18,0.00081328321847772,-0.0187540741832512));
#3943=CARTESIAN_POINT('',(-5.64905887753465E-19,0.000519717706438468,-0.0183175091955634));
#3944=CARTESIAN_POINT('',(7.4201675926847E-18,0.000362182122251362,-0.0181069639762663));
#3945=CARTESIAN_POINT('',(1.93044024605529E-19,0.000109319039405306,-0.0178054078129481));
#3946=CARTESIAN_POINT('',(-7.03541591621002E-18,-6.47679836632498E-5,-0.0176089895483265));
#3947=CARTESIAN_POINT('',(3.46944695195361E-18,-0.000249955622373995,-0.0174216172025405));
#3948=CARTESIAN_POINT('',(3.46944695195361E-18,-0.000343145750507613,-0.0173284271247461));
#3949=CARTESIAN_POINT('',(-2.60208521396521E-18,0.0019375,-0.0229852813742384));
#3950=CARTESIAN_POINT('',(-2.60209682182135E-18,0.00193750003559011,-0.0228534909598271));
#3951=CARTESIAN_POINT('',(4.82842211140232E-18,0.00193595714225573,-0.0225921257596901));
#3952=CARTESIAN_POINT('',(3.36817380394843E-18,0.00192031164574739,-0.0223326026166332));
#3953=CARTESIAN_POINT('',(1.09834758978786E-18,0.00188626136402683,-0.0219445305882847));
#3954=CARTESIAN_POINT('',(2.02352582006095E-18,0.00184931095340572,-0.021687432862435));
#3955=CARTESIAN_POINT('',(3.18064460786946E-18,0.00174913601194752,-0.0211755700460395));
#3956=CARTESIAN_POINT('',(2.6267921054657E-18,0.00162274328635197,-0.0206660398470545));
#3957=CARTESIAN_POINT('',(1.64777200285714E-18,0.00136267825784322,-0.0199351413807858));
#3958=CARTESIAN_POINT('',(1.1904607389666E-18,0.00103023095238663,-0.0192356815591554));
#3959=CARTESIAN_POINT('',(6.53208446303401E-18,0.000760241080664086,-0.0187872008985276));
#3960=CARTESIAN_POINT('',(-1.17362548909643E-17,0.000469030508415135,-0.0183541336443405));
#3961=CARTESIAN_POINT('',(-2.37033984928426E-17,0.000312820457031315,-0.0181453692657938));
#3962=CARTESIAN_POINT('',(1.57548270673688E-17,6.21629009986291E-5,-0.0178464423003799));
#3963=CARTESIAN_POINT('',(3.87666053931347E-17,-0.000110403591851792,-0.0176517411609237));
#3964=CARTESIAN_POINT('',(-1.03696378709497E-16,-0.000294149806125952,-0.0174658113664425));
#3965=CARTESIAN_POINT('',(3.46944695195361E-18,-0.000387339924331772,-0.0173726212985702));
#3966=CARTESIAN_POINT('',(5.08626302057314E-8,0.00187492540147569,-0.0229852813742384));
#3967=CARTESIAN_POINT('',(5.08626302048299E-8,0.00187492543706176,-0.0228534909738796));
#3968=CARTESIAN_POINT('',(5.08626302135442E-8,0.00187338334166892,-0.0225941673068002));
#3969=CARTESIAN_POINT('',(5.08626302118357E-8,0.00185787694800124,-0.0223369345393632));
#3970=CARTESIAN_POINT('',(5.08626302091879E-8,0.00182412592329836,-0.0219522805983848));
#3971=CARTESIAN_POINT('',(5.08626302103043E-8,0.00178749617192433,-0.0216973744773795));
#3972=CARTESIAN_POINT('',(5.0862630211563E-8,0.00168812923891505,-0.0211896531531269));
#3973=CARTESIAN_POINT('',(5.0862630210645E-8,0.00156271107136601,-0.0206840482562013));
#3974=CARTESIAN_POINT('',(5.08626302110084E-8,0.00130476612525626,-0.0199591327707618));
#3975=CARTESIAN_POINT('',(5.08626302057085E-8,0.000975046428022282,-0.0192653925871449));
#3976=CARTESIAN_POINT('',(5.0862630223113E-8,0.00070713563300714,-0.0188203671530692));
#3977=CARTESIAN_POINT('',(5.08626301883413E-8,0.000418282811349023,-0.018390801807195));
#3978=CARTESIAN_POINT('',(5.08626301616441E-8,0.000263399874893146,-0.018183820394968));
#3979=CARTESIAN_POINT('',(5.08626302355822E-8,1.49504781385581E-5,-0.0178875257656071));
#3980=CARTESIAN_POINT('',(5.08626302809241E-8,-0.000156093669624762,-0.0176945438008362));
#3981=CARTESIAN_POINT('',(5.08626300254612E-8,-0.00033839673901216,-0.0175100582794552));
#3982=CARTESIAN_POINT('',(5.08626302118061E-8,-0.000431586847278335,-0.0174168682215168));
#3983=CARTESIAN_POINT('',(3.5400390624974E-6,0.00174793836805556,-0.0229852813742384));
#3984=CARTESIAN_POINT('',(3.54003906249328E-6,0.00174793840363339,-0.0228534910023972));
#3985=CARTESIAN_POINT('',(3.54003906250657E-6,0.00174639792755945,-0.022598310361925));
#3986=CARTESIAN_POINT('',(3.54003906250397E-6,0.00173117382506891,-0.022345725614807));
#3987=CARTESIAN_POINT('',(3.54003906249995E-6,0.00169803010367763,-0.0219680082389097));
#3988=CARTESIAN_POINT('',(3.5400390625017E-6,0.00166205108866444,-0.0217175496957425));
#3989=CARTESIAN_POINT('',(3.54003906250349E-6,0.00156432390402475,-0.0212182329927511));
#3990=CARTESIAN_POINT('',(3.54003906250174E-6,0.00144088347565643,-0.0207205939873463));
#3991=CARTESIAN_POINT('',(3.54003906250428E-6,0.00118724096185636,-0.0200078201856637));
#3992=CARTESIAN_POINT('',(3.54003906249144E-6,0.000863056591810903,-0.019325687265708));
#3993=CARTESIAN_POINT('',(3.5400390625277E-6,0.000599365013371689,-0.0188876737658676));
#3994=CARTESIAN_POINT('',(3.54003906246704E-6,0.000315296940799229,-0.0184652150888086));
#3995=CARTESIAN_POINT('',(3.54003906241727E-6,0.000163107211997599,-0.0182618519755237));
#3996=CARTESIAN_POINT('',(3.54003906254525E-6,-8.08610118424583E-5,-0.0179708993308373));
#3997=CARTESIAN_POINT('',(3.54003906262559E-6,-0.000248815757659756,-0.0177814062081584));
#3998=CARTESIAN_POINT('',(3.54003906219302E-6,-0.000428190151637517,-0.0175998516517497));
#3999=CARTESIAN_POINT('',(3.54003906250347E-6,-0.000521380239732478,-0.0175066616139709));
#4000=CARTESIAN_POINT('',(6.97157118055296E-6,0.00168353949652778,-0.0229852813742384));
#4001=CARTESIAN_POINT('',(6.97157118054651E-6,0.00168353953210144,-0.0228534910168593));
#4002=CARTESIAN_POINT('',(6.97157118056311E-6,0.0016819998772319,-0.0226004114274237));
#4003=CARTESIAN_POINT('',(6.97157118055986E-6,0.00166691893292656,-0.022350183828554));
#4004=CARTESIAN_POINT('',(6.97157118055483E-6,0.00163408319296369,-0.0219759841894798));
#4005=CARTESIAN_POINT('',(6.97157118055703E-6,0.00159843418555972,-0.0217277811442646));
#4006=CARTESIAN_POINT('',(6.97157118055925E-6,0.00150153856570067,-0.0212327266727016));
#4007=CARTESIAN_POINT('',(6.97157118055704E-6,0.00137910110722609,-0.0207391274059286));
#4008=CARTESIAN_POINT('',(6.97157118056041E-6,0.00112764048379786,-0.0200325110103317));
#4009=CARTESIAN_POINT('',(6.97157118054488E-6,0.000806263241495108,-0.0193562644762627));
#4010=CARTESIAN_POINT('',(6.97157118058791E-6,0.000544711352273785,-0.0189218069351672));
#4011=CARTESIAN_POINT('',(6.97157118051789E-6,0.000263069767141508,-0.0185029522595538));
#4012=CARTESIAN_POINT('',(6.97157118045978E-6,0.000112245843407154,-0.018301424092424));
#4013=CARTESIAN_POINT('',(6.97157118060731E-6,-0.000129449845426423,-0.0180131805257866));
#4014=CARTESIAN_POINT('',(6.9715711807003E-6,-0.000295837864360975,-0.0178254566978744));
#4015=CARTESIAN_POINT('',(6.9715711802037E-6,-0.000473727040624985,-0.0176453885202842));
#4016=CARTESIAN_POINT('',(6.97157118055903E-6,-0.000566917118490531,-0.017552198492729));
#4017=CARTESIAN_POINT('',(2.56076388888863E-5,0.00148741319444444,-0.0229852813742384));
#4018=CARTESIAN_POINT('',(2.56076388888716E-5,0.00148741323000539,-0.0228534910609036));
#4019=CARTESIAN_POINT('',(2.56076388888999E-5,0.00148587607610797,-0.0226068102073547));
#4020=CARTESIAN_POINT('',(2.56076388888944E-5,0.00147123111903054,-0.0223637612865958));
#4021=CARTESIAN_POINT('',(2.56076388888858E-5,0.00143933333430246,-0.022000274889826));
#4022=CARTESIAN_POINT('',(2.56076388888895E-5,0.00140468936270919,-0.021758940947472));
#4023=CARTESIAN_POINT('',(2.56076388888934E-5,0.00131032626743484,-0.0212768670712026));
#4024=CARTESIAN_POINT('',(2.56076388888897E-5,0.00119094334658945,-0.0207955707995047));
#4025=CARTESIAN_POINT('',(2.56076388888951E-5,0.000946127654664344,-0.0201077067400493));
#4026=CARTESIAN_POINT('',(2.56076388888734E-5,0.000633299499800418,-0.0194493871520462));
#4027=CARTESIAN_POINT('',(2.56076388889321E-5,0.000378264018770057,-0.0190257592578445));
#4028=CARTESIAN_POINT('',(2.56076388888403E-5,0.000104012283761001,-0.0186178805428257));
#4029=CARTESIAN_POINT('',(2.56076388887628E-5,-4.26520904213684E-5,-0.0184219406910713));
#4030=CARTESIAN_POINT('',(2.56076388889557E-5,-0.000277426790166132,-0.0181419476022328));
#4031=CARTESIAN_POINT('',(2.5607638889078E-5,-0.000439043353598476,-0.0179596121488628));
#4032=CARTESIAN_POINT('',(2.5607638888433E-5,-0.00061240930995075,-0.0177840707273208));
#4033=CARTESIAN_POINT('',(2.56076388888923E-5,-0.000705599356662698,-0.0176908807309012));
#4034=CARTESIAN_POINT('',(4.94791666666641E-5,0.00135243055555556,-0.0229852813742384));
#4035=CARTESIAN_POINT('',(4.94791666666421E-5,0.00135243059110774,-0.0228534910912168));
#4036=CARTESIAN_POINT('',(4.94791666666808E-5,0.00135089515848796,-0.0226112141256032));
#4037=CARTESIAN_POINT('',(4.94791666666732E-5,0.00133655026675576,-0.0223731058828913));
#4038=CARTESIAN_POINT('',(4.94791666666615E-5,0.0013052980235558,-0.0220169928047531));
#4039=CARTESIAN_POINT('',(4.94791666666666E-5,0.00127134576125633,-0.0217803864773144));
#4040=CARTESIAN_POINT('',(4.94791666666719E-5,0.00117872565938909,-0.0213072464104753));
#4041=CARTESIAN_POINT('',(4.9479166666667E-5,0.00106144500399915,-0.020834417594309));
#4042=CARTESIAN_POINT('',(4.94791666666732E-5,0.000821202642524875,-0.020159459707003));
#4043=CARTESIAN_POINT('',(4.94791666666499E-5,0.000514258340924516,-0.0195134782218524));
#4044=CARTESIAN_POINT('',(4.9479166666713E-5,0.000263707735019772,-0.0190973037609762));
#4045=CARTESIAN_POINT('',(4.94791666666147E-5,-5.45798419216521E-6,-0.0186969791787263));
#4046=CARTESIAN_POINT('',(4.94791666665316E-5,-0.000149259575722986,-0.0185048854483146));
#4047=CARTESIAN_POINT('',(4.94791666667378E-5,-0.000379270950197226,-0.0182305706966169));
#4048=CARTESIAN_POINT('',(4.94791666668688E-5,-0.000537603590727915,-0.0180519437566247));
#4049=CARTESIAN_POINT('',(4.94791666661802E-5,-0.000707856470692783,-0.0178795178451928));
#4050=CARTESIAN_POINT('',(4.94791666666701E-5,-0.000801046495963487,-0.0177863278702019));
#4051=CARTESIAN_POINT('',(0.000127604166666664,0.00108506944444444,-0.0229852813742384));
#4052=CARTESIAN_POINT('',(0.000127604166666629,0.00108506947997928,-0.0228534911512585));
#4053=CARTESIAN_POINT('',(0.000127604166666686,0.00108353745670685,-0.0226199369990471));
#4054=CARTESIAN_POINT('',(0.000127604166666675,0.00106978690662309,-0.0223916147938815));
#4055=CARTESIAN_POINT('',(0.000127604166666658,0.00103981329230197,-0.0220501061024865));
#4056=CARTESIAN_POINT('',(0.000127604166666665,0.00100723110371624,-0.0218228637968735));
#4057=CARTESIAN_POINT('',(0.000127604166666673,0.000918063361780791,-0.0213674189924429));
#4058=CARTESIAN_POINT('',(0.000127604166666666,0.000804946679125753,-0.0209113617280692));
#4059=CARTESIAN_POINT('',(0.000127604166666674,0.000573762747097501,-0.0202619671913872));
#4060=CARTESIAN_POINT('',(0.000127604166666649,0.000278472637170319,-0.0196404238778029));
#4061=CARTESIAN_POINT('',(0.000127604166666716,3.68052565947692E-5,-0.0192390124874364));
#4062=CARTESIAN_POINT('',(0.000127604166666611,-0.000222286553514191,-0.0188536504318284));
#4063=CARTESIAN_POINT('',(0.000127604166666523,-0.000360417810275382,-0.0186691747424043));
#4064=CARTESIAN_POINT('',(0.000127604166666742,-0.000580994431159138,-0.0184061071150753));
#4065=CARTESIAN_POINT('',(0.000127604166666882,-0.000732822581312278,-0.0182348256549568));
#4066=CARTESIAN_POINT('',(0.00012760416666615,-0.000896909367853838,-0.0180685706574408));
#4067=CARTESIAN_POINT('',(0.00012760416666667,-0.000990099350655724,-0.0179753807248942));
#4068=CARTESIAN_POINT('',(0.000181640624999998,0.000953125,-0.0229852813742384));
#4069=CARTESIAN_POINT('',(0.000181640624999956,0.000953125035526268,-0.0228534911808895));
#4070=CARTESIAN_POINT('',(0.000181640625000022,0.000951594694788903,-0.0226242417937337));
#4071=CARTESIAN_POINT('',(0.000181640625000009,0.000938137456168003,-0.022400749061643));
#4072=CARTESIAN_POINT('',(0.000181640624999989,0.000908794853501384,-0.0220664477299393));
#4073=CARTESIAN_POINT('',(0.000181640624999998,0.000876888805189971,-0.0218438266299027));
#4074=CARTESIAN_POINT('',(0.000181640625000007,0.000789424825298773,-0.021397114552375));
#4075=CARTESIAN_POINT('',(0.000181640624999999,0.000678363090227193,-0.0209493341577171));
#4076=CARTESIAN_POINT('',(0.000181640625000007,0.000451649551951524,-0.0203125553005638));
#4077=CARTESIAN_POINT('',(0.000181640624999982,0.000162110861291625,-0.019703072383337));
#4078=CARTESIAN_POINT('',(0.000181640625000049,-7.51725899006876E-5,-0.019308946664131));
#4079=CARTESIAN_POINT('',(0.000181640624999945,-0.000329292860452333,-0.0189309687125801));
#4080=CARTESIAN_POINT('',(0.000181640624999856,-0.000464625770184356,-0.0187502525758512));
#4081=CARTESIAN_POINT('',(0.000181640625000075,-0.000680546278906575,-0.0184927354774314));
#4082=CARTESIAN_POINT('',(0.000181640625000214,-0.000829164420821446,-0.0183250790593285));
#4083=CARTESIAN_POINT('',(0.000181640624999485,-0.000990208200219028,-0.0181618694479009));
#4084=CARTESIAN_POINT('',(0.000181640625000003,-0.00108339816206228,-0.0180686795363007));
#4085=CARTESIAN_POINT('',(0.000319335937499998,0.000708984375,-0.0229852813742384));
#4086=CARTESIAN_POINT('',(0.000319335937499949,0.000708984410510426,-0.0228534912357166));
#4087=CARTESIAN_POINT('',(0.000319335937500026,0.000707457183016381,-0.0226322070799548));
#4088=CARTESIAN_POINT('',(0.00031933593750001,0.000694542667085813,-0.022417650461695));
#4089=CARTESIAN_POINT('',(0.000319335937499987,0.000666367643549634,-0.0220966851162624));
#4090=CARTESIAN_POINT('',(0.000319335937499997,0.00063571267716027,-0.0218826147666755));
#4091=CARTESIAN_POINT('',(0.000319335937500007,0.000551401217498987,-0.0214520611065257));
#4092=CARTESIAN_POINT('',(0.000319335937499999,0.000444141811426403,-0.0210195956434966));
#4093=CARTESIAN_POINT('',(0.000319335937500006,0.000225699972117274,-0.0204061599433658));
#4094=CARTESIAN_POINT('',(0.000319335937499983,-5.31967009839193E-5,-0.019818992726636));
#4095=CARTESIAN_POINT('',(0.000319335937500047,-0.000282368440735208,-0.0194383478956795));
#4096=CARTESIAN_POINT('',(0.000319335937499948,-0.000527289727730968,-0.0190740329656157));
#4097=CARTESIAN_POINT('',(0.000319335937499864,-0.000657444774950139,-0.0189002732380678));
#4098=CARTESIAN_POINT('',(0.000319335937500071,-0.000864749944557672,-0.0186530264439619));
#4099=CARTESIAN_POINT('',(0.000319335937500202,-0.00100742851530798,-0.018492077546036));
#4100=CARTESIAN_POINT('',(0.000319335937499514,-0.00116284173050002,-0.0183345029006436));
#4101=CARTESIAN_POINT('',(0.000319335937500003,-0.00125603165356291,-0.0182413130278014));
#4102=CARTESIAN_POINT('',(0.000402777777777776,0.000597222222222222,-0.0229852813742384));
#4103=CARTESIAN_POINT('',(0.000402777777777725,0.000597222257725397,-0.0228534912608153));
#4104=CARTESIAN_POINT('',(0.000402777777777804,0.000595696455404959,-0.0226358534109804));
#4105=CARTESIAN_POINT('',(0.000402777777777788,0.000583030385861522,-0.0224253875470521));
#4106=CARTESIAN_POINT('',(0.000402777777777764,0.000555389854105056,-0.0221105271197792));
#4107=CARTESIAN_POINT('',(0.000402777777777774,0.000525307605217786,-0.0219003711137314));
#4108=CARTESIAN_POINT('',(0.000402777777777785,0.000442439299261752,-0.0214772144179814));
#4109=CARTESIAN_POINT('',(0.000402777777777777,0.000336920514908708,-0.02105175979032));
#4110=CARTESIAN_POINT('',(0.000402777777777783,0.000122265275570928,-0.0204490100687375));
#4111=CARTESIAN_POINT('',(0.000402777777777762,-0.000151759718381169,-0.0198720584837906));
#4112=CARTESIAN_POINT('',(0.000402777777777821,-0.00037721809689501,-0.0194975849038994));
#4113=CARTESIAN_POINT('',(0.000402777777777729,-0.000617928293640744,-0.0191395246014498));
#4114=CARTESIAN_POINT('',(0.000402777777777651,-0.000745713030465143,-0.0189689493634381));
#4115=CARTESIAN_POINT('',(0.000402777777777845,-0.000949074289277951,-0.0187264040864182));
#4116=CARTESIAN_POINT('',(0.000402777777777967,-0.00108903385633959,-0.0185685257421732));
#4117=CARTESIAN_POINT('',(0.000402777777777321,-0.00124186952436199,-0.0184135306590103));
#4118=CARTESIAN_POINT('',(0.000402777777777781,-0.00133505942967208,-0.0183203408039105));
#4119=CARTESIAN_POINT('',(0.000597222222222221,0.000402777777777778,-0.0229852813742384));
#4120=CARTESIAN_POINT('',(0.00059722222222217,0.000402777813268336,-0.0228534913044821));
#4121=CARTESIAN_POINT('',(0.000597222222222249,0.000401254490473244,-0.0226421973189396));
#4122=CARTESIAN_POINT('',(0.000597222222222233,0.000389020669401395,-0.0224388485732269));
#4123=CARTESIAN_POINT('',(0.000597222222222208,0.000362310049556818,-0.0221346095181307));
#4124=CARTESIAN_POINT('',(0.000597222222222218,0.000333224217915909,-0.0219312637097745));
#4125=CARTESIAN_POINT('',(0.000597222222222229,0.000252866719182989,-0.021520976295776));
#4126=CARTESIAN_POINT('',(0.000597222222222222,0.000150376278637146,-0.0211077191603275));
#4127=CARTESIAN_POINT('',(0.000597222222222227,-5.76910120126172E-5,-0.0205235609664714));
#4128=CARTESIAN_POINT('',(0.000597222222222208,-0.000323240230202402,-0.0199643825972092));
#4129=CARTESIAN_POINT('',(0.00059722222222226,-0.000542238081204103,-0.0196006457958705));
#4130=CARTESIAN_POINT('',(0.00059722222222218,-0.000775621798602218,-0.0192534673309786));
#4131=CARTESIAN_POINT('',(0.000597222222222112,-0.000899282655594161,-0.0190884324864124));
#4132=CARTESIAN_POINT('',(0.000597222222222281,-0.00109578227543207,-0.0188540669362061));
#4133=CARTESIAN_POINT('',(0.000597222222222388,-0.00123101130403731,-0.0187015307591421));
#4134=CARTESIAN_POINT('',(0.000597222222221823,-0.00137936254047912,-0.0185510236133725));
#4135=CARTESIAN_POINT('',(0.000597222222222225,-0.0014725524149028,-0.0184578337891412));
#4136=CARTESIAN_POINT('',(0.000708984374999998,0.0003193359375,-0.0229852813742384));
#4137=CARTESIAN_POINT('',(0.000708984374999949,0.000319335973008232,-0.0228534913232208));
#4138=CARTESIAN_POINT('',(0.000708984375000026,0.000317813714217567,-0.0226449196767635));
#4139=CARTESIAN_POINT('',(0.00070898437500001,0.000305765383707286,-0.022444625096178));
#4140=CARTESIAN_POINT('',(0.000708984374999986,0.000279453816473347,-0.0221449439848341));
#4141=CARTESIAN_POINT('',(0.000708984374999995,0.000250795576827268,-0.0219445206329648));
#4142=CARTESIAN_POINT('',(0.000708984375000006,0.00017151553944813,-0.0215397558069502));
#4143=CARTESIAN_POINT('',(0.000708984375,7.0324650461517E-5,-0.0211317329748005));
#4144=CARTESIAN_POINT('',(0.000708984375000003,-0.000134915557298701,-0.0205555529532782));
#4145=CARTESIAN_POINT('',(0.000708984374999987,-0.000396827570374818,-0.0200040015945403));
#4146=CARTESIAN_POINT('',(0.000708984375000036,-0.000613053018668792,-0.0196448722612325));
#4147=CARTESIAN_POINT('',(0.00070898437499996,-0.000843292727905981,-0.0193023635134588));
#4148=CARTESIAN_POINT('',(0.000708984374999896,-0.000965183906551593,-0.0191397062149608));
#4149=CARTESIAN_POINT('',(0.000708984375000055,-0.00115873899493919,-0.0189088508265472));
#4150=CARTESIAN_POINT('',(0.000708984375000156,-0.00129193801011546,-0.0187586071308282));
#4151=CARTESIAN_POINT('',(0.000708984374999622,-0.00143836484481217,-0.0186100258912046));
#4152=CARTESIAN_POINT('',(0.000708984375000002,-0.0015315547059979,-0.0185168360802363));
#4153=CARTESIAN_POINT('',(0.000953124999999999,0.000181640625,-0.0229852813742384));
#4154=CARTESIAN_POINT('',(0.000953124999999952,0.000181640660383847,-0.0228534913541433));
#4155=CARTESIAN_POINT('',(0.000953125000000024,0.000180120157627209,-0.0226494120981922));
#4156=CARTESIAN_POINT('',(0.00095312500000001,0.000168377922681694,-0.0224541574858073));
#4157=CARTESIAN_POINT('',(0.000953124999999987,0.000142724870027035,-0.0221619978707203));
#4158=CARTESIAN_POINT('',(0.000953124999999994,0.000114772240606523,-0.0219663971421046));
#4159=CARTESIAN_POINT('',(0.000953125000000004,3.72702246610445E-5,-0.0215707456634912));
#4160=CARTESIAN_POINT('',(0.000953125,-6.17761507879989E-5,-0.0211713604527804));
#4161=CARTESIAN_POINT('',(0.000953125000000002,-0.000262351120322663,-0.0206083459718175));
#4162=CARTESIAN_POINT('',(0.000953124999999987,-0.000518261035502577,-0.0200693806681649));
#4163=CARTESIAN_POINT('',(0.000953125000000034,-0.00072991147853101,-0.0197178545558174));
#4164=CARTESIAN_POINT('',(0.000953124999999963,-0.000954962961059583,-0.0193830517521794));
#4165=CARTESIAN_POINT('',(0.000953124999999902,-0.0010739338252632,-0.0192243178684746));
#4166=CARTESIAN_POINT('',(0.000953125000000052,-0.00126262986235456,-0.0189992549316586));
#4167=CARTESIAN_POINT('',(0.000953125000000148,-0.00139247895937098,-0.0188527942772964));
#4168=CARTESIAN_POINT('',(0.000953124999999643,-0.00153573015597227,-0.018707391158633));
#4169=CARTESIAN_POINT('',(0.000953125000000002,-0.00162891999520425,-0.0186142013694427));
#4170=CARTESIAN_POINT('',(0.00108506944444444,0.000127604166666666,-0.0229852813742384));
#4171=CARTESIAN_POINT('',(0.0010850694444444,0.000127604201954646,-0.0228534913662783));
#4172=CARTESIAN_POINT('',(0.00108506944444447,0.000126084388394366,-0.0226511750815425));
#4173=CARTESIAN_POINT('',(0.00108506944444445,0.000114462276044913,-0.0224578983290189));
#4174=CARTESIAN_POINT('',(0.00108506944444443,8.90676475308934E-5,-0.0221686904122265));
#4175=CARTESIAN_POINT('',(0.00108506944444444,6.13919242596869E-5,-0.0219749822497103));
#4176=CARTESIAN_POINT('',(0.00108506944444445,-1.5412333855713E-5,-0.0215829071674766));
#4177=CARTESIAN_POINT('',(0.00108506944444444,-0.00011361712716727,-0.0211869116616331));
#4178=CARTESIAN_POINT('',(0.00108506944444445,-0.000312361293990599,-0.0206290637994235));
#4179=CARTESIAN_POINT('',(0.00108506944444443,-0.00056591577595638,-0.0200950377041516));
#4180=CARTESIAN_POINT('',(0.00108506944444448,-0.000775770826842289,-0.0197464953617266));
#4181=CARTESIAN_POINT('',(0.00108506944444441,-0.000998786267690682,-0.0194147166401914));
#4182=CARTESIAN_POINT('',(0.00108506944444435,-0.00111661109833698,-0.0192575224417309));
#4183=CARTESIAN_POINT('',(0.0010850694444445,-0.00130340027367586,-0.0190347326655745));
#4184=CARTESIAN_POINT('',(0.00108506944444459,-0.00143193474558942,-0.0188897566089931));
#4185=CARTESIAN_POINT('',(0.00108506944444409,-0.00157393971073976,-0.0187456006962387));
#4186=CARTESIAN_POINT('',(0.00108506944444445,-0.00166712954132306,-0.0186524109155615));
#4187=CARTESIAN_POINT('',(0.00135243055555556,4.94791666666665E-5,-0.0229852813742384));
#4188=CARTESIAN_POINT('',(0.00135243055555551,4.94792001024618E-5,-0.0228534913838229));
#4189=CARTESIAN_POINT('',(0.00135243055555558,4.79603854166209E-5,-0.0226537239731333));
#4190=CARTESIAN_POINT('',(0.00135243055555557,3.65119438068029E-5,-0.0224633067770355));
#4191=CARTESIAN_POINT('',(0.00135243055555555,1.14909398099516E-5,-0.0221783663758498));
#4192=CARTESIAN_POINT('',(0.00135243055555555,-1.57844369017138E-5,-0.0219873944534769));
#4193=CARTESIAN_POINT('',(0.00135243055555556,-9.15798881597483E-5,-0.0216004900648055));
#4194=CARTESIAN_POINT('',(0.00135243055555556,-0.000188567936477448,-0.0212093953370871));
#4195=CARTESIAN_POINT('',(0.00135243055555556,-0.000384665159496668,-0.0206590172851032));
#4196=CARTESIAN_POINT('',(0.00135243055555554,-0.000634814195954194,-0.0201321322140705));
#4197=CARTESIAN_POINT('',(0.00135243055555559,-0.000842073498974104,-0.019787903755686));
#4198=CARTESIAN_POINT('',(0.00135243055555552,-0.00106214526535508,-0.019460497201299));
#4199=CARTESIAN_POINT('',(0.00135243055555546,-0.00117831318024127,-0.0193055290540195));
#4200=CARTESIAN_POINT('',(0.0013524305555556,-0.00136234544649459,-0.0190860257746747));
#4201=CARTESIAN_POINT('',(0.00135243055555569,-0.00148897925526686,-0.0189431961241813));
#4202=CARTESIAN_POINT('',(0.00135243055555523,-0.0016291824417358,-0.0188008434024225));
#4203=CARTESIAN_POINT('',(0.00135243055555556,-0.00172237225860326,-0.0187076536328417));
#4204=CARTESIAN_POINT('',(0.00148741319444444,2.56076388888887E-5,-0.0229852813742384));
#4205=CARTESIAN_POINT('',(0.0014874131944444,2.56076706145586E-5,-0.0228534913891838));
#4206=CARTESIAN_POINT('',(0.00148741319444447,2.40891627735579E-5,-0.0226545028011193));
#4207=CARTESIAN_POINT('',(0.00148741319444446,1.26937869001758E-5,-0.022464959358374));
#4208=CARTESIAN_POINT('',(0.00148741319444444,-1.22130545481491E-5,-0.0221813229202902));
#4209=CARTESIAN_POINT('',(0.00148741319444444,-3.93661029310104E-5,-0.0219911870712941));
#4210=CARTESIAN_POINT('',(0.00148741319444445,-0.000114853307411557,-0.0216058626167675));
#4211=CARTESIAN_POINT('',(0.00148741319444444,-0.000211469572713738,-0.0212162653490342));
#4212=CARTESIAN_POINT('',(0.00148741319444444,-0.000406758007264859,-0.0206681697390504));
#4213=CARTESIAN_POINT('',(0.00148741319444444,-0.000655866490996664,-0.0201434666476959));
#4214=CARTESIAN_POINT('',(0.00148741319444447,-0.00086233264870839,-0.0198005563204226));
#4215=CARTESIAN_POINT('',(0.00148741319444441,-0.00108150495916963,-0.0194744857061662));
#4216=CARTESIAN_POINT('',(0.00148741319444436,-0.00119716659439139,-0.0193201977413427));
#4217=CARTESIAN_POINT('',(0.00148741319444449,-0.00138035647140507,-0.0191016986690045));
#4218=CARTESIAN_POINT('',(0.00148741319444457,-0.00150640952176693,-0.0189595248645874));
#4219=CARTESIAN_POINT('',(0.00148741319444414,-0.00164606216590479,-0.0188177231190099));
#4220=CARTESIAN_POINT('',(0.00148741319444444,-0.00173925197777221,-0.0187245333520106));
#4221=CARTESIAN_POINT('',(0.00168353949652778,6.97157118055544E-6,-0.0229852813742384));
#4222=CARTESIAN_POINT('',(0.00168353949652775,6.97159589178997E-6,-0.0228534913933689));
#4223=CARTESIAN_POINT('',(0.00168353949652779,5.45333570572751E-6,-0.0226551108179675));
#4224=CARTESIAN_POINT('',(0.00168353949652779,-5.90061431481636E-6,-0.0224662494985781));
#4225=CARTESIAN_POINT('',(0.00168353949652778,-3.07183336110297E-5,-0.0221836310407793));
#4226=CARTESIAN_POINT('',(0.00168353949652778,-5.77758814325468E-5,-0.0219941478990652));
#4227=CARTESIAN_POINT('',(0.00168353949652778,-0.000133022442078338,-0.0216100568704034));
#4228=CARTESIAN_POINT('',(0.00168353949652778,-0.000229348464018816,-0.021221628642466));
#4229=CARTESIAN_POINT('',(0.00168353949652778,-0.000424005491703615,-0.0206753148933867));
#4230=CARTESIAN_POINT('',(0.00168353949652777,-0.000672301635181445,-0.020152315234141));
#4231=CARTESIAN_POINT('',(0.0016835394965278,-0.000878148598141964,-0.0198104339472471));
#4232=CARTESIAN_POINT('',(0.00168353949652776,-0.00109661872055203,-0.0194854062779982));
#4233=CARTESIAN_POINT('',(0.00168353949652772,-0.00121188511319511,-0.0193316493199989));
#4234=CARTESIAN_POINT('',(0.00168353949652781,-0.00139441735049647,-0.0191139342120628));
#4235=CARTESIAN_POINT('',(0.00168353949652787,-0.0015200170121931,-0.0189722724136199));
#4236=CARTESIAN_POINT('',(0.00168353949652757,-0.00165923986367548,-0.0188309008108618));
#4237=CARTESIAN_POINT('',(0.00168353949652778,-0.00175242966762342,-0.0187377110418619));
#4238=CARTESIAN_POINT('',(0.00174793836805556,3.5400390624999E-6,-0.0229852813742384));
#4239=CARTESIAN_POINT('',(0.00174793836805553,3.54006066806793E-6,-0.0228534913941395));
#4240=CARTESIAN_POINT('',(0.00174793836805557,2.02184867308895E-6,-0.0226552227744904));
#4241=CARTESIAN_POINT('',(0.00174793836805557,-9.32447395491162E-6,-0.0224664870571455));
#4242=CARTESIAN_POINT('',(0.00174793836805555,-3.41257836304715E-5,-0.0221840560440425));
#4243=CARTESIAN_POINT('',(0.00174793836805555,-6.11657462213661E-5,-0.0219946930878755));
#4244=CARTESIAN_POINT('',(0.00174793836805556,-0.000136367995798678,-0.021610829174749));
#4245=CARTESIAN_POINT('',(0.00174793836805556,-0.000232640574373203,-0.0212226162066904));
#4246=CARTESIAN_POINT('',(0.00174793836805556,-0.000427181338506982,-0.0206766305586154));
#4247=CARTESIAN_POINT('',(0.00174793836805555,-0.000675327902701623,-0.0201539445590725));
#4248=CARTESIAN_POINT('',(0.00174793836805557,-0.000881060850706889,-0.0198122527532172));
#4249=CARTESIAN_POINT('',(0.00174793836805554,-0.00109940167674725,-0.0194874171257837));
#4250=CARTESIAN_POINT('',(0.00174793836805551,-0.00121459529206636,-0.0193337579443889));
#4251=CARTESIAN_POINT('',(0.00174793836805558,-0.00139700643503377,-0.0191161871903291));
#4252=CARTESIAN_POINT('',(0.00174793836805563,-0.00152252261213814,-0.018974619669189));
#4253=CARTESIAN_POINT('',(0.00174793836805538,-0.00166166632604704,-0.0188333272721436));
#4254=CARTESIAN_POINT('',(0.00174793836805556,-0.00175485612725396,-0.0187401375014924));
#4255=CARTESIAN_POINT('',(0.00187492540147569,5.08626302082795E-8,-0.0229852813742384));
#4256=CARTESIAN_POINT('',(0.00187492540147568,5.08755736438459E-8,-0.0228534913949231));
#4257=CARTESIAN_POINT('',(0.0018749254014757,-1.46727956387092E-6,-0.0226553366117059));
#4258=CARTESIAN_POINT('',(0.0018749254014757,-1.28058482245503E-5,-0.0224667286063214));
#4259=CARTESIAN_POINT('',(0.00187492540147569,-3.7590475021354E-5,-0.0221844881866884));
#4260=CARTESIAN_POINT('',(0.0018749254014757,-6.46125559510075E-5,-0.0219952474349938));
#4261=CARTESIAN_POINT('',(0.00187492540147569,-0.000139769748960267,-0.0216116144525885));
#4262=CARTESIAN_POINT('',(0.00187492540147569,-0.000235987987256517,-0.0212236203604461));
#4263=CARTESIAN_POINT('',(0.00187492540147569,-0.00043041053439369,-0.0206779683248893));
#4264=CARTESIAN_POINT('',(0.00187492540147569,-0.000678405006939051,-0.0201556012542752));
#4265=CARTESIAN_POINT('',(0.00187492540147571,-0.000884022024107565,-0.0198141021118462));
#4266=CARTESIAN_POINT('',(0.00187492540147568,-0.00110223138260961,-0.0194894617530385));
#4267=CARTESIAN_POINT('',(0.00187492540147567,-0.00121735099878791,-0.0193359019914652));
#4268=CARTESIAN_POINT('',(0.00187492540147571,-0.00139963901153281,-0.019118478014503));
#4269=CARTESIAN_POINT('',(0.00187492540147573,-0.00152507030053725,-0.018977006353277));
#4270=CARTESIAN_POINT('',(0.0018749254014756,-0.00166413355304238,-0.0188357944980307));
#4271=CARTESIAN_POINT('',(0.00187492540147569,-0.00175732334756999,-0.0187426047218084));
#4272=CARTESIAN_POINT('',(0.0019375,-2.71050543121376E-20,-0.0229852813742384));
#4273=CARTESIAN_POINT('',(0.00193749999999999,7.38841307950791E-12,-0.0228534913949345));
#4274=CARTESIAN_POINT('',(0.00193750000000001,-1.51813917125975E-6,-0.0226553382711405));
#4275=CARTESIAN_POINT('',(0.0019375,-1.28565963323843E-5,-0.0224667321274465));
#4276=CARTESIAN_POINT('',(0.0019375,-3.76409823032103E-5,-0.0221844944861437));
#4277=CARTESIAN_POINT('',(0.0019375,-6.46628015547901E-5,-0.0219952555158536));
#4278=CARTESIAN_POINT('',(0.0019375,-0.000139819336634782,-0.0216116258997892));
#4279=CARTESIAN_POINT('',(0.0019375,-0.000236036783638736,-0.0212236349982693));
#4280=CARTESIAN_POINT('',(0.0019375,-0.000430457607099846,-0.0206779878258056));
#4281=CARTESIAN_POINT('',(0.0019375,-0.000678449862890629,-0.0201556254045367));
#4282=CARTESIAN_POINT('',(0.0019375,-0.000884065189503122,-0.0198141290700267));
#4283=CARTESIAN_POINT('',(0.0019375,-0.00110227263236366,-0.0194894915585007));
#4284=CARTESIAN_POINT('',(0.00193749999999999,-0.00121739117055444,-0.0193359332469107));
#4285=CARTESIAN_POINT('',(0.00193750000000001,-0.00139967738672622,-0.0191185114078839));
#4286=CARTESIAN_POINT('',(0.00193750000000002,-0.00152510743721135,-0.0189770411429496));
#4287=CARTESIAN_POINT('',(0.00193749999999995,-0.00166416952228929,-0.0188358304672615));
#4288=CARTESIAN_POINT('',(0.0019375,-0.00175735931288072,-0.0187426406871191));
#4289=CARTESIAN_POINT('',(0.002,0.,-0.0229852813742384));
#4290=CARTESIAN_POINT('',(0.002,0.,-0.0228534913949345));
#4291=CARTESIAN_POINT('',(0.002,-1.51813601343169E-6,-0.0226553382711405));
#4292=CARTESIAN_POINT('',(0.002,-1.28565952596275E-5,-0.0224667321274467));
#4293=CARTESIAN_POINT('',(0.002,-3.76409844487241E-5,-0.0221844944861434));
#4294=CARTESIAN_POINT('',(0.002,-6.46628023223708E-5,-0.021995255515851));
#4295=CARTESIAN_POINT('',(0.002,-0.000139819335867201,-0.0216116258997918));
#4296=CARTESIAN_POINT('',(0.002,-0.000236036784014431,-0.0212236349982875));
#4297=CARTESIAN_POINT('',(0.002,-0.000430457606936282,-0.0206779878257379));
#4298=CARTESIAN_POINT('',(0.002,-0.000678449863169188,-0.0201556254047895));
#4299=CARTESIAN_POINT('',(0.002,-0.000884065188962192,-0.019814129069482));
#4300=CARTESIAN_POINT('',(0.002,-0.00110227263290459,-0.0194894915590453));
#4301=CARTESIAN_POINT('',(0.002,-0.00121739117207141,-0.019335933248428));
#4302=CARTESIAN_POINT('',(0.002,-0.00139967738596774,-0.0191185114071252));
#4303=CARTESIAN_POINT('',(0.002,-0.00152510743497832,-0.0189770411407166));
#4304=CARTESIAN_POINT('',(0.002,-0.00166416952751384,-0.018835830472486));
#4305=CARTESIAN_POINT('',(0.002,-0.00175735931288072,-0.0187426406871191));
#4306=CARTESIAN_POINT('',(-1.97653630685351E-27,-0.000343145750507611,-0.0173284271247461));
#4307=CARTESIAN_POINT('',(-1.75822236215188E-16,-0.000519922445802169,-0.0175052038200425));
#4308=CARTESIAN_POINT('',(2.60416666664698E-5,-0.000899255771124872,-0.0178845371453652));
#4309=CARTESIAN_POINT('',(0.000440104166666067,-0.00144615867219917,-0.0184314400464334));
#4310=CARTESIAN_POINT('',(0.00121354166667177,-0.00173894507378618,-0.0187242264480225));
#4311=CARTESIAN_POINT('',(0.00175000000000199,-0.00175735931287906,-0.0187426406871175));
#4312=CARTESIAN_POINT('',(0.002,-0.00175735931288071,-0.0187426406871191));
#4313=CARTESIAN_POINT('',(0.002,-0.0082426406871193,-0.0122573593128806));
#4314=CARTESIAN_POINT('',(0.002,-0.00175735931288071,-0.0187426406871192));
#4315=CARTESIAN_POINT('',(0.00170000000000211,-0.00824264068711731,-0.0122573593128786));
#4316=CARTESIAN_POINT('',(0.00170000000000211,-0.00175735931287872,-0.0187426406871172));
#4317=CARTESIAN_POINT('',(0.00140000000000534,-0.00824264068711881,-0.0122573593128786));
#4318=CARTESIAN_POINT('',(0.00140000000000534,-0.00175735931288021,-0.0187426406871172));
#4319=CARTESIAN_POINT('',(0.000666666666665986,-0.00810121933087815,-0.0121159379566355));
#4320=CARTESIAN_POINT('',(0.000666666666665986,-0.00161593795663956,-0.018601219330874));
#4321=CARTESIAN_POINT('',(0.000199999999998448,-0.00777123616632497,-0.0117859547920819));
#4322=CARTESIAN_POINT('',(0.000199999999998448,-0.00128595479208638,-0.0182712361663205));
#4323=CARTESIAN_POINT('',(-4.89945872677489E-16,-0.00725269119345315,-0.0112674098192179));
#4324=CARTESIAN_POINT('',(-4.89945872677489E-16,-0.000767409819214563,-0.0177526911934565));
#4325=CARTESIAN_POINT('',(-2.10986683457118E-16,-0.00704055915909828,-0.0110552777848619));
#4326=CARTESIAN_POINT('',(-2.10986683457118E-16,-0.000555277784859689,-0.0175405591591004));
#4327=CARTESIAN_POINT('',(-3.94604534548641E-28,-0.00682842712474461,-0.0108431457505059));
#4328=CARTESIAN_POINT('',(-3.94604534548641E-28,-0.000343145750506021,-0.0173284271247445));
#4329=CARTESIAN_POINT('',(0.002,-0.00824264068711929,-0.0122573593128806));
#4330=CARTESIAN_POINT('',(0.00175000000000199,-0.00824264068711763,-0.0122573593128789));
#4331=CARTESIAN_POINT('',(0.00121354166667177,-0.00822422644802475,-0.0122389450737839));
#4332=CARTESIAN_POINT('',(0.000440104166666064,-0.00793144004643775,-0.0119461586721948));
#4333=CARTESIAN_POINT('',(2.60416666664686E-5,-0.00738453714536345,-0.0113992557711266));
#4334=CARTESIAN_POINT('',(-1.75822236215188E-16,-0.00700520382004075,-0.011019922445804));
#4335=CARTESIAN_POINT('',(-1.97302267274558E-27,-0.00682842712474619,-0.0108431457505075));
#4336=CARTESIAN_POINT('',(-8.67361737988404E-19,-0.00682842712474619,-0.0108431457505075));
#4337=CARTESIAN_POINT('',(-8.67361737988404E-19,-0.00692161700523177,-0.0107499558196848));
#4338=CARTESIAN_POINT('',(-7.14922307930407E-19,-0.00710896352540354,-0.0105647924073054));
#4339=CARTESIAN_POINT('',(-1.1722405981044E-18,-0.00730525298910411,-0.0103908255035592));
#4340=CARTESIAN_POINT('',(-1.55864662473902E-18,-0.00760636396282427,-0.0101382916088489));
#4341=CARTESIAN_POINT('',(-1.01478904918503E-18,-0.00781606171530466,-0.00998130256824165));
#4342=CARTESIAN_POINT('',(-7.19934426791782E-19,-0.00825233341732737,-0.00968784096127634));
#4343=CARTESIAN_POINT('',(-1.37875355250339E-18,-0.00870545942343552,-0.00941483785203197));
#4344=CARTESIAN_POINT('',(7.01368646019098E-19,-0.00941189933073904,-0.00907918011005313));
#4345=CARTESIAN_POINT('',(-1.426721031573E-18,-0.0101475338420954,-0.00881754990875231));
#4346=CARTESIAN_POINT('',(-4.07745726091627E-18,-0.01065947790566,-0.00869036593671739));
#4347=CARTESIAN_POINT('',(6.08010308962588E-19,-0.0111757581331698,-0.00858925003778019));
#4348=CARTESIAN_POINT('',(5.6466106235416E-18,-0.0114360305653396,-0.00855176656532566));
#4349=CARTESIAN_POINT('',(1.07982250917707E-18,-0.0118280641739191,-0.00851733535792702));
#4350=CARTESIAN_POINT('',(-3.57567733754797E-18,-0.012090050975308,-0.00850154478559264));
#4351=CARTESIAN_POINT('',(2.60208521396521E-18,-0.0123534906667563,-0.00849999996440436));
#4352=CARTESIAN_POINT('',(2.60208521396521E-18,-0.0124852813742386,-0.00849999999999987));
#4353=CARTESIAN_POINT('',(-8.67361737988404E-19,-0.00687262129857035,-0.0108873399243317));
#4354=CARTESIAN_POINT('',(-8.67361737988404E-19,-0.00696581116913407,-0.0107941500034366));
#4355=CARTESIAN_POINT('',(-7.3786396159293E-19,-0.00715171526485065,-0.0106104278883978));
#4356=CARTESIAN_POINT('',(-1.20040115624133E-18,-0.00734628887585826,-0.0104379803507426));
#4357=CARTESIAN_POINT('',(-1.55457634861456E-18,-0.00764477442380005,-0.0101876491730129));
#4358=CARTESIAN_POINT('',(-8.80087196272253E-19,-0.00785269785509308,-0.0100319815135554));
#4359=CARTESIAN_POINT('',(-8.54636279704556E-19,-0.00828547390401279,-0.00974087422545566));
#4360=CARTESIAN_POINT('',(-2.33581881037058E-18,-0.00873513931629629,-0.00946995511989478));
#4361=CARTESIAN_POINT('',(4.25314982792343E-18,-0.00943585632336142,-0.00913702560324556));
#4362=CARTESIAN_POINT('',(-1.46767805013232E-17,-0.0101655248504798,-0.0088775085642787));
#4363=CARTESIAN_POINT('',(2.4471494047231E-17,-0.0106735602359864,-0.00875129651706442));
#4364=CARTESIAN_POINT('',(-2.79409409991839E-17,-0.0111857019985239,-0.00865098869530935));
#4365=CARTESIAN_POINT('',(-7.38913864250235E-17,-0.011443777892889,-0.00861382717419171));
#4366=CARTESIAN_POINT('',(4.08488210334581E-17,-0.0118323928348355,-0.00857969554749451));
#4367=CARTESIAN_POINT('',(1.13473933967725E-16,-0.0120920902681477,-0.00856404398878043));
#4368=CARTESIAN_POINT('',(-2.71266135920855E-16,-0.0123534906807919,-0.00856249996440843));
#4369=CARTESIAN_POINT('',(2.60208521396521E-18,-0.0124852813742386,-0.00856249999999987));
#4370=CARTESIAN_POINT('',(5.08626302074619E-8,-0.00691686822151691,-0.0109315868472782));
#4371=CARTESIAN_POINT('',(5.08626302090143E-8,-0.00701005808214695,-0.0108383969363226));
#4372=CARTESIAN_POINT('',(5.08626302069146E-8,-0.00719451803176454,-0.010656117838923));
#4373=CARTESIAN_POINT('',(5.08626302068903E-8,-0.00738737374207793,-0.0104851914808381));
#4374=CARTESIAN_POINT('',(5.08626302072404E-8,-0.00768323073059514,-0.0102370656492));
#4375=CARTESIAN_POINT('',(5.08626302077232E-8,-0.00788937772291294,-0.0100827209480616));
#4376=CARTESIAN_POINT('',(5.08626302072153E-8,-0.00831865394640063,-0.00979397078888694));
#4377=CARTESIAN_POINT('',(5.08626302053399E-8,-0.0087648546343764,-0.00952513817442714));
#4378=CARTESIAN_POINT('',(5.08626302152205E-8,-0.00945984191048454,-0.00919494013945287));
#4379=CARTESIAN_POINT('',(5.08626301836868E-8,-0.010183537332507,-0.00893753878504064));
#4380=CARTESIAN_POINT('',(5.08626302543076E-8,-0.0106876593746496,-0.00881229982271353));
#4381=CARTESIAN_POINT('',(5.08626301589029E-8,-0.0111956577326409,-0.00871280104264242));
#4382=CARTESIAN_POINT('',(5.08626300745567E-8,-0.0114515344674656,-0.00867596185713519));
#4383=CARTESIAN_POINT('',(5.08626302791266E-8,-0.0118367266623394,-0.00864213016871189));
#4384=CARTESIAN_POINT('',(5.086263040994E-8,-0.0120941319950392,-0.00862661778954146));
#4385=CARTESIAN_POINT('',(5.08626297308747E-8,-0.0123534906948443,-0.00862507456293682));
#4386=CARTESIAN_POINT('',(5.08626302109338E-8,-0.0124852813742386,-0.00862507459852418));
#4387=CARTESIAN_POINT('',(3.54003906249913E-6,-0.00700666161397106,-0.0110213802397324));
#4388=CARTESIAN_POINT('',(3.54003906250749E-6,-0.00709985145444196,-0.0109281903489476));
#4389=CARTESIAN_POINT('',(3.54003906249563E-6,-0.00728138069681957,-0.0107488396687251));
#4390=CARTESIAN_POINT('',(3.54003906249754E-6,-0.0074707501504407,-0.0105810003473213));
#4391=CARTESIAN_POINT('',(3.54003906250093E-6,-0.00776127281846098,-0.0103373499796004));
#4392=CARTESIAN_POINT('',(3.54003906250028E-6,-0.0079638147582361,-0.0101856900508177));
#4393=CARTESIAN_POINT('',(3.540039062498E-6,-0.00838598853984513,-0.00990172337913845));
#4394=CARTESIAN_POINT('',(3.54003906249618E-6,-0.00882515801912225,-0.00963712502780508));
#4395=CARTESIAN_POINT('',(3.5400390625109E-6,-0.00950851754924908,-0.00931247018068859));
#4396=CARTESIAN_POINT('',(3.54003906245988E-6,-0.0102200913290346,-0.00905936233373115));
#4397=CARTESIAN_POINT('',(3.54003906257943E-6,-0.0107162717482781,-0.00893609812099893));
#4398=CARTESIAN_POINT('',(3.54003906241716E-6,-0.0112158616040336,-0.00883824118611394));
#4399=CARTESIAN_POINT('',(3.5400390622731E-6,-0.0114672754297444,-0.00880205613892953));
#4400=CARTESIAN_POINT('',(3.54003906261735E-6,-0.0118455216032747,-0.00876883313633899));
#4401=CARTESIAN_POINT('',(3.54003906283865E-6,-0.0120982754150071,-0.00875360320400449));
#4402=CARTESIAN_POINT('',(3.54003906170199E-6,-0.0123534907233618,-0.00875206159636522));
#4403=CARTESIAN_POINT('',(3.54003906250259E-6,-0.0124852813742386,-0.00875206163194431));
#4404=CARTESIAN_POINT('',(6.97157118055469E-6,-0.00705219849272911,-0.0110669171184904));
#4405=CARTESIAN_POINT('',(6.97157118056829E-6,-0.00714538832297672,-0.0109737272379349));
#4406=CARTESIAN_POINT('',(6.97157118054892E-6,-0.00732543131723946,-0.0107958616444688));
#4407=CARTESIAN_POINT('',(6.97157118055233E-6,-0.00751303278722644,-0.0106295878504521));
#4408=CARTESIAN_POINT('',(6.97157118055804E-6,-0.00780085026392822,-0.0103882071225367));
#4409=CARTESIAN_POINT('',(6.97157118055646E-6,-0.00800156397518822,-0.0102379087210324));
#4410=CARTESIAN_POINT('',(6.97157118055295E-6,-0.00842013589895589,-0.00995636789700378));
#4411=CARTESIAN_POINT('',(6.97157118055157E-6,-0.00885573964483901,-0.00969391686543802));
#4412=CARTESIAN_POINT('',(6.97157118056783E-6,-0.00953320240189038,-0.00937207313244156));
#4413=CARTESIAN_POINT('',(6.97157118050993E-6,-0.0102386289392362,-0.00912114264979871));
#4414=CARTESIAN_POINT('',(6.97157118064693E-6,-0.010730781927182,-0.00899887989085303));
#4415=CARTESIAN_POINT('',(6.9715711804608E-6,-0.0112261075833525,-0.00890185558410623));
#4416=CARTESIAN_POINT('',(6.97157118029542E-6,-0.011475258136169,-0.00886600226976633));
#4417=CARTESIAN_POINT('',(6.97157118068951E-6,-0.0118499817773266,-0.00883308794972148));
#4418=CARTESIAN_POINT('',(6.97157118094311E-6,-0.0121003766655286,-0.00881800125451135));
#4419=CARTESIAN_POINT('',(6.97157117964323E-6,-0.0123534907378239,-0.00881646046789718));
#4420=CARTESIAN_POINT('',(6.97157118055815E-6,-0.0124852813742386,-0.00881646050347209));
#4421=CARTESIAN_POINT('',(2.56076388888881E-5,-0.00719088073090128,-0.0112055993566626));
#4422=CARTESIAN_POINT('',(2.56076388889208E-5,-0.00728407053001391,-0.0111124095072602));
#4423=CARTESIAN_POINT('',(2.5607638888874E-5,-0.00745958716628573,-0.0109390667348761));
#4424=CARTESIAN_POINT('',(2.56076388888829E-5,-0.00764180425477525,-0.0107775607433062));
#4425=CARTESIAN_POINT('',(2.5607638888897E-5,-0.00792138309068816,-0.0105430921871658));
#4426=CARTESIAN_POINT('',(2.5607638888892E-5,-0.00811652894509721,-0.0103969403072382));
#4427=CARTESIAN_POINT('',(2.56076388888841E-5,-0.00852413143660154,-0.0101227873848582));
#4428=CARTESIAN_POINT('',(2.56076388888849E-5,-0.00894887576696719,-0.00986687600026793));
#4429=CARTESIAN_POINT('',(2.56076388889041E-5,-0.00960837994384341,-0.00955359349519385));
#4430=CARTESIAN_POINT('',(2.5607638888831E-5,-0.0102950850983591,-0.00930929415997918));
#4431=CARTESIAN_POINT('',(2.5607638889007E-5,-0.0107749725731278,-0.00919008132136914));
#4432=CARTESIAN_POINT('',(2.56076388887675E-5,-0.0112573116399975,-0.00909559277765476));
#4433=CARTESIAN_POINT('',(2.56076388885545E-5,-0.0114995694114216,-0.00906074975331733));
#4434=CARTESIAN_POINT('',(2.56076388890599E-5,-0.0118635652054628,-0.00902877552375491));
#4435=CARTESIAN_POINT('',(2.56076388893856E-5,-0.0121067760089449,-0.00901412505618136));
#4436=CARTESIAN_POINT('',(2.56076388877214E-5,-0.012353490781868,-0.00901258676999325));
#4437=CARTESIAN_POINT('',(2.56076388888915E-5,-0.0124852813742386,-0.00901258680555543));
#4438=CARTESIAN_POINT('',(4.94791666666659E-5,-0.00728632787020206,-0.0113010464959634));
#4439=CARTESIAN_POINT('',(4.94791666667161E-5,-0.00737951764788623,-0.0112078566680018));
#4440=CARTESIAN_POINT('',(4.94791666666442E-5,-0.00755191904800832,-0.0110376266975133));
#4441=CARTESIAN_POINT('',(4.94791666666581E-5,-0.00773043037130677,-0.0108794021146536));
#4442=CARTESIAN_POINT('',(4.947916666668E-5,-0.00800433901682335,-0.0106496908153254));
#4443=CARTESIAN_POINT('',(4.94791666666716E-5,-0.0081956528303347,-0.010506392751631));
#4444=CARTESIAN_POINT('',(4.947916666666E-5,-0.0085957056821513,-0.0102373245040233));
#4445=CARTESIAN_POINT('',(4.94791666666633E-5,-0.00901297609113175,-0.00998591398849941));
#4446=CARTESIAN_POINT('',(4.94791666666824E-5,-0.00966012039318757,-0.00967852369229696));
#4447=CARTESIAN_POINT('',(4.94791666666062E-5,-0.0103339406789671,-0.0094387882007341));
#4448=CARTESIAN_POINT('',(4.94791666667908E-5,-0.0108053864948742,-0.00932167444975754));
#4449=CARTESIAN_POINT('',(4.94791666665394E-5,-0.0112787876269775,-0.00922893112829065));
#4450=CARTESIAN_POINT('',(4.94791666663157E-5,-0.0115163014868928,-0.00919478342940997));
#4451=CARTESIAN_POINT('',(4.94791666668459E-5,-0.0118729139106364,-0.00916345621094583));
#4452=CARTESIAN_POINT('',(4.94791666671878E-5,-0.0121111803150085,-0.00914910597417722));
#4453=CARTESIAN_POINT('',(4.94791666654425E-5,-0.0123534908121811,-0.00914756940889088));
#4454=CARTESIAN_POINT('',(4.94791666666692E-5,-0.0124852813742386,-0.00914756944444431));
#4455=CARTESIAN_POINT('',(0.000127604166666666,-0.0074753807248943,-0.0114900993506556));
#4456=CARTESIAN_POINT('',(0.000127604166666739,-0.00756857046013489,-0.0113969095651621));
#4457=CARTESIAN_POINT('',(0.000127604166666635,-0.00773480148897655,-0.0112328451444089));
#4458=CARTESIAN_POINT('',(0.000127604166666655,-0.00790597277575507,-0.0110811200720491));
#4459=CARTESIAN_POINT('',(0.000127604166666687,-0.00816865043321971,-0.0108608315064711));
#4460=CARTESIAN_POINT('',(0.000127604166666674,-0.00835237409498516,-0.0107231860176953));
#4461=CARTESIAN_POINT('',(0.000127604166666658,-0.00873747331963893,-0.0104641890230126));
#4462=CARTESIAN_POINT('',(0.000127604166666664,-0.00913994007725834,-0.0102216934121348));
#4463=CARTESIAN_POINT('',(0.000127604166666683,-0.00976260308384997,-0.00992597385762015));
#4464=CARTESIAN_POINT('',(0.000127604166666604,-0.0104109022148336,-0.00969527800493033));
#4465=CARTESIAN_POINT('',(0.000127604166666796,-0.0108656275746034,-0.0095823219323532));
#4466=CARTESIAN_POINT('',(0.000127604166666534,-0.0113213252732145,-0.00949303538549872));
#4467=CARTESIAN_POINT('',(0.0001276041666663,-0.0115494428325207,-0.00946026492289248));
#4468=CARTESIAN_POINT('',(0.000127604166666853,-0.0118914309601122,-0.0094302192440957));
#4469=CARTESIAN_POINT('',(0.00012760416666721,-0.0121199039566007,-0.00941646367670277));
#4470=CARTESIAN_POINT('',(0.000127604166665391,-0.0123534908722225,-0.0094149305200193));
#4471=CARTESIAN_POINT('',(0.000127604166666669,-0.0124852813742386,-0.00941493055555542));
#4472=CARTESIAN_POINT('',(0.000181640624999999,-0.00756867953630086,-0.0115833981620622));
#4473=CARTESIAN_POINT('',(0.000181640625000076,-0.00766186925059525,-0.0114902083975269));
#4474=CARTESIAN_POINT('',(0.000181640624999966,-0.00782505516114271,-0.0113291867156041));
#4475=CARTESIAN_POINT('',(0.000181640624999988,-0.00799260409223605,-0.0111806691938807));
#4476=CARTESIAN_POINT('',(0.000181640625000021,-0.00824973918416857,-0.010965030808595));
#4477=CARTESIAN_POINT('',(0.000181640625000008,-0.00842971705676071,-0.0108301749022465));
#4478=CARTESIAN_POINT('',(0.00018164062499999,-0.00880743656930816,-0.0105761481362801));
#4479=CARTESIAN_POINT('',(0.000181640624999998,-0.00920259762885328,-0.010338052088734));
#4480=CARTESIAN_POINT('',(0.000181640625000016,-0.00981317895716388,-0.0100480921210264));
#4481=CARTESIAN_POINT('',(0.000181640624999938,-0.010448883232534,-0.00982185738881937));
#4482=CARTESIAN_POINT('',(0.000181640625000129,-0.0108953569386256,-0.00971095315753029));
#4483=CARTESIAN_POINT('',(0.000181640624999868,-0.0113423178778509,-0.00962337255139361));
#4484=CARTESIAN_POINT('',(0.000181640624999636,-0.0115657983017916,-0.00959128176383191));
#4485=CARTESIAN_POINT('',(0.000181640625000186,-0.011900569244269,-0.00956186853318265));
#4486=CARTESIAN_POINT('',(0.000181640625000541,-0.0121242091303734,-0.00954840643898811));
#4487=CARTESIAN_POINT('',(0.00018164062499873,-0.0123534909018533,-0.00954687496447229));
#4488=CARTESIAN_POINT('',(0.000181640625000002,-0.0124852813742386,-0.00954687499999987));
#4489=CARTESIAN_POINT('',(0.0003193359375,-0.00774131302780148,-0.0117560316535628));
#4490=CARTESIAN_POINT('',(0.000319335937500054,-0.00783450270333851,-0.0116628419278071));
#4491=CARTESIAN_POINT('',(0.000319335937499976,-0.00799205414335803,-0.0115074503136215));
#4492=CARTESIAN_POINT('',(0.000319335937499991,-0.00815290052486945,-0.0113648678156908));
#4493=CARTESIAN_POINT('',(0.000319335937500014,-0.00839978004735518,-0.0111578337936104));
#4494=CARTESIAN_POINT('',(0.000319335937500005,-0.00857282697780921,-0.0110281395323782));
#4495=CARTESIAN_POINT('',(0.000319335937499993,-0.0089368915954231,-0.0107833093244806));
#4496=CARTESIAN_POINT('',(0.000319335937499997,-0.00931853471034062,-0.0105533539163231));
#4497=CARTESIAN_POINT('',(0.000319335937500016,-0.00990676095959505,-0.0102740510788094));
#4498=CARTESIAN_POINT('',(0.000319335937499938,-0.0105191606090356,-0.0100560708869693));
#4499=CARTESIAN_POINT('',(0.000319335937500128,-0.0109503660414627,-0.00994896323701092));
#4500=CARTESIAN_POINT('',(0.000319335937499869,-0.0113811611018904,-0.00986453918236689));
#4501=CARTESIAN_POINT('',(0.000319335937499639,-0.0115960613000313,-0.00983370601721491));
#4502=CARTESIAN_POINT('',(0.000319335937500184,-0.0119174780759738,-0.00980546302368069));
#4503=CARTESIAN_POINT('',(0.000319335937500536,-0.0121321751180286,-0.00979254395144041));
#4504=CARTESIAN_POINT('',(0.000319335937498742,-0.0123534909566801,-0.00979101558948814));
#4505=CARTESIAN_POINT('',(0.000319335937500002,-0.0124852813742386,-0.00979101562499987));
#4506=CARTESIAN_POINT('',(0.000402777777777777,-0.00782034080391065,-0.011835059429672));
#4507=CARTESIAN_POINT('',(0.000402777777777805,-0.00791353046170543,-0.0117418697216688));
#4508=CARTESIAN_POINT('',(0.000402777777777765,-0.00806850256632772,-0.0115890554273806));
#4509=CARTESIAN_POINT('',(0.000402777777777773,-0.00822628066958607,-0.0114491898514527));
#4510=CARTESIAN_POINT('',(0.000402777777777784,-0.00846846542028061,-0.0112460947156397));
#4511=CARTESIAN_POINT('',(0.00040277777777778,-0.00863833951944475,-0.0111187633408385));
#4512=CARTESIAN_POINT('',(0.000402777777777773,-0.00899615322960015,-0.0108781431128568));
#4513=CARTESIAN_POINT('',(0.000402777777777774,-0.00937160812986594,-0.0106519143085083));
#4514=CARTESIAN_POINT('',(0.000402777777777794,-0.00994960072070798,-0.0103774900683722));
#4515=CARTESIAN_POINT('',(0.000402777777777716,-0.0105513320302785,-0.010163288621678));
#4516=CARTESIAN_POINT('',(0.000402777777777905,-0.010975547986317,-0.0100579189622843));
#4517=CARTESIAN_POINT('',(0.000402777777777648,-0.0113989426666728,-0.009974939906768));
#4518=CARTESIAN_POINT('',(0.000402777777777419,-0.0116099150281144,-0.00994468245320802));
#4519=CARTESIAN_POINT('',(0.000402777777777961,-0.0119252185633764,-0.0099169751682198));
#4520=CARTESIAN_POINT('',(0.00040277777777831,-0.0121358217701552,-0.009904304679363));
#4521=CARTESIAN_POINT('',(0.000402777777776527,-0.0123534909817785,-0.0099027777422732));
#4522=CARTESIAN_POINT('',(0.00040277777777778,-0.0124852813742386,-0.00990277777777765));
#4523=CARTESIAN_POINT('',(0.000597222222222222,-0.00795783378914137,-0.0119725524149027));
#4524=CARTESIAN_POINT('',(0.000597222222222179,-0.00805102341606807,-0.0118793627377854));
#4525=CARTESIAN_POINT('',(0.00059722222222224,-0.00820150797794099,-0.0117310324796683));
#4526=CARTESIAN_POINT('',(0.000597222222222227,-0.00835394787282119,-0.0115958938204677));
#4527=CARTESIAN_POINT('',(0.000597222222222208,-0.00858796463220524,-0.0113996515819275));
#4528=CARTESIAN_POINT('',(0.000597222222222218,-0.00875231862100872,-0.0112764311707034));
#4529=CARTESIAN_POINT('',(0.000597222222222225,-0.0090992569659548,-0.0110431354903036));
#4530=CARTESIAN_POINT('',(0.000597222222222215,-0.00946394557432164,-0.0108233902529704));
#4531=CARTESIAN_POINT('',(0.00059722222222224,-0.0100241335866443,-0.0105574538249709));
#4532=CARTESIAN_POINT('',(0.000597222222222161,-0.0106073040563633,-0.0103498266610934));
#4533=CARTESIAN_POINT('',(0.000597222222222348,-0.0110193596806655,-0.0102474807678084));
#4534=CARTESIAN_POINT('',(0.000597222222222093,-0.0114298791366634,-0.0101670157301921));
#4535=CARTESIAN_POINT('',(0.000597222222221867,-0.0116340178249347,-0.0101377599030135));
#4536=CARTESIAN_POINT('',(0.000597222222222404,-0.0119386855084496,-0.0101109846468742));
#4537=CARTESIAN_POINT('',(0.00059722222222275,-0.0121421662367677,-0.0100987466448361));
#4538=CARTESIAN_POINT('',(0.000597222222220981,-0.012353491025445,-0.0100972221867303));
#4539=CARTESIAN_POINT('',(0.000597222222222224,-0.0124852813742386,-0.0100972222222221));
#4540=CARTESIAN_POINT('',(0.000708984375,-0.00801683608023647,-0.0120315547059978));
#4541=CARTESIAN_POINT('',(0.000708984374999917,-0.00811002569390043,-0.0119383650421182));
#4542=CARTESIAN_POINT('',(0.000708984375000034,-0.00825858451898067,-0.0117919590160643));
#4543=CARTESIAN_POINT('',(0.000708984375000011,-0.00840873363135471,-0.011658848816102));
#4544=CARTESIAN_POINT('',(0.000708984374999973,-0.00863924526499627,-0.0114655473576902));
#4545=CARTESIAN_POINT('',(0.000708984374999991,-0.00880123041180093,-0.0113440910820667));
#4546=CARTESIAN_POINT('',(0.000708984375000008,-0.00914350181710423,-0.0111139385808503));
#4547=CARTESIAN_POINT('',(0.00070898437499999,-0.00950357029239364,-0.0108969756331544));
#4548=CARTESIAN_POINT('',(0.000708984375000018,-0.0100561178354754,-0.0106346815754314));
#4549=CARTESIAN_POINT('',(0.000708984374999938,-0.010631323301932,-0.0104298756300155));
#4550=CARTESIAN_POINT('',(0.000708984375000126,-0.0110381605695907,-0.0103288273238644));
#4551=CARTESIAN_POINT('',(0.000708984374999871,-0.0114431548874573,-0.0102494411253979));
#4552=CARTESIAN_POINT('',(0.000708984374999646,-0.0116443610452219,-0.0102206151256075));
#4553=CARTESIAN_POINT('',(0.00070898437500018,-0.0119444645713745,-0.0101942398305189));
#4554=CARTESIAN_POINT('',(0.000708984375000525,-0.0121448888343263,-0.0101821874213241));
#4555=CARTESIAN_POINT('',(0.000708984374998764,-0.0123534910441835,-0.0101806640269905));
#4556=CARTESIAN_POINT('',(0.000708984375000002,-0.0124852813742386,-0.0101806640624999));
#4557=CARTESIAN_POINT('',(0.000953125,-0.00811420136944282,-0.0121289199952041));
#4558=CARTESIAN_POINT('',(0.000953124999999857,-0.0082073909613292,-0.012035730353278));
#4559=CARTESIAN_POINT('',(0.00095312500000006,-0.00835277194491526,-0.0118924996853112));
#4560=CARTESIAN_POINT('',(0.000953125000000019,-0.0084991408193481,-0.011762736838791));
#4561=CARTESIAN_POINT('',(0.000953124999999956,-0.0087238683118572,-0.0115742882412626));
#4562=CARTESIAN_POINT('',(0.000953124999999985,-0.0088819444072808,-0.0114557431334694));
#4563=CARTESIAN_POINT('',(0.000953125000000014,-0.00921651445182455,-0.0112307774909869));
#4564=CARTESIAN_POINT('',(0.000953124999999988,-0.00956895880635645,-0.011018405863919));
#4565=CARTESIAN_POINT('',(0.000953125000000018,-0.0101088980848455,-0.0107621224276185));
#4566=CARTESIAN_POINT('',(0.000953124999999939,-0.0106709597422791,-0.010561972042978));
#4567=CARTESIAN_POINT('',(0.000953125000000123,-0.0110691857035909,-0.0104630650086794));
#4568=CARTESIAN_POINT('',(0.000953124999999873,-0.0114650624658155,-0.0103854591052788));
#4569=CARTESIAN_POINT('',(0.000953124999999651,-0.0116614293762291,-0.010357342404549));
#4570=CARTESIAN_POINT('',(0.000953125000000177,-0.011954001152456,-0.0103316271231431));
#4571=CARTESIAN_POINT('',(0.000953125000000517,-0.0121493816513639,-0.0103198809782979));
#4572=CARTESIAN_POINT('',(0.000953124999998784,-0.0123534910751058,-0.0103183593396148));
#4573=CARTESIAN_POINT('',(0.000953125000000001,-0.0124852813742386,-0.0103183593749999));
#4574=CARTESIAN_POINT('',(0.00108506944444444,-0.00815241091556163,-0.0121671295413229));
#4575=CARTESIAN_POINT('',(0.00108506944444428,-0.00824560049893496,-0.0120739399080454));
#4576=CARTESIAN_POINT('',(0.00108506944444451,-0.00838973438628436,-0.0119319553616445));
#4577=CARTESIAN_POINT('',(0.00108506944444447,-0.00853461976309482,-0.0118035061337422));
#4578=CARTESIAN_POINT('',(0.00108506944444439,-0.00875707735626146,-0.0116169619686317));
#4579=CARTESIAN_POINT('',(0.00108506944444443,-0.00891361940314633,-0.0114995593049454));
#4580=CARTESIAN_POINT('',(0.00108506944444446,-0.00924516716426452,-0.0112766291673019));
#4581=CARTESIAN_POINT('',(0.00108506944444443,-0.00959461954706214,-0.0110660593350956));
#4582=CARTESIAN_POINT('',(0.00108506944444446,-0.0101296109013828,-0.010812134676939));
#4583=CARTESIAN_POINT('',(0.00108506944444438,-0.0106865144682784,-0.0106138112972399));
#4584=CARTESIAN_POINT('',(0.00108506944444457,-0.0110813610516855,-0.0105157445729282));
#4585=CARTESIAN_POINT('',(0.00108506944444432,-0.0114736597660695,-0.0104388373196105));
#4586=CARTESIAN_POINT('',(0.0010850694444441,-0.0116681275865062,-0.0104109989726579));
#4587=CARTESIAN_POINT('',(0.00108506944444462,-0.01195774364054,-0.0103855427036932));
#4588=CARTESIAN_POINT('',(0.00108506944444495,-0.0121511447899649,-0.0103739167476812));
#4589=CARTESIAN_POINT('',(0.00108506944444324,-0.0123534910872408,-0.010372395798044));
#4590=CARTESIAN_POINT('',(0.00108506944444445,-0.0124852813742386,-0.0103723958333332));
#4591=CARTESIAN_POINT('',(0.00135243055555556,-0.00820765363284183,-0.0122223722586031));
#4592=CARTESIAN_POINT('',(0.00135243055555538,-0.0083008432051188,-0.0121291826390412));
#4593=CARTESIAN_POINT('',(0.00135243055555563,-0.00844317406003509,-0.0119889997124518));
#4594=CARTESIAN_POINT('',(0.00135243055555558,-0.00858591462134786,-0.0118624496925318));
#4595=CARTESIAN_POINT('',(0.0013524305555555,-0.00880509043286047,-0.0116786589242159));
#4596=CARTESIAN_POINT('',(0.00135243055555554,-0.008959414578018,-0.0115629079867227));
#4597=CARTESIAN_POINT('',(0.00135243055555557,-0.00928659277248516,-0.0113429207473908));
#4598=CARTESIAN_POINT('',(0.00135243055555555,-0.00963171941320128,-0.0111349559199937));
#4599=CARTESIAN_POINT('',(0.00135243055555557,-0.0101595571421438,-0.0108844415433887));
#4600=CARTESIAN_POINT('',(0.0013524305555555,-0.0107090032287634,-0.0106887596167418));
#4601=CARTESIAN_POINT('',(0.00135243055555567,-0.011098963964594,-0.0105919077981701));
#4602=CARTESIAN_POINT('',(0.00135243055555544,-0.0114860895977615,-0.0105160106417138));
#4603=CARTESIAN_POINT('',(0.00135243055555523,-0.0116778117459428,-0.0104885747342769));
#4604=CARTESIAN_POINT('',(0.00135243055555572,-0.0119631544666855,-0.0104634929403844));
#4605=CARTESIAN_POINT('',(0.00135243055555604,-0.0121536939060145,-0.0104520407508765));
#4606=CARTESIAN_POINT('',(0.00135243055555441,-0.0123534911047853,-0.0104505207998962));
#4607=CARTESIAN_POINT('',(0.00135243055555556,-0.0124852813742386,-0.0104505208333332));
#4608=CARTESIAN_POINT('',(0.00148741319444444,-0.00822453335201078,-0.0122392519777721));
#4609=CARTESIAN_POINT('',(0.00148741319444428,-0.00831772292170623,-0.0121460623632101));
#4610=CARTESIAN_POINT('',(0.00148741319444451,-0.00845950284889093,-0.0120064299304082));
#4611=CARTESIAN_POINT('',(0.00148741319444447,-0.00860158805014103,-0.0118804602242667));
#4612=CARTESIAN_POINT('',(0.00148741319444439,-0.00881976109538957,-0.0116975107719904));
#4613=CARTESIAN_POINT('',(0.00148741319444443,-0.00897340754820201,-0.0115822645284607));
#4614=CARTESIAN_POINT('',(0.00148741319444446,-0.0092992505971349,-0.0113631765078898));
#4615=CARTESIAN_POINT('',(0.00148741319444444,-0.0096430554834496,-0.0111560076543113));
#4616=CARTESIAN_POINT('',(0.00148741319444446,-0.0101687073823659,-0.0109065353081119));
#4617=CARTESIAN_POINT('',(0.00148741319444439,-0.01071587479447,-0.0107116604922033));
#4618=CARTESIAN_POINT('',(0.00148741319444456,-0.0111043426324276,-0.010615179894653));
#4619=CARTESIAN_POINT('',(0.00148741319444433,-0.0114898876018892,-0.010539591379142));
#4620=CARTESIAN_POINT('',(0.00148741319444413,-0.0116807707946595,-0.0105122784395483));
#4621=CARTESIAN_POINT('',(0.00148741319444461,-0.0119648077746745,-0.0104873110680961));
#4622=CARTESIAN_POINT('',(0.00148741319444491,-0.0121544728025852,-0.010475911973586));
#4623=CARTESIAN_POINT('',(0.00148741319444334,-0.0123534911101462,-0.0104743923293841));
#4624=CARTESIAN_POINT('',(0.00148741319444444,-0.0124852813742386,-0.010474392361111));
#4625=CARTESIAN_POINT('',(0.00168353949652778,-0.00823771104186199,-0.0122524296676233));
#4626=CARTESIAN_POINT('',(0.00168353949652766,-0.00833090061355798,-0.0121592400609806));
#4627=CARTESIAN_POINT('',(0.00168353949652783,-0.00847225043574724,-0.0120200373829373));
#4628=CARTESIAN_POINT('',(0.00168353949652779,-0.00861382401044527,-0.0118945207183449));
#4629=CARTESIAN_POINT('',(0.00168353949652774,-0.00883121421605303,-0.0117122280679531));
#4630=CARTESIAN_POINT('',(0.00168353949652777,-0.00898433160602567,-0.0115973758290742));
#4631=CARTESIAN_POINT('',(0.00168353949652779,-0.00930913233027806,-0.011378989811409));
#4632=CARTESIAN_POINT('',(0.00168353949652777,-0.00965190534757639,-0.0111724423607483));
#4633=CARTESIAN_POINT('',(0.00168353949652778,-0.0101758508084871,-0.0109237835084007));
#4634=CARTESIAN_POINT('',(0.00168353949652773,-0.0107212393008936,-0.0107295387895854));
#4635=CARTESIAN_POINT('',(0.00168353949652788,-0.0111085416606133,-0.010633347996658));
#4636=CARTESIAN_POINT('',(0.00168353949652767,-0.011492852634655,-0.0105580004327016));
#4637=CARTESIAN_POINT('',(0.00168353949652748,-0.0116830808701916,-0.0105307834929265));
#4638=CARTESIAN_POINT('',(0.00168353949652793,-0.0119660984821614,-0.0105059054465192));
#4639=CARTESIAN_POINT('',(0.00168353949652822,-0.0121550808729762,-0.0104945478007056));
#4640=CARTESIAN_POINT('',(0.00168353949652674,-0.0123534911143313,-0.0104930284041071));
#4641=CARTESIAN_POINT('',(0.00168353949652778,-0.0124852813742386,-0.0104930284288193));
#4642=CARTESIAN_POINT('',(0.00174793836805556,-0.00824013750149253,-0.0122548561272538));
#4643=CARTESIAN_POINT('',(0.00174793836805545,-0.00833332707483962,-0.0121616665233521));
#4644=CARTESIAN_POINT('',(0.0017479383680556,-0.008474597698281,-0.0120225429759042));
#4645=CARTESIAN_POINT('',(0.00174793836805557,-0.00861607706554064,-0.0118971097319882));
#4646=CARTESIAN_POINT('',(0.00174793836805552,-0.00883332312437889,-0.0117149380216579));
#4647=CARTESIAN_POINT('',(0.00174793836805555,-0.00898634309570041,-0.0116001583321584));
#4648=CARTESIAN_POINT('',(0.00174793836805557,-0.00931095189236066,-0.0113819015767713));
#4649=CARTESIAN_POINT('',(0.00174793836805555,-0.00965353490777242,-0.0111754685476643));
#4650=CARTESIAN_POINT('',(0.00174793836805556,-0.0101771661554928,-0.0109269594870163));
#4651=CARTESIAN_POINT('',(0.00174793836805551,-0.010722227088471,-0.0107328307905784));
#4652=CARTESIAN_POINT('',(0.00174793836805566,-0.0111093148441154,-0.0106366933602303));
#4653=CARTESIAN_POINT('',(0.00174793836805545,-0.0114933985977474,-0.010561390164004));
#4654=CARTESIAN_POINT('',(0.00174793836805527,-0.0116835062334445,-0.0105341909013897));
#4655=CARTESIAN_POINT('',(0.0017479383680557,-0.0119663361451848,-0.0105093293019625));
#4656=CARTESIAN_POINT('',(0.00174793836805599,-0.0121551928393582,-0.0104979792877477));
#4657=CARTESIAN_POINT('',(0.00174793836805454,-0.0123534911151019,-0.010496459939331));
#4658=CARTESIAN_POINT('',(0.00174793836805556,-0.0124852813742386,-0.0104964599609374));
#4659=CARTESIAN_POINT('',(0.00187492540147569,-0.00824260472180856,-0.0122573233475699));
#4660=CARTESIAN_POINT('',(0.00187492540147564,-0.00833579430072657,-0.0121641337503472));
#4661=CARTESIAN_POINT('',(0.00187492540147572,-0.00847698438945077,-0.0120250906572081));
#4662=CARTESIAN_POINT('',(0.0018749254014757,-0.00861836796783429,-0.0118997422364024));
#4663=CARTESIAN_POINT('',(0.00187492540147568,-0.00883546746016074,-0.0117176934994304));
#4664=CARTESIAN_POINT('',(0.00187492540147569,-0.0089883883756272,-0.0116029875772982));
#4665=CARTESIAN_POINT('',(0.0018749254014757,-0.00931280201980375,-0.0113848622547852));
#4666=CARTESIAN_POINT('',(0.00187492540147569,-0.00965519184219166,-0.0111785455699435));
#4667=CARTESIAN_POINT('',(0.00187492540147569,-0.0101785035981981,-0.0109301888169296));
#4668=CARTESIAN_POINT('',(0.00187492540147565,-0.0107232314693315,-0.0107361780922633));
#4669=CARTESIAN_POINT('',(0.00187492540147579,-0.0111101010158798,-0.0106400949200496));
#4670=CARTESIAN_POINT('',(0.00187492540147559,-0.0114939537321545,-0.010564836838005));
#4671=CARTESIAN_POINT('',(0.00187492540147542,-0.0116839387421274,-0.0105376555505264));
#4672=CARTESIAN_POINT('',(0.00187492540147583,-0.0119665778005714,-0.0105128106719648));
#4673=CARTESIAN_POINT('',(0.0018749254014761,-0.0121553066865984,-0.0105014684159943));
#4674=CARTESIAN_POINT('',(0.00187492540147473,-0.0123534911158855,-0.0104999491244257));
#4675=CARTESIAN_POINT('',(0.00187492540147569,-0.0124852813742386,-0.0104999491373697));
#4676=CARTESIAN_POINT('',(0.0019375,-0.00824264068711929,-0.0122573593128806));
#4677=CARTESIAN_POINT('',(0.00193749999999997,-0.00833583026995719,-0.012164169719594));
#4678=CARTESIAN_POINT('',(0.00193750000000001,-0.00847701917922661,-0.0120251277937788));
#4679=CARTESIAN_POINT('',(0.0019375,-0.00861840136235404,-0.011899780610545));
#4680=CARTESIAN_POINT('',(0.00193749999999999,-0.00883549871981468,-0.0117177336678595));
#4681=CARTESIAN_POINT('',(0.0019375,-0.00898841819060356,-0.0116030288203362));
#4682=CARTESIAN_POINT('',(0.0019375,-0.00931282898919139,-0.0113849054129594));
#4683=CARTESIAN_POINT('',(0.0019375,-0.00965521599594035,-0.0111785904247003));
#4684=CARTESIAN_POINT('',(0.0019375,-0.0101785230943977,-0.0109302358915895));
#4685=CARTESIAN_POINT('',(0.00193749999999995,-0.0107232461104654,-0.0107362268870245));
#4686=CARTESIAN_POINT('',(0.0019375000000001,-0.0111101124761115,-0.0106401445049057));
#4687=CARTESIAN_POINT('',(0.0019374999999999,-0.0114939618244909,-0.0105648870816302));
#4688=CARTESIAN_POINT('',(0.00193749999999973,-0.0116839450469185,-0.0105377060571924));
#4689=CARTESIAN_POINT('',(0.00193750000000014,-0.0119665813232448,-0.0105128614200104));
#4690=CARTESIAN_POINT('',(0.0019375000000004,-0.0121553083461791,-0.0105015192756017));
#4691=CARTESIAN_POINT('',(0.00193749999999907,-0.0123534911158969,-0.0104999999926112));
#4692=CARTESIAN_POINT('',(0.0019375,-0.0124852813742386,-0.0104999999999999));
#4693=CARTESIAN_POINT('',(0.002,-0.00824264068711929,-0.0122573593128806));
#4694=CARTESIAN_POINT('',(0.002,-0.00833583027518155,-0.0121641697248183));
#4695=CARTESIAN_POINT('',(0.002,-0.00847701917699375,-0.0120251277915458));
#4696=CARTESIAN_POINT('',(0.002,-0.00861840136159539,-0.0118997806097866));
#4697=CARTESIAN_POINT('',(0.002,-0.00883549872133196,-0.0117177336693764));
#4698=CARTESIAN_POINT('',(0.002,-0.00898841819114816,-0.0116030288208771));
#4699=CARTESIAN_POINT('',(0.002,-0.00931282898864679,-0.0113849054124185));
#4700=CARTESIAN_POINT('',(0.002,-0.00965521599619311,-0.0111785904249789));
#4701=CARTESIAN_POINT('',(0.002,-0.01017852309433,-0.0109302358914259));
#4702=CARTESIAN_POINT('',(0.00199999999999995,-0.0107232461104836,-0.0107362268874002));
#4703=CARTESIAN_POINT('',(0.00200000000000009,-0.0111101124761142,-0.0106401445041381));
#4704=CARTESIAN_POINT('',(0.0019999999999999,-0.0114939618244883,-0.0105648870823978));
#4705=CARTESIAN_POINT('',(0.00199999999999974,-0.0116839450469182,-0.010537706059338));
#4706=CARTESIAN_POINT('',(0.00200000000000013,-0.0119665813232449,-0.0105128614189376));
#4707=CARTESIAN_POINT('',(0.00200000000000039,-0.012155308346179,-0.0105015192724437));
#4708=CARTESIAN_POINT('',(0.00199999999999909,-0.0123534911158969,-0.0104999999999999));
#4709=CARTESIAN_POINT('',(0.002,-0.0124852813742386,-0.0104999999999999));
#4710=CARTESIAN_POINT('',(0.,-0.0124852813742386,-0.00849999999999987));
#4711=CARTESIAN_POINT('',(-7.65801494178496E-32,-0.0124852813742386,-0.00874999999999987));
#4712=CARTESIAN_POINT('',(2.60416666666681E-5,-0.0124852813742386,-0.00928645833333321));
#4713=CARTESIAN_POINT('',(0.000440104166666669,-0.0124852813742386,-0.0100598958333332));
#4714=CARTESIAN_POINT('',(0.00121354166666667,-0.0124852813742386,-0.0104739583333332));
#4715=CARTESIAN_POINT('',(0.00175,-0.0124852813742386,-0.0104999999999999));
#4716=CARTESIAN_POINT('',(0.002,-0.0124852813742386,-0.0104999999999999));
#4717=CARTESIAN_POINT('',(0.002,-0.019,-0.0104999999999999));
#4718=CARTESIAN_POINT('',(0.002,-0.0124852813742386,-0.0104999999999999));
#4719=CARTESIAN_POINT('',(0.0017,-0.019,-0.0104999999999999));
#4720=CARTESIAN_POINT('',(0.0017,-0.0124852813742386,-0.0104999999999999));
#4721=CARTESIAN_POINT('',(0.0014,-0.019,-0.0104999999999999));
#4722=CARTESIAN_POINT('',(0.0014,-0.0124852813742386,-0.0104999999999999));
#4723=CARTESIAN_POINT('',(0.000666666666666668,-0.019,-0.0102999999999999));
#4724=CARTESIAN_POINT('',(0.000666666666666668,-0.0124852813742386,-0.0102999999999999));
#4725=CARTESIAN_POINT('',(0.0002,-0.019,-0.00983333333333321));
#4726=CARTESIAN_POINT('',(0.0002,-0.0124852813742386,-0.00983333333333321));
#4727=CARTESIAN_POINT('',(-6.50521303492234E-20,-0.019,-0.00909999999999987));
#4728=CARTESIAN_POINT('',(-6.50521303492234E-20,-0.0124852813742386,-0.00909999999999987));
#4729=CARTESIAN_POINT('',(-9.18961793014193E-32,-0.019,-0.00879999999999987));
#4730=CARTESIAN_POINT('',(-9.18961793014193E-32,-0.0124852813742386,-0.00879999999999987));
#4731=CARTESIAN_POINT('',(0.,-0.019,-0.00849999999999987));
#4732=CARTESIAN_POINT('',(0.,-0.0124852813742386,-0.00849999999999987));
#4733=CARTESIAN_POINT('',(0.002,-0.019,-0.0104999999999999));
#4734=CARTESIAN_POINT('',(0.00175,-0.019,-0.0104999999999999));
#4735=CARTESIAN_POINT('',(0.00121354166666667,-0.019,-0.0104739583333332));
#4736=CARTESIAN_POINT('',(0.000440104166666667,-0.019,-0.0100598958333332));
#4737=CARTESIAN_POINT('',(2.60416666666666E-5,-0.019,-0.00928645833333321));
#4738=CARTESIAN_POINT('',(-7.65801494178494E-32,-0.019,-0.00874999999999987));
#4739=CARTESIAN_POINT('',(0.,-0.019,-0.00849999999999987));
#4740=CARTESIAN_POINT('',(-8.67361737988404E-19,-0.019,-0.00849999999999987));
#4741=CARTESIAN_POINT('',(-8.67361737988404E-19,-0.0191902652127501,-0.00850000001253183));
#4742=CARTESIAN_POINT('',(2.6568541896887E-18,-0.0195707650906484,-0.00850025288720578));
#4743=CARTESIAN_POINT('',(-1.9169141503223E-19,-0.0201365515054151,-0.0084603840404791));
#4744=CARTESIAN_POINT('',(-1.89008852955978E-18,-0.0206921548787663,-0.00835402078766842));
#4745=CARTESIAN_POINT('',(-5.42101086242758E-20,-0.0212417805745947,-0.00816501969516434));
#4746=CARTESIAN_POINT('',(2.10692896405688E-18,-0.0217484995117485,-0.00789164622078307));
#4747=CARTESIAN_POINT('',(-5.67250105707626E-19,-0.0221896237855831,-0.00751132922365041));
#4748=CARTESIAN_POINT('',(8.06441343587884E-20,-0.0224823132463543,-0.00709132049599622));
#4749=CARTESIAN_POINT('',(3.61024803261383E-20,-0.0226223701219289,-0.00680347751378872));
#4750=CARTESIAN_POINT('',(1.81384705236874E-20,-0.022671813380521,-0.00668611540622329));
#4751=CARTESIAN_POINT('',(-8.67361737988404E-19,-0.019,-0.00856249999999987));
#4752=CARTESIAN_POINT('',(3.35136307963681E-17,-0.0191902652122868,-0.00856250001253228));
#4753=CARTESIAN_POINT('',(-1.33043565715019E-17,-0.0195721974148081,-0.00856278764034314));
#4754=CARTESIAN_POINT('',(4.10105744760005E-18,-0.0201443853668827,-0.00852254227950558));
#4755=CARTESIAN_POINT('',(-3.0998732188983E-18,-0.0207081054718438,-0.00841467497274569));
#4756=CARTESIAN_POINT('',(4.92179786097518E-19,-0.0212667348647111,-0.00822259160859016));
#4757=CARTESIAN_POINT('',(1.13115407450821E-18,-0.0217835050460991,-0.0079440590319749));
#4758=CARTESIAN_POINT('',(2.4213918751255E-18,-0.0222368239312974,-0.00755330842924364));
#4759=CARTESIAN_POINT('',(-9.76836440742569E-18,-0.0225364421210075,-0.00712306108236719));
#4760=CARTESIAN_POINT('',(1.39080379809459E-17,-0.0226791095735798,-0.00682980079807887));
#4761=CARTESIAN_POINT('',(1.24466245199598E-17,-0.0227294220840813,-0.00671036514043699));
#4762=CARTESIAN_POINT('',(5.08626302074633E-8,-0.019,-0.00862507459852418));
#4763=CARTESIAN_POINT('',(5.08626302711229E-8,-0.0191902652118229,-0.00862507461105703));
#4764=CARTESIAN_POINT('',(5.08626301814324E-8,-0.0195736314485561,-0.00862539703348534));
#4765=CARTESIAN_POINT('',(5.0862630216082E-8,-0.0201522285786623,-0.00858477470913854));
#4766=CARTESIAN_POINT('',(5.08626302041814E-8,-0.0207240751031727,-0.00847540155322615));
#4767=CARTESIAN_POINT('',(5.08626302093236E-8,-0.0212917189396791,-0.00828023223849251));
#4768=CARTESIAN_POINT('',(5.08626302085034E-8,-0.0218185523622289,-0.00799653440186063));
#4769=CARTESIAN_POINT('',(5.08626302136917E-8,-0.0222840804139912,-0.0075953377402255));
#4770=CARTESIAN_POINT('',(5.08626301888902E-8,-0.0225906356026074,-0.00715483955355263));
#4771=CARTESIAN_POINT('',(5.08626302358391E-8,-0.0227359167481006,-0.00685615550121963));
#4772=CARTESIAN_POINT('',(5.08626302329605E-8,-0.02278709954803,-0.00673464381856089));
#4773=CARTESIAN_POINT('',(3.54003906249914E-6,-0.019,-0.00875206163194431));
#4774=CARTESIAN_POINT('',(3.54003906261473E-6,-0.0191902652108816,-0.00875206164447804));
#4775=CARTESIAN_POINT('',(3.54003906244898E-6,-0.0195765416340911,-0.00875245467807054));
#4776=CARTESIAN_POINT('',(3.54003906251422E-6,-0.0201681453599102,-0.00871106735516401));
#4777=CARTESIAN_POINT('',(3.54003906249393E-6,-0.0207564833991121,-0.00859863827366581));
#4778=CARTESIAN_POINT('',(3.54003906250199E-6,-0.021342420880047,-0.00839720642240075));
#4779=CARTESIAN_POINT('',(3.54003906249802E-6,-0.0218896763455964,-0.00810302636036399));
#4780=CARTESIAN_POINT('',(3.5400390625121E-6,-0.0223799813176913,-0.00768063077676341));
#4781=CARTESIAN_POINT('',(3.54003906245848E-6,-0.0227006142460407,-0.00721932983998888));
#4782=CARTESIAN_POINT('',(3.54003906255851E-6,-0.0228511995423892,-0.00690963895372972));
#4783=CARTESIAN_POINT('',(3.54003906255242E-6,-0.0229041484818589,-0.00678391424750528));
#4784=CARTESIAN_POINT('',(6.9715711805547E-6,-0.019,-0.00881646050347209));
#4785=CARTESIAN_POINT('',(6.97157118069293E-6,-0.0191902652104042,-0.00881646051600625));
#4786=CARTESIAN_POINT('',(6.97157118049402E-6,-0.0195780174750439,-0.00881688935860359));
#4787=CARTESIAN_POINT('',(6.9715711805726E-6,-0.0201762172293217,-0.00877511408235535));
#4788=CARTESIAN_POINT('',(6.97157118054863E-6,-0.0207729186022224,-0.00866113525082442));
#4789=CARTESIAN_POINT('',(6.97157118055805E-6,-0.0213681333300194,-0.00845652748250182));
#4790=CARTESIAN_POINT('',(6.97157118055239E-6,-0.0219257454161469,-0.00815703157467363));
#4791=CARTESIAN_POINT('',(6.97157118057145E-6,-0.0224286154956104,-0.0077238853922488));
#4792=CARTESIAN_POINT('',(6.97157118050167E-6,-0.0227563876611564,-0.00725203476709162));
#4793=CARTESIAN_POINT('',(6.97157118063142E-6,-0.022909662848908,-0.00693676199058077));
#4794=CARTESIAN_POINT('',(6.97157118062354E-6,-0.0229635074498502,-0.00680890073579665));
#4795=CARTESIAN_POINT('',(2.56076388888881E-5,-0.019,-0.00901258680555543));
#4796=CARTESIAN_POINT('',(2.56076388890864E-5,-0.0191902652089504,-0.00901258681809084));
#4797=CARTESIAN_POINT('',(2.56076388887995E-5,-0.0195825121380971,-0.00901312471675606));
#4798=CARTESIAN_POINT('',(2.56076388889134E-5,-0.0202008000498124,-0.00897016793138374));
#4799=CARTESIAN_POINT('',(2.56076388888796E-5,-0.0208229718956039,-0.00885146934722574));
#4800=CARTESIAN_POINT('',(2.56076388888929E-5,-0.0214464404122859,-0.0086371893462469));
#4801=CARTESIAN_POINT('',(2.56076388888819E-5,-0.022035593512221,-0.00832150406812715));
#4802=CARTESIAN_POINT('',(2.56076388889174E-5,-0.0225767305361982,-0.00785561701396716));
#4803=CARTESIAN_POINT('',(2.56076388887942E-5,-0.0229262451975032,-0.00735163738838598));
#4804=CARTESIAN_POINT('',(2.56076388890221E-5,-0.0230877124302604,-0.00701936500508499));
#4805=CARTESIAN_POINT('',(2.56076388890083E-5,-0.0231442847618036,-0.00688499690696202));
#4806=CARTESIAN_POINT('',(4.94791666666659E-5,-0.019,-0.00914756944444431));
#4807=CARTESIAN_POINT('',(4.9479166666894E-5,-0.01919026520795,-0.00914756945698051));
#4808=CARTESIAN_POINT('',(4.94791666665634E-5,-0.0195856055604142,-0.00914818241276809));
#4809=CARTESIAN_POINT('',(4.9479166666695E-5,-0.0202177190145098,-0.0091044124615034));
#4810=CARTESIAN_POINT('',(4.94791666666561E-5,-0.0208574207459312,-0.0089824655386079));
#4811=CARTESIAN_POINT('',(4.94791666666717E-5,-0.0215003347471902,-0.00876152868704849));
#4812=CARTESIAN_POINT('',(4.94791666666566E-5,-0.0221111957426587,-0.00843470118118727));
#4813=CARTESIAN_POINT('',(4.94791666667052E-5,-0.0226786697397894,-0.0079462804371581));
#4814=CARTESIAN_POINT('',(4.94791666665393E-5,-0.0230431485309557,-0.00742018823811776));
#4815=CARTESIAN_POINT('',(4.94791666668457E-5,-0.0232102538848674,-0.00707621598712826));
#4816=CARTESIAN_POINT('',(4.94791666668273E-5,-0.023268703559076,-0.0069373695968263));
#4817=CARTESIAN_POINT('',(0.000127604166666666,-0.019,-0.00941493055555542));
#4818=CARTESIAN_POINT('',(0.000127604166666931,-0.0191902652059684,-0.00941493056809306));
#4819=CARTESIAN_POINT('',(0.000127604166666546,-0.019591732724875,-0.00941569219007813));
#4820=CARTESIAN_POINT('',(0.0001276041666667,-0.02025123053301,-0.00937031159511661));
#4821=CARTESIAN_POINT('',(0.000127604166666655,-0.0209256538385408,-0.00924193066366067));
#4822=CARTESIAN_POINT('',(0.000127604166666673,-0.0216070836549105,-0.00900780853892558));
#4823=CARTESIAN_POINT('',(0.000127604166666652,-0.0222609416396029,-0.00865891154017454));
#4824=CARTESIAN_POINT('',(0.000127604166666722,-0.0228805814742338,-0.0081258581499736));
#4825=CARTESIAN_POINT('',(0.000127604166666486,-0.0232746998280837,-0.00755596741314922));
#4826=CARTESIAN_POINT('',(0.000127604166666921,-0.0234529726502625,-0.0071888211477027));
#4827=CARTESIAN_POINT('',(0.000127604166666895,-0.0235151407909724,-0.00704110457096261));
#4828=CARTESIAN_POINT('',(0.000181640624999999,-0.019,-0.00954687499999987));
#4829=CARTESIAN_POINT('',(0.000181640625000271,-0.0191902652049904,-0.00954687501253816));
#4830=CARTESIAN_POINT('',(0.000181640624999877,-0.0195947565203232,-0.00954771000225715));
#4831=CARTESIAN_POINT('',(0.000181640625000034,-0.0202677686849971,-0.00950153454417247));
#4832=CARTESIAN_POINT('',(0.000181640624999988,-0.0209593273128157,-0.00936997838771269));
#4833=CARTESIAN_POINT('',(0.000181640625000007,-0.0216597649340453,-0.00912934924504674));
#4834=CARTESIAN_POINT('',(0.000181640624999983,-0.0223348422121208,-0.00876956080824617));
#4835=CARTESIAN_POINT('',(0.000181640625000061,-0.0229802262262972,-0.00821448091733709));
#4836=CARTESIAN_POINT('',(0.0001816406249998,-0.0233889718967962,-0.0076229753177102));
#4837=CARTESIAN_POINT('',(0.000181640625000282,-0.0235727559370808,-0.00724439252564852));
#4838=CARTESIAN_POINT('',(0.000181640625000253,-0.023636759165155,-0.0070922984543026));
#4839=CARTESIAN_POINT('',(0.0003193359375,-0.019,-0.00979101562499987));
#4840=CARTESIAN_POINT('',(0.00031933593750026,-0.0191902652031809,-0.00979101563753937));
#4841=CARTESIAN_POINT('',(0.000319335937499882,-0.0196003515365719,-0.00979198638170022));
#4842=CARTESIAN_POINT('',(0.000319335937500032,-0.0202983697063549,-0.00974434016536958));
#4843=CARTESIAN_POINT('',(0.000319335937499989,-0.021021634317025,-0.00960690879817078));
#4844=CARTESIAN_POINT('',(0.000319335937500007,-0.0217572426298127,-0.00935423953186633));
#4845=CARTESIAN_POINT('',(0.000319335937499983,-0.0224715825806778,-0.00897429835196425));
#4846=CARTESIAN_POINT('',(0.000319335937500062,-0.0231646017954936,-0.00837846218918566));
#4847=CARTESIAN_POINT('',(0.000319335937499796,-0.0236004128134107,-0.00774696198322189));
#4848=CARTESIAN_POINT('',(0.000319335937500288,-0.0237943944200917,-0.00734721785490683));
#4849=CARTESIAN_POINT('',(0.000319335937500258,-0.0238617931634369,-0.0071870239785748));
#4850=CARTESIAN_POINT('',(0.000402777777777777,-0.019,-0.00990277777777765));
#4851=CARTESIAN_POINT('',(0.00040277777777802,-0.0191902652023525,-0.0099027777903177));
#4852=CARTESIAN_POINT('',(0.000402777777777667,-0.0196029128106769,-0.00990381067984526));
#4853=CARTESIAN_POINT('',(0.000402777777777809,-0.0203123781739098,-0.00985549118307315));
#4854=CARTESIAN_POINT('',(0.000402777777777767,-0.0210501570789519,-0.00971537027495827));
#4855=CARTESIAN_POINT('',(0.000402777777777784,-0.021801865752764,-0.00945718930761041));
#4856=CARTESIAN_POINT('',(0.000402777777777762,-0.0225341792827283,-0.00906802264975519));
#4857=CARTESIAN_POINT('',(0.000402777777777835,-0.0232490048338368,-0.00845352917140967));
#4858=CARTESIAN_POINT('',(0.000402777777777591,-0.0236972057663497,-0.0078037203234339));
#4859=CARTESIAN_POINT('',(0.000402777777778042,-0.0238958555923145,-0.00739428900563398));
#4860=CARTESIAN_POINT('',(0.000402777777778015,-0.0239648087270949,-0.00723038721857496));
#4861=CARTESIAN_POINT('',(0.000597222222222222,-0.019,-0.0100972222222221));
#4862=CARTESIAN_POINT('',(0.000597222222222431,-0.0191902652009111,-0.0100972222347632));
#4863=CARTESIAN_POINT('',(0.000597222222222127,-0.0196073689302849,-0.0100983632451617));
#4864=CARTESIAN_POINT('',(0.000597222222222249,-0.0203367501873644,-0.0100488723711555));
#4865=CARTESIAN_POINT('',(0.000597222222222214,-0.0210997811463044,-0.00990407218408756));
#4866=CARTESIAN_POINT('',(0.000597222222222227,-0.0218795013220152,-0.00963630192715739));
#4867=CARTESIAN_POINT('',(0.000597222222222211,-0.0226430853895968,-0.00923108472901865));
#4868=CARTESIAN_POINT('',(0.000597222222222262,-0.0233958497316145,-0.0085841311443664));
#4869=CARTESIAN_POINT('',(0.000597222222222091,-0.0238656067097154,-0.00790246881436585));
#4870=CARTESIAN_POINT('',(0.000597222222222408,-0.0240723783307838,-0.00747618366786996));
#4871=CARTESIAN_POINT('',(0.000597222222222389,-0.0241440358048378,-0.00730583083612867));
#4872=CARTESIAN_POINT('',(0.000708984375,-0.019,-0.0101806640624999));
#4873=CARTESIAN_POINT('',(0.000708984375000198,-0.0191902652002925,-0.0101806640750496));
#4874=CARTESIAN_POINT('',(0.00070898437499991,-0.0196092811825051,-0.0101818514832875));
#4875=CARTESIAN_POINT('',(0.000708984375000025,-0.0203472089364418,-0.0101318579368012));
#4876=CARTESIAN_POINT('',(0.000708984374999994,-0.021121076295743,-0.00998504973326162));
#4877=CARTESIAN_POINT('',(0.000708984375000004,-0.0219128170322575,-0.00971316442963049));
#4878=CARTESIAN_POINT('',(0.000708984374999992,-0.0226898202088945,-0.00930105947173819));
#4879=CARTESIAN_POINT('',(0.00070898437500003,-0.0234588652039319,-0.00864017629905632));
#4880=CARTESIAN_POINT('',(0.000708984374999904,-0.0239378725163242,-0.00794484470137742));
#4881=CARTESIAN_POINT('',(0.000708984375000137,-0.0241481294389816,-0.00751132708040466));
#4882=CARTESIAN_POINT('',(0.000708984375000122,-0.0242209474246988,-0.00733820591531462));
#4883=CARTESIAN_POINT('',(0.000953125,-0.019,-0.0103183593749999));
#4884=CARTESIAN_POINT('',(0.000953125000000205,-0.0191902651992716,-0.0103183593875095));
#4885=CARTESIAN_POINT('',(0.000953124999999906,-0.0196124367716695,-0.0103196233613123));
#4886=CARTESIAN_POINT('',(0.000953125000000026,-0.0203644679124875,-0.0102688003071513));
#4887=CARTESIAN_POINT('',(0.000953124999999997,-0.0211562174461171,-0.0101186784847614));
#4888=CARTESIAN_POINT('',(0.000953125000000002,-0.02196779445267,-0.00984000255139626));
#4889=CARTESIAN_POINT('',(0.000953124999999996,-0.0227669417767618,-0.00941653144639572));
#4890=CARTESIAN_POINT('',(0.000953125000000014,-0.0235628530249541,-0.00873266173637724));
#4891=CARTESIAN_POINT('',(0.00095312499999996,-0.0240571251933094,-0.00801477318073127));
#4892=CARTESIAN_POINT('',(0.000953125000000059,-0.0242731335433791,-0.00756932056609896));
#4893=CARTESIAN_POINT('',(0.000953125000000052,-0.0243478665997113,-0.0073916311109975));
#4894=CARTESIAN_POINT('',(0.00108506944444444,-0.019,-0.0103723958333332));
#4895=CARTESIAN_POINT('',(0.00108506944444467,-0.019190265198871,-0.0103723958458105));
#4896=CARTESIAN_POINT('',(0.00108506944444434,-0.019613675135266,-0.0103736898666442));
#4897=CARTESIAN_POINT('',(0.00108506944444447,-0.020371240938548,-0.0103225412846389));
#4898=CARTESIAN_POINT('',(0.00108506944444444,-0.0211700080630488,-0.0101711190822772));
#4899=CARTESIAN_POINT('',(0.00108506944444445,-0.0219893695159996,-0.00988977826821193));
#4900=CARTESIAN_POINT('',(0.00108506944444444,-0.0227972069783368,-0.00946184668940576));
#4901=CARTESIAN_POINT('',(0.00108506944444445,-0.0236036614842659,-0.00876895625787839));
#4902=CARTESIAN_POINT('',(0.00108506944444442,-0.0241039241161985,-0.00804221556270206));
#4903=CARTESIAN_POINT('',(0.00108506944444447,-0.0243221895276022,-0.00759207923896886));
#4904=CARTESIAN_POINT('',(0.00108506944444447,-0.0243976741246494,-0.00741259702703108));
#4905=CARTESIAN_POINT('',(0.00135243055555556,-0.019,-0.0104505208333332));
#4906=CARTESIAN_POINT('',(0.00135243055555582,-0.0191902651982918,-0.0104505208451577));
#4907=CARTESIAN_POINT('',(0.00135243055555543,-0.0196154655404658,-0.0104518583083691));
#4908=CARTESIAN_POINT('',(0.00135243055555559,-0.0203810332653821,-0.0104002390833406));
#4909=CARTESIAN_POINT('',(0.00135243055555556,-0.0211899463043972,-0.0102469368136461));
#4910=CARTESIAN_POINT('',(0.00135243055555556,-0.0220205623786398,-0.00996174315998647));
#4911=CARTESIAN_POINT('',(0.00135243055555555,-0.0228409638962947,-0.0095273627034042));
#4912=CARTESIAN_POINT('',(0.00135243055555556,-0.0236626616663351,-0.00882143026484305));
#4913=CARTESIAN_POINT('',(0.00135243055555556,-0.0241715852097508,-0.00808189129575064));
#4914=CARTESIAN_POINT('',(0.00135243055555555,-0.0243931138418335,-0.00762498334421202));
#4915=CARTESIAN_POINT('',(0.00135243055555555,-0.0244696850038013,-0.00744290919469085));
#4916=CARTESIAN_POINT('',(0.00148741319444444,-0.019,-0.010474392361111));
#4917=CARTESIAN_POINT('',(0.00148741319444474,-0.0191902651981148,-0.0104743923723314));
#4918=CARTESIAN_POINT('',(0.00148741319444431,-0.0196160126087213,-0.0104757431101952));
#4919=CARTESIAN_POINT('',(0.00148741319444448,-0.0203840253652478,-0.0104239800773379));
#4920=CARTESIAN_POINT('',(0.00148741319444444,-0.0211960385448101,-0.0102701033426893));
#4921=CARTESIAN_POINT('',(0.00148741319444445,-0.02203009353111,-0.00998373243246834));
#4922=CARTESIAN_POINT('',(0.00148741319444444,-0.022854334065683,-0.00954738148546464));
#4923=CARTESIAN_POINT('',(0.00148741319444444,-0.0236806894996996,-0.0088374639891767));
#4924=CARTESIAN_POINT('',(0.00148741319444445,-0.0241922594329266,-0.00809401443645696));
#4925=CARTESIAN_POINT('',(0.00148741319444444,-0.024414785159865,-0.00763503737629559));
#4926=CARTESIAN_POINT('',(0.00148741319444444,-0.0244916883278018,-0.00745217124585371));
#4927=CARTESIAN_POINT('',(0.00168353949652778,-0.019,-0.0104930284288193));
#4928=CARTESIAN_POINT('',(0.00168353949652809,-0.0191902651979766,-0.0104930284375593));
#4929=CARTESIAN_POINT('',(0.00168353949652763,-0.0196164396949621,-0.010494389541644));
#4930=CARTESIAN_POINT('',(0.00168353949652782,-0.02038636124321,-0.010442514239447));
#4931=CARTESIAN_POINT('',(0.00168353949652778,-0.0212007946461368,-0.0102881890307721));
#4932=CARTESIAN_POINT('',(0.00168353949652778,-0.0220375343285335,-0.0100008990576662));
#4933=CARTESIAN_POINT('',(0.00168353949652778,-0.022864771913891,-0.009563009784668));
#4934=CARTESIAN_POINT('',(0.00168353949652778,-0.0236947635012024,-0.00884998122615898));
#4935=CARTESIAN_POINT('',(0.00168353949652778,-0.0242083994237896,-0.00810347875224674));
#4936=CARTESIAN_POINT('',(0.00168353949652777,-0.0244317035628068,-0.0076428863759749));
#4937=CARTESIAN_POINT('',(0.00168353949652777,-0.0245088659218712,-0.00745940196046533));
#4938=CARTESIAN_POINT('',(0.00174793836805556,-0.019,-0.0104964599609374));
#4939=CARTESIAN_POINT('',(0.00174793836805588,-0.0191902651979511,-0.010496459968579));
#4940=CARTESIAN_POINT('',(0.00174793836805541,-0.019616518336024,-0.010497822982376));
#4941=CARTESIAN_POINT('',(0.00174793836805559,-0.0203867913575651,-0.0104459270072081));
#4942=CARTESIAN_POINT('',(0.00174793836805556,-0.0212016704056983,-0.0102915192193566));
#4943=CARTESIAN_POINT('',(0.00174793836805556,-0.0220389044316929,-0.0100040600155735));
#4944=CARTESIAN_POINT('',(0.00174793836805556,-0.022866693875771,-0.0095658874846026));
#4945=CARTESIAN_POINT('',(0.00174793836805556,-0.0236973550021346,-0.00885228607399028));
#4946=CARTESIAN_POINT('',(0.00174793836805556,-0.0242113713437359,-0.00810522145385474));
#4947=CARTESIAN_POINT('',(0.00174793836805555,-0.0244348188142595,-0.00764433164290173));
#4948=CARTESIAN_POINT('',(0.00174793836805555,-0.0245120288992344,-0.00746073338015367));
#4949=CARTESIAN_POINT('',(0.00187492540147569,-0.019,-0.0104999491373697));
#4950=CARTESIAN_POINT('',(0.00187492540147602,-0.0191902651979253,-0.0104999491419477));
#4951=CARTESIAN_POINT('',(0.00187492540147554,-0.0196165982981318,-0.0105013141003876));
#4952=CARTESIAN_POINT('',(0.00187492540147573,-0.0203872286971602,-0.0104493971038294));
#4953=CARTESIAN_POINT('',(0.00187492540147569,-0.0212025608766402,-0.0102949053499105));
#4954=CARTESIAN_POINT('',(0.00187492540147569,-0.0220402975504035,-0.010007274072553));
#4955=CARTESIAN_POINT('',(0.00187492540147569,-0.0228686481236308,-0.00956881352537218));
#4956=CARTESIAN_POINT('',(0.00187492540147569,-0.0236999900359661,-0.00885462963954094));
#4957=CARTESIAN_POINT('',(0.0018749254014757,-0.0242143931879409,-0.00810699343034755));
#4958=CARTESIAN_POINT('',(0.00187492540147569,-0.0244379863960214,-0.0076458011876715));
#4959=CARTESIAN_POINT('',(0.00187492540147569,-0.0245152450087274,-0.00746208716526765));
#4960=CARTESIAN_POINT('',(0.0019375,-0.019,-0.0104999999999999));
#4961=CARTESIAN_POINT('',(0.00193750000000033,-0.0191902651979249,-0.0105000000026131));
#4962=CARTESIAN_POINT('',(0.00193749999999985,-0.0196165994637605,-0.0105013649922119));
#4963=CARTESIAN_POINT('',(0.00193750000000004,-0.0203872350723719,-0.0104494476880891));
#4964=CARTESIAN_POINT('',(0.0019375,-0.0212025738572703,-0.0102949547104797));
#4965=CARTESIAN_POINT('',(0.0019375,-0.0220403178582409,-0.0100073209246728));
#4966=CARTESIAN_POINT('',(0.0019375,-0.0228686766112668,-0.00956885617905317));
#4967=CARTESIAN_POINT('',(0.0019375,-0.0237000284473219,-0.00885466380222498));
#4968=CARTESIAN_POINT('',(0.0019375,-0.0242144372388405,-0.00810701926115825));
#4969=CARTESIAN_POINT('',(0.0019375,-0.0244380325697062,-0.00764582260925538));
#4970=CARTESIAN_POINT('',(0.0019375,-0.0245152918899132,-0.0074621068994288));
#4971=CARTESIAN_POINT('',(0.002,-0.019,-0.0104999999999999));
#4972=CARTESIAN_POINT('',(0.00200000000000033,-0.0191902651979249,-0.0104999999999999));
#4973=CARTESIAN_POINT('',(0.00199999999999985,-0.0196165994637609,-0.0105013649934249));
#4974=CARTESIAN_POINT('',(0.00200000000000004,-0.0203872350723703,-0.0104494476877636));
#4975=CARTESIAN_POINT('',(0.002,-0.021202573857276,-0.0102949547105688));
#4976=CARTESIAN_POINT('',(0.002,-0.0220403178582198,-0.0100073209246419));
#4977=CARTESIAN_POINT('',(0.002,-0.0228686766113457,-0.00956885617908781));
#4978=CARTESIAN_POINT('',(0.002,-0.0237000284470276,-0.00885466380211735));
#4979=CARTESIAN_POINT('',(0.002,-0.024214437239783,-0.00810701926149793));
#4980=CARTESIAN_POINT('',(0.002,-0.0244380325683774,-0.00764582260877694));
#4981=CARTESIAN_POINT('',(0.002,-0.0245152918887199,-0.00746210689899909));
#4982=MECHANICAL_DESIGN_GEOMETRIC_PRESENTATION_REPRESENTATION('',(#747),
#4983);
#4983=(
GEOMETRIC_REPRESENTATION_CONTEXT(3)
GLOBAL_UNCERTAINTY_ASSIGNED_CONTEXT((#4984))
GLOBAL_UNIT_ASSIGNED_CONTEXT((#4987,#4986,#4985))
REPRESENTATION_CONTEXT('XAxis-KW12Holder','TOP_LEVEL_ASSEMBLY_PART')
);
#4984=UNCERTAINTY_MEASURE_WITH_UNIT(LENGTH_MEASURE(2.0000000005114E-5),
#4987,'DISTANCE_ACCURACY_VALUE','Maximum Tolerance applied to model');
#4985=(
NAMED_UNIT(*)
SI_UNIT($,.STERADIAN.)
SOLID_ANGLE_UNIT()
);
#4986=(
NAMED_UNIT(*)
PLANE_ANGLE_UNIT()
SI_UNIT($,.RADIAN.)
);
#4987=(
LENGTH_UNIT()
NAMED_UNIT(*)
SI_UNIT($,.METRE.)
);
#4988=PRODUCT_DEFINITION_SHAPE('','',#4989);
#4989=PRODUCT_DEFINITION('','',#4991,#4990);
#4990=PRODUCT_DEFINITION_CONTEXT('',#4997,'design');
#4991=PRODUCT_DEFINITION_FORMATION_WITH_SPECIFIED_SOURCE('','',#4993,
 .NOT_KNOWN.);
#4992=PRODUCT_RELATED_PRODUCT_CATEGORY('','',(#4993));
#4993=PRODUCT('XAxis-KW12Holder','XAxis-KW12Holder','XAxis-KW12Holder',
(#4995));
#4994=PRODUCT_CATEGORY('','');
#4995=PRODUCT_CONTEXT('',#4997,'mechanical');
#4996=APPLICATION_PROTOCOL_DEFINITION('international standard',
'ap242_managed_model_based_3d_engineering',2020,#4997);
#4997=APPLICATION_CONTEXT('managed model based 3d engineering');
ENDSEC;
END-ISO-10303-21;
