ISO-10303-21;
HEADER;
/* Generated by software containing ST-Developer
 * from STEP Tools, Inc. (www.steptools.com) 
 */
/* OPTION: using custom renumber hook */

FILE_DESCRIPTION(
/* description */ ('STEP AP242 Edition 2',
'CAx-IF Rec.Pracs.---Representation and Presentation of Product Manufa
cturing Information (PMI)---4.0---2014-10-13',
'CAx-IF Rec.Pracs.---3D Tessellated Geometry---0.4---2014-09-14','2;1',
'CAx-IF Rec.Pracs.---User Defined Attributes---1.5---2016-08-15'),
/* implementation_level */ '2;1');

FILE_NAME(
/* name */ 'Router - XAxis-KW12Holder',
/* time_stamp */ '2026-08-15T23:20:15Z',
/* author */ (''),
/* organization */ (''),
/* preprocessor_version */ 'ST-DEVELOPER v20',
/* originating_system */ 'ONSHAPE BY PTC INC, 1.219',
/* authorisation */ '  ');

FILE_SCHEMA (('AP242_MANAGED_MODEL_BASED_3D_ENGINEERING_MIM_LF { 1 0 10303 442 3 1 4 }'));
ENDSEC;

DATA;
#10=SHAPE_REPRESENTATION_RELATIONSHIP('','',#823,#11);
#11=ADVANCED_BREP_SHAPE_REPRESENTATION('',(#821),#6167);
#12=B_SPLINE_SURFACE_WITH_KNOTS('',5,1,((#1346,#1347),(#1348,#1349),(#1350,
#1351),(#1352,#1353),(#1354,#1355),(#1356,#1357),(#1358,#1359),(#1360,#1361)),
 .SURF_OF_LINEAR_EXTRUSION.,.F.,.F.,.F.,(6,2,6),(2,2),(0.,0.5,1.),(0.,1.),
 .UNSPECIFIED.);
#13=B_SPLINE_SURFACE_WITH_KNOTS('',5,1,((#1376,#1377),(#1378,#1379),(#1380,
#1381),(#1382,#1383),(#1384,#1385),(#1386,#1387),(#1388,#1389),(#1390,#1391)),
 .SURF_OF_LINEAR_EXTRUSION.,.F.,.F.,.F.,(6,2,6),(2,2),(0.,0.5,1.),(0.,1.),
 .UNSPECIFIED.);
#14=B_SPLINE_SURFACE_WITH_KNOTS('',3,1,((#1406,#1407),(#1408,#1409),(#1410,
#1411),(#1412,#1413),(#1414,#1415),(#1416,#1417),(#1418,#1419)),
 .SURF_OF_LINEAR_EXTRUSION.,.F.,.F.,.F.,(4,1,1,1,4),(2,2),(-1.89984596107094E-16,
0.171246392274193,0.342492784548386,0.513739176822579,0.684985569096772),
(0.,1.),.UNSPECIFIED.);
#15=B_SPLINE_SURFACE_WITH_KNOTS('',3,1,((#1434,#1435),(#1436,#1437),(#1438,
#1439),(#1440,#1441),(#1442,#1443),(#1444,#1445),(#1446,#1447)),
 .SURF_OF_LINEAR_EXTRUSION.,.F.,.F.,.F.,(4,1,1,1,4),(2,2),(-1.5808342289524E-14,
0.171246392274182,0.342492784548379,0.513739176822577,0.684985569096774),
(0.,1.),.UNSPECIFIED.);
#16=B_SPLINE_SURFACE_WITH_KNOTS('',3,3,((#1462,#1463,#1464,#1465,#1466,
#1467,#1468,#1469,#1470,#1471,#1472),(#1473,#1474,#1475,#1476,#1477,#1478,
#1479,#1480,#1481,#1482,#1483),(#1484,#1485,#1486,#1487,#1488,#1489,#1490,
#1491,#1492,#1493,#1494),(#1495,#1496,#1497,#1498,#1499,#1500,#1501,#1502,
#1503,#1504,#1505),(#1506,#1507,#1508,#1509,#1510,#1511,#1512,#1513,#1514,
#1515,#1516),(#1517,#1518,#1519,#1520,#1521,#1522,#1523,#1524,#1525,#1526,
#1527),(#1528,#1529,#1530,#1531,#1532,#1533,#1534,#1535,#1536,#1537,#1538),
(#1539,#1540,#1541,#1542,#1543,#1544,#1545,#1546,#1547,#1548,#1549),(#1550,
#1551,#1552,#1553,#1554,#1555,#1556,#1557,#1558,#1559,#1560),(#1561,#1562,
#1563,#1564,#1565,#1566,#1567,#1568,#1569,#1570,#1571),(#1572,#1573,#1574,
#1575,#1576,#1577,#1578,#1579,#1580,#1581,#1582),(#1583,#1584,#1585,#1586,
#1587,#1588,#1589,#1590,#1591,#1592,#1593),(#1594,#1595,#1596,#1597,#1598,
#1599,#1600,#1601,#1602,#1603,#1604),(#1605,#1606,#1607,#1608,#1609,#1610,
#1611,#1612,#1613,#1614,#1615),(#1616,#1617,#1618,#1619,#1620,#1621,#1622,
#1623,#1624,#1625,#1626),(#1627,#1628,#1629,#1630,#1631,#1632,#1633,#1634,
#1635,#1636,#1637),(#1638,#1639,#1640,#1641,#1642,#1643,#1644,#1645,#1646,
#1647,#1648),(#1649,#1650,#1651,#1652,#1653,#1654,#1655,#1656,#1657,#1658,
#1659),(#1660,#1661,#1662,#1663,#1664,#1665,#1666,#1667,#1668,#1669,#1670),
(#1671,#1672,#1673,#1674,#1675,#1676,#1677,#1678,#1679,#1680,#1681),(#1682,
#1683,#1684,#1685,#1686,#1687,#1688,#1689,#1690,#1691,#1692),(#1693,#1694,
#1695,#1696,#1697,#1698,#1699,#1700,#1701,#1702,#1703)),.UNSPECIFIED.,.F.,
 .F.,.F.,(4,2,2,2,2,2,2,2,2,2,4),(4,1,1,1,1,1,1,1,4),(0.,0.0625,0.125,0.25,
0.375,0.5,0.625,0.75,0.875,0.9375,1.),(0.,0.000565821905606164,0.00113164381121233,
0.00169746571681849,0.00226328762242465,0.00282910952803082,0.00339493143363698,
0.00396075333924315,0.00433705652177885),.UNSPECIFIED.);
#17=B_SPLINE_SURFACE_WITH_KNOTS('',3,3,((#1711,#1712,#1713,#1714,#1715,
#1716,#1717,#1718,#1719,#1720,#1721),(#1722,#1723,#1724,#1725,#1726,#1727,
#1728,#1729,#1730,#1731,#1732),(#1733,#1734,#1735,#1736,#1737,#1738,#1739,
#1740,#1741,#1742,#1743),(#1744,#1745,#1746,#1747,#1748,#1749,#1750,#1751,
#1752,#1753,#1754),(#1755,#1756,#1757,#1758,#1759,#1760,#1761,#1762,#1763,
#1764,#1765),(#1766,#1767,#1768,#1769,#1770,#1771,#1772,#1773,#1774,#1775,
#1776),(#1777,#1778,#1779,#1780,#1781,#1782,#1783,#1784,#1785,#1786,#1787),
(#1788,#1789,#1790,#1791,#1792,#1793,#1794,#1795,#1796,#1797,#1798),(#1799,
#1800,#1801,#1802,#1803,#1804,#1805,#1806,#1807,#1808,#1809),(#1810,#1811,
#1812,#1813,#1814,#1815,#1816,#1817,#1818,#1819,#1820),(#1821,#1822,#1823,
#1824,#1825,#1826,#1827,#1828,#1829,#1830,#1831),(#1832,#1833,#1834,#1835,
#1836,#1837,#1838,#1839,#1840,#1841,#1842),(#1843,#1844,#1845,#1846,#1847,
#1848,#1849,#1850,#1851,#1852,#1853),(#1854,#1855,#1856,#1857,#1858,#1859,
#1860,#1861,#1862,#1863,#1864),(#1865,#1866,#1867,#1868,#1869,#1870,#1871,
#1872,#1873,#1874,#1875),(#1876,#1877,#1878,#1879,#1880,#1881,#1882,#1883,
#1884,#1885,#1886),(#1887,#1888,#1889,#1890,#1891,#1892,#1893,#1894,#1895,
#1896,#1897),(#1898,#1899,#1900,#1901,#1902,#1903,#1904,#1905,#1906,#1907,
#1908),(#1909,#1910,#1911,#1912,#1913,#1914,#1915,#1916,#1917,#1918,#1919),
(#1920,#1921,#1922,#1923,#1924,#1925,#1926,#1927,#1928,#1929,#1930),(#1931,
#1932,#1933,#1934,#1935,#1936,#1937,#1938,#1939,#1940,#1941),(#1942,#1943,
#1944,#1945,#1946,#1947,#1948,#1949,#1950,#1951,#1952)),.UNSPECIFIED.,.F.,
 .F.,.F.,(4,2,2,2,2,2,2,2,2,2,4),(4,1,1,1,1,1,1,1,4),(0.,0.0625,0.125,0.25,
0.375,0.5,0.625,0.75,0.875,0.9375,1.),(0.,0.000565821905606159,0.00113164381121232,
0.00169746571681848,0.00226328762242463,0.00282910952803079,0.00339493143363695,
0.00396075333924311,0.00433705652178131),.UNSPECIFIED.);
#18=B_SPLINE_SURFACE_WITH_KNOTS('',5,1,((#1960,#1961),(#1962,#1963),(#1964,
#1965),(#1966,#1967),(#1968,#1969),(#1970,#1971),(#1972,#1973),(#1974,#1975)),
 .SURF_OF_LINEAR_EXTRUSION.,.F.,.F.,.F.,(6,2,6),(2,2),(0.,0.5,1.),(0.,1.),
 .UNSPECIFIED.);
#19=B_SPLINE_SURFACE_WITH_KNOTS('',5,1,((#1996,#1997),(#1998,#1999),(#2000,
#2001),(#2002,#2003),(#2004,#2005),(#2006,#2007),(#2008,#2009),(#2010,#2011)),
 .SURF_OF_LINEAR_EXTRUSION.,.F.,.F.,.F.,(6,2,6),(2,2),(0.,0.5,1.),(0.,1.),
 .UNSPECIFIED.);
#20=B_SPLINE_SURFACE_WITH_KNOTS('',3,3,((#2019,#2020,#2021,#2022,#2023,
#2024,#2025,#2026,#2027,#2028,#2029),(#2030,#2031,#2032,#2033,#2034,#2035,
#2036,#2037,#2038,#2039,#2040),(#2041,#2042,#2043,#2044,#2045,#2046,#2047,
#2048,#2049,#2050,#2051),(#2052,#2053,#2054,#2055,#2056,#2057,#2058,#2059,
#2060,#2061,#2062),(#2063,#2064,#2065,#2066,#2067,#2068,#2069,#2070,#2071,
#2072,#2073),(#2074,#2075,#2076,#2077,#2078,#2079,#2080,#2081,#2082,#2083,
#2084),(#2085,#2086,#2087,#2088,#2089,#2090,#2091,#2092,#2093,#2094,#2095),
(#2096,#2097,#2098,#2099,#2100,#2101,#2102,#2103,#2104,#2105,#2106),(#2107,
#2108,#2109,#2110,#2111,#2112,#2113,#2114,#2115,#2116,#2117),(#2118,#2119,
#2120,#2121,#2122,#2123,#2124,#2125,#2126,#2127,#2128),(#2129,#2130,#2131,
#2132,#2133,#2134,#2135,#2136,#2137,#2138,#2139),(#2140,#2141,#2142,#2143,
#2144,#2145,#2146,#2147,#2148,#2149,#2150),(#2151,#2152,#2153,#2154,#2155,
#2156,#2157,#2158,#2159,#2160,#2161),(#2162,#2163,#2164,#2165,#2166,#2167,
#2168,#2169,#2170,#2171,#2172),(#2173,#2174,#2175,#2176,#2177,#2178,#2179,
#2180,#2181,#2182,#2183),(#2184,#2185,#2186,#2187,#2188,#2189,#2190,#2191,
#2192,#2193,#2194),(#2195,#2196,#2197,#2198,#2199,#2200,#2201,#2202,#2203,
#2204,#2205),(#2206,#2207,#2208,#2209,#2210,#2211,#2212,#2213,#2214,#2215,
#2216),(#2217,#2218,#2219,#2220,#2221,#2222,#2223,#2224,#2225,#2226,#2227),
(#2228,#2229,#2230,#2231,#2232,#2233,#2234,#2235,#2236,#2237,#2238),(#2239,
#2240,#2241,#2242,#2243,#2244,#2245,#2246,#2247,#2248,#2249),(#2250,#2251,
#2252,#2253,#2254,#2255,#2256,#2257,#2258,#2259,#2260)),.UNSPECIFIED.,.F.,
 .F.,.F.,(4,2,2,2,2,2,2,2,2,2,4),(4,1,1,1,1,1,1,1,4),(0.,0.0625,0.125,0.25,
0.375,0.5,0.625,0.75,0.875,0.9375,1.),(0.,0.000565821905606161,0.00113164381121232,
0.00169746571681848,0.00226328762242464,0.00282910952803081,0.00339493143363697,
0.00396075333924313,0.0043370565217789),.UNSPECIFIED.);
#21=B_SPLINE_SURFACE_WITH_KNOTS('',3,3,((#2268,#2269,#2270,#2271,#2272,
#2273,#2274,#2275,#2276,#2277,#2278,#2279,#2280,#2281,#2282,#2283,#2284),
(#2285,#2286,#2287,#2288,#2289,#2290,#2291,#2292,#2293,#2294,#2295,#2296,
#2297,#2298,#2299,#2300,#2301),(#2302,#2303,#2304,#2305,#2306,#2307,#2308,
#2309,#2310,#2311,#2312,#2313,#2314,#2315,#2316,#2317,#2318),(#2319,#2320,
#2321,#2322,#2323,#2324,#2325,#2326,#2327,#2328,#2329,#2330,#2331,#2332,
#2333,#2334,#2335),(#2336,#2337,#2338,#2339,#2340,#2341,#2342,#2343,#2344,
#2345,#2346,#2347,#2348,#2349,#2350,#2351,#2352),(#2353,#2354,#2355,#2356,
#2357,#2358,#2359,#2360,#2361,#2362,#2363,#2364,#2365,#2366,#2367,#2368,
#2369),(#2370,#2371,#2372,#2373,#2374,#2375,#2376,#2377,#2378,#2379,#2380,
#2381,#2382,#2383,#2384,#2385,#2386),(#2387,#2388,#2389,#2390,#2391,#2392,
#2393,#2394,#2395,#2396,#2397,#2398,#2399,#2400,#2401,#2402,#2403),(#2404,
#2405,#2406,#2407,#2408,#2409,#2410,#2411,#2412,#2413,#2414,#2415,#2416,
#2417,#2418,#2419,#2420),(#2421,#2422,#2423,#2424,#2425,#2426,#2427,#2428,
#2429,#2430,#2431,#2432,#2433,#2434,#2435,#2436,#2437),(#2438,#2439,#2440,
#2441,#2442,#2443,#2444,#2445,#2446,#2447,#2448,#2449,#2450,#2451,#2452,
#2453,#2454),(#2455,#2456,#2457,#2458,#2459,#2460,#2461,#2462,#2463,#2464,
#2465,#2466,#2467,#2468,#2469,#2470,#2471),(#2472,#2473,#2474,#2475,#2476,
#2477,#2478,#2479,#2480,#2481,#2482,#2483,#2484,#2485,#2486,#2487,#2488),
(#2489,#2490,#2491,#2492,#2493,#2494,#2495,#2496,#2497,#2498,#2499,#2500,
#2501,#2502,#2503,#2504,#2505),(#2506,#2507,#2508,#2509,#2510,#2511,#2512,
#2513,#2514,#2515,#2516,#2517,#2518,#2519,#2520,#2521,#2522),(#2523,#2524,
#2525,#2526,#2527,#2528,#2529,#2530,#2531,#2532,#2533,#2534,#2535,#2536,
#2537,#2538,#2539),(#2540,#2541,#2542,#2543,#2544,#2545,#2546,#2547,#2548,
#2549,#2550,#2551,#2552,#2553,#2554,#2555,#2556),(#2557,#2558,#2559,#2560,
#2561,#2562,#2563,#2564,#2565,#2566,#2567,#2568,#2569,#2570,#2571,#2572,
#2573),(#2574,#2575,#2576,#2577,#2578,#2579,#2580,#2581,#2582,#2583,#2584,
#2585,#2586,#2587,#2588,#2589,#2590),(#2591,#2592,#2593,#2594,#2595,#2596,
#2597,#2598,#2599,#2600,#2601,#2602,#2603,#2604,#2605,#2606,#2607),(#2608,
#2609,#2610,#2611,#2612,#2613,#2614,#2615,#2616,#2617,#2618,#2619,#2620,
#2621,#2622,#2623,#2624),(#2625,#2626,#2627,#2628,#2629,#2630,#2631,#2632,
#2633,#2634,#2635,#2636,#2637,#2638,#2639,#2640,#2641)),.UNSPECIFIED.,.F.,
 .F.,.F.,(4,2,2,2,2,2,2,2,2,2,4),(4,1,2,2,1,1,1,2,2,1,4),(0.,0.0625,0.125,
0.25,0.375,0.5,0.625,0.75,0.875,0.9375,1.),(0.,0.000392886472829664,0.000785772945659328,
0.00157154589131866,0.00235731883697798,0.00314309178263731,0.00392886472829664,
0.00471463767395597,0.00550041061961529,0.00589329709244496,0.00628618356527462),
 .UNSPECIFIED.);
#22=B_SPLINE_SURFACE_WITH_KNOTS('',5,1,((#2649,#2650),(#2651,#2652),(#2653,
#2654),(#2655,#2656),(#2657,#2658),(#2659,#2660),(#2661,#2662),(#2663,#2664)),
 .SURF_OF_LINEAR_EXTRUSION.,.F.,.F.,.F.,(6,2,6),(2,2),(0.,0.5,1.),(0.,1.),
 .UNSPECIFIED.);
#23=B_SPLINE_SURFACE_WITH_KNOTS('',5,1,((#2685,#2686),(#2687,#2688),(#2689,
#2690),(#2691,#2692),(#2693,#2694),(#2695,#2696),(#2697,#2698),(#2699,#2700)),
 .SURF_OF_LINEAR_EXTRUSION.,.F.,.F.,.F.,(6,2,6),(2,2),(0.,0.5,1.00000000117235),
(0.,1.),.UNSPECIFIED.);
#24=B_SPLINE_SURFACE_WITH_KNOTS('',5,1,((#2747,#2748),(#2749,#2750),(#2751,
#2752),(#2753,#2754),(#2755,#2756),(#2757,#2758),(#2759,#2760),(#2761,#2762)),
 .SURF_OF_LINEAR_EXTRUSION.,.F.,.F.,.F.,(6,2,6),(2,2),(-1.17235430039219E-9,
0.5,1.),(0.,1.),.UNSPECIFIED.);
#25=B_SPLINE_SURFACE_WITH_KNOTS('',5,1,((#2809,#2810),(#2811,#2812),(#2813,
#2814),(#2815,#2816),(#2817,#2818),(#2819,#2820),(#2821,#2822),(#2823,#2824)),
 .SURF_OF_LINEAR_EXTRUSION.,.F.,.F.,.F.,(6,2,6),(2,2),(0.,0.5,1.),(0.,1.),
 .UNSPECIFIED.);
#26=B_SPLINE_SURFACE_WITH_KNOTS('',3,3,((#2832,#2833,#2834,#2835,#2836,
#2837,#2838,#2839,#2840,#2841,#2842),(#2843,#2844,#2845,#2846,#2847,#2848,
#2849,#2850,#2851,#2852,#2853),(#2854,#2855,#2856,#2857,#2858,#2859,#2860,
#2861,#2862,#2863,#2864),(#2865,#2866,#2867,#2868,#2869,#2870,#2871,#2872,
#2873,#2874,#2875),(#2876,#2877,#2878,#2879,#2880,#2881,#2882,#2883,#2884,
#2885,#2886),(#2887,#2888,#2889,#2890,#2891,#2892,#2893,#2894,#2895,#2896,
#2897),(#2898,#2899,#2900,#2901,#2902,#2903,#2904,#2905,#2906,#2907,#2908),
(#2909,#2910,#2911,#2912,#2913,#2914,#2915,#2916,#2917,#2918,#2919),(#2920,
#2921,#2922,#2923,#2924,#2925,#2926,#2927,#2928,#2929,#2930),(#2931,#2932,
#2933,#2934,#2935,#2936,#2937,#2938,#2939,#2940,#2941),(#2942,#2943,#2944,
#2945,#2946,#2947,#2948,#2949,#2950,#2951,#2952),(#2953,#2954,#2955,#2956,
#2957,#2958,#2959,#2960,#2961,#2962,#2963),(#2964,#2965,#2966,#2967,#2968,
#2969,#2970,#2971,#2972,#2973,#2974),(#2975,#2976,#2977,#2978,#2979,#2980,
#2981,#2982,#2983,#2984,#2985),(#2986,#2987,#2988,#2989,#2990,#2991,#2992,
#2993,#2994,#2995,#2996),(#2997,#2998,#2999,#3000,#3001,#3002,#3003,#3004,
#3005,#3006,#3007),(#3008,#3009,#3010,#3011,#3012,#3013,#3014,#3015,#3016,
#3017,#3018),(#3019,#3020,#3021,#3022,#3023,#3024,#3025,#3026,#3027,#3028,
#3029),(#3030,#3031,#3032,#3033,#3034,#3035,#3036,#3037,#3038,#3039,#3040),
(#3041,#3042,#3043,#3044,#3045,#3046,#3047,#3048,#3049,#3050,#3051),(#3052,
#3053,#3054,#3055,#3056,#3057,#3058,#3059,#3060,#3061,#3062),(#3063,#3064,
#3065,#3066,#3067,#3068,#3069,#3070,#3071,#3072,#3073)),.UNSPECIFIED.,.F.,
 .F.,.F.,(4,2,2,2,2,2,2,2,2,2,4),(4,1,1,1,1,1,1,1,4),(0.,0.0625,0.125,0.25,
0.375,0.5,0.625,0.75,0.875,0.9375,1.),(0.,0.00056582190560616,0.00113164381121232,
0.00169746571681848,0.00226328762242464,0.0028291095280308,0.00339493143363696,
0.00396075333924312,0.00433705652177652),.UNSPECIFIED.);
#27=B_SPLINE_SURFACE_WITH_KNOTS('',3,3,((#3081,#3082,#3083,#3084,#3085,
#3086,#3087,#3088,#3089,#3090,#3091,#3092,#3093,#3094,#3095,#3096,#3097),
(#3098,#3099,#3100,#3101,#3102,#3103,#3104,#3105,#3106,#3107,#3108,#3109,
#3110,#3111,#3112,#3113,#3114),(#3115,#3116,#3117,#3118,#3119,#3120,#3121,
#3122,#3123,#3124,#3125,#3126,#3127,#3128,#3129,#3130,#3131),(#3132,#3133,
#3134,#3135,#3136,#3137,#3138,#3139,#3140,#3141,#3142,#3143,#3144,#3145,
#3146,#3147,#3148),(#3149,#3150,#3151,#3152,#3153,#3154,#3155,#3156,#3157,
#3158,#3159,#3160,#3161,#3162,#3163,#3164,#3165),(#3166,#3167,#3168,#3169,
#3170,#3171,#3172,#3173,#3174,#3175,#3176,#3177,#3178,#3179,#3180,#3181,
#3182),(#3183,#3184,#3185,#3186,#3187,#3188,#3189,#3190,#3191,#3192,#3193,
#3194,#3195,#3196,#3197,#3198,#3199),(#3200,#3201,#3202,#3203,#3204,#3205,
#3206,#3207,#3208,#3209,#3210,#3211,#3212,#3213,#3214,#3215,#3216),(#3217,
#3218,#3219,#3220,#3221,#3222,#3223,#3224,#3225,#3226,#3227,#3228,#3229,
#3230,#3231,#3232,#3233),(#3234,#3235,#3236,#3237,#3238,#3239,#3240,#3241,
#3242,#3243,#3244,#3245,#3246,#3247,#3248,#3249,#3250),(#3251,#3252,#3253,
#3254,#3255,#3256,#3257,#3258,#3259,#3260,#3261,#3262,#3263,#3264,#3265,
#3266,#3267),(#3268,#3269,#3270,#3271,#3272,#3273,#3274,#3275,#3276,#3277,
#3278,#3279,#3280,#3281,#3282,#3283,#3284),(#3285,#3286,#3287,#3288,#3289,
#3290,#3291,#3292,#3293,#3294,#3295,#3296,#3297,#3298,#3299,#3300,#3301),
(#3302,#3303,#3304,#3305,#3306,#3307,#3308,#3309,#3310,#3311,#3312,#3313,
#3314,#3315,#3316,#3317,#3318),(#3319,#3320,#3321,#3322,#3323,#3324,#3325,
#3326,#3327,#3328,#3329,#3330,#3331,#3332,#3333,#3334,#3335),(#3336,#3337,
#3338,#3339,#3340,#3341,#3342,#3343,#3344,#3345,#3346,#3347,#3348,#3349,
#3350,#3351,#3352),(#3353,#3354,#3355,#3356,#3357,#3358,#3359,#3360,#3361,
#3362,#3363,#3364,#3365,#3366,#3367,#3368,#3369),(#3370,#3371,#3372,#3373,
#3374,#3375,#3376,#3377,#3378,#3379,#3380,#3381,#3382,#3383,#3384,#3385,
#3386),(#3387,#3388,#3389,#3390,#3391,#3392,#3393,#3394,#3395,#3396,#3397,
#3398,#3399,#3400,#3401,#3402,#3403),(#3404,#3405,#3406,#3407,#3408,#3409,
#3410,#3411,#3412,#3413,#3414,#3415,#3416,#3417,#3418,#3419,#3420),(#3421,
#3422,#3423,#3424,#3425,#3426,#3427,#3428,#3429,#3430,#3431,#3432,#3433,
#3434,#3435,#3436,#3437),(#3438,#3439,#3440,#3441,#3442,#3443,#3444,#3445,
#3446,#3447,#3448,#3449,#3450,#3451,#3452,#3453,#3454)),.UNSPECIFIED.,.F.,
 .F.,.F.,(4,2,2,2,2,2,2,2,2,2,4),(4,1,2,2,1,1,1,2,2,1,4),(0.,0.0625,0.125,
0.25,0.375,0.5,0.625,0.75,0.875,0.9375,1.),(0.,0.000392886472829663,0.000785772945659326,
0.00157154589131865,0.00235731883697798,0.0031430917826373,0.00392886472829663,
0.00471463767395596,0.00550041061961528,0.00589329709244495,0.00628618356527461),
 .UNSPECIFIED.);
#28=B_SPLINE_SURFACE_WITH_KNOTS('',5,1,((#3462,#3463),(#3464,#3465),(#3466,
#3467),(#3468,#3469),(#3470,#3471),(#3472,#3473),(#3474,#3475),(#3476,#3477)),
 .SURF_OF_LINEAR_EXTRUSION.,.F.,.F.,.F.,(6,2,6),(2,2),(0.,0.5,1.),(0.,1.),
 .UNSPECIFIED.);
#29=B_SPLINE_SURFACE_WITH_KNOTS('',5,1,((#3485,#3486),(#3487,#3488),(#3489,
#3490),(#3491,#3492),(#3493,#3494),(#3495,#3496),(#3497,#3498),(#3499,#3500)),
 .SURF_OF_LINEAR_EXTRUSION.,.F.,.F.,.F.,(6,2,6),(2,2),(-1.17233541428604E-9,
0.5,1.),(0.,1.),.UNSPECIFIED.);
#30=B_SPLINE_SURFACE_WITH_KNOTS('',5,1,((#3547,#3548),(#3549,#3550),(#3551,
#3552),(#3553,#3554),(#3555,#3556),(#3557,#3558),(#3559,#3560),(#3561,#3562)),
 .SURF_OF_LINEAR_EXTRUSION.,.F.,.F.,.F.,(6,2,6),(2,2),(0.,0.5,1.00000000117236),
(0.,1.),.UNSPECIFIED.);
#31=B_SPLINE_SURFACE_WITH_KNOTS('',5,1,((#3609,#3610),(#3611,#3612),(#3613,
#3614),(#3615,#3616),(#3617,#3618),(#3619,#3620),(#3621,#3622),(#3623,#3624)),
 .SURF_OF_LINEAR_EXTRUSION.,.F.,.F.,.F.,(6,2,6),(2,2),(0.,0.5,1.),(0.,1.),
 .UNSPECIFIED.);
#32=B_SPLINE_SURFACE_WITH_KNOTS('',5,1,((#3652,#3653),(#3654,#3655),(#3656,
#3657),(#3658,#3659),(#3660,#3661),(#3662,#3663),(#3664,#3665),(#3666,#3667)),
 .SURF_OF_LINEAR_EXTRUSION.,.F.,.F.,.F.,(6,2,6),(2,2),(0.,0.5,1.),(0.,1.),
 .UNSPECIFIED.);
#33=B_SPLINE_SURFACE_WITH_KNOTS('',3,3,((#3675,#3676,#3677,#3678,#3679,
#3680,#3681,#3682,#3683,#3684,#3685,#3686,#3687,#3688,#3689,#3690,#3691),
(#3692,#3693,#3694,#3695,#3696,#3697,#3698,#3699,#3700,#3701,#3702,#3703,
#3704,#3705,#3706,#3707,#3708),(#3709,#3710,#3711,#3712,#3713,#3714,#3715,
#3716,#3717,#3718,#3719,#3720,#3721,#3722,#3723,#3724,#3725),(#3726,#3727,
#3728,#3729,#3730,#3731,#3732,#3733,#3734,#3735,#3736,#3737,#3738,#3739,
#3740,#3741,#3742),(#3743,#3744,#3745,#3746,#3747,#3748,#3749,#3750,#3751,
#3752,#3753,#3754,#3755,#3756,#3757,#3758,#3759),(#3760,#3761,#3762,#3763,
#3764,#3765,#3766,#3767,#3768,#3769,#3770,#3771,#3772,#3773,#3774,#3775,
#3776),(#3777,#3778,#3779,#3780,#3781,#3782,#3783,#3784,#3785,#3786,#3787,
#3788,#3789,#3790,#3791,#3792,#3793),(#3794,#3795,#3796,#3797,#3798,#3799,
#3800,#3801,#3802,#3803,#3804,#3805,#3806,#3807,#3808,#3809,#3810),(#3811,
#3812,#3813,#3814,#3815,#3816,#3817,#3818,#3819,#3820,#3821,#3822,#3823,
#3824,#3825,#3826,#3827),(#3828,#3829,#3830,#3831,#3832,#3833,#3834,#3835,
#3836,#3837,#3838,#3839,#3840,#3841,#3842,#3843,#3844),(#3845,#3846,#3847,
#3848,#3849,#3850,#3851,#3852,#3853,#3854,#3855,#3856,#3857,#3858,#3859,
#3860,#3861),(#3862,#3863,#3864,#3865,#3866,#3867,#3868,#3869,#3870,#3871,
#3872,#3873,#3874,#3875,#3876,#3877,#3878),(#3879,#3880,#3881,#3882,#3883,
#3884,#3885,#3886,#3887,#3888,#3889,#3890,#3891,#3892,#3893,#3894,#3895),
(#3896,#3897,#3898,#3899,#3900,#3901,#3902,#3903,#3904,#3905,#3906,#3907,
#3908,#3909,#3910,#3911,#3912),(#3913,#3914,#3915,#3916,#3917,#3918,#3919,
#3920,#3921,#3922,#3923,#3924,#3925,#3926,#3927,#3928,#3929),(#3930,#3931,
#3932,#3933,#3934,#3935,#3936,#3937,#3938,#3939,#3940,#3941,#3942,#3943,
#3944,#3945,#3946),(#3947,#3948,#3949,#3950,#3951,#3952,#3953,#3954,#3955,
#3956,#3957,#3958,#3959,#3960,#3961,#3962,#3963),(#3964,#3965,#3966,#3967,
#3968,#3969,#3970,#3971,#3972,#3973,#3974,#3975,#3976,#3977,#3978,#3979,
#3980),(#3981,#3982,#3983,#3984,#3985,#3986,#3987,#3988,#3989,#3990,#3991,
#3992,#3993,#3994,#3995,#3996,#3997),(#3998,#3999,#4000,#4001,#4002,#4003,
#4004,#4005,#4006,#4007,#4008,#4009,#4010,#4011,#4012,#4013,#4014),(#4015,
#4016,#4017,#4018,#4019,#4020,#4021,#4022,#4023,#4024,#4025,#4026,#4027,
#4028,#4029,#4030,#4031),(#4032,#4033,#4034,#4035,#4036,#4037,#4038,#4039,
#4040,#4041,#4042,#4043,#4044,#4045,#4046,#4047,#4048)),.UNSPECIFIED.,.F.,
 .F.,.F.,(4,2,2,2,2,2,2,2,2,2,4),(4,1,2,2,1,1,1,2,2,1,4),(0.,0.0625,0.125,
0.25,0.375,0.5,0.625,0.75,0.875,0.9375,1.),(0.,0.000392886472829663,0.000785772945659326,
0.00157154589131865,0.00235731883697798,0.0031430917826373,0.00392886472829663,
0.00471463767395596,0.00550041061961528,0.00589329709244495,0.00628618356527461),
 .UNSPECIFIED.);
#34=B_SPLINE_SURFACE_WITH_KNOTS('',5,1,((#4056,#4057),(#4058,#4059),(#4060,
#4061),(#4062,#4063),(#4064,#4065),(#4066,#4067),(#4068,#4069),(#4070,#4071)),
 .SURF_OF_LINEAR_EXTRUSION.,.F.,.F.,.F.,(6,2,6),(2,2),(0.,0.5,1.),(0.,1.),
 .UNSPECIFIED.);
#35=B_SPLINE_SURFACE_WITH_KNOTS('',5,1,((#4079,#4080),(#4081,#4082),(#4083,
#4084),(#4085,#4086),(#4087,#4088),(#4089,#4090),(#4091,#4092),(#4093,#4094)),
 .SURF_OF_LINEAR_EXTRUSION.,.F.,.F.,.F.,(6,2,6),(2,2),(0.,0.5,1.),(0.,1.),
 .UNSPECIFIED.);
#36=B_SPLINE_SURFACE_WITH_KNOTS('',5,1,((#4122,#4123),(#4124,#4125),(#4126,
#4127),(#4128,#4129),(#4130,#4131),(#4132,#4133),(#4134,#4135),(#4136,#4137)),
 .SURF_OF_LINEAR_EXTRUSION.,.F.,.F.,.F.,(6,2,6),(2,2),(0.,0.5,1.),(0.,1.),
 .UNSPECIFIED.);
#37=B_SPLINE_SURFACE_WITH_KNOTS('',3,3,((#4152,#4153,#4154,#4155,#4156,
#4157,#4158,#4159,#4160,#4161,#4162,#4163,#4164,#4165,#4166,#4167,#4168),
(#4169,#4170,#4171,#4172,#4173,#4174,#4175,#4176,#4177,#4178,#4179,#4180,
#4181,#4182,#4183,#4184,#4185),(#4186,#4187,#4188,#4189,#4190,#4191,#4192,
#4193,#4194,#4195,#4196,#4197,#4198,#4199,#4200,#4201,#4202),(#4203,#4204,
#4205,#4206,#4207,#4208,#4209,#4210,#4211,#4212,#4213,#4214,#4215,#4216,
#4217,#4218,#4219),(#4220,#4221,#4222,#4223,#4224,#4225,#4226,#4227,#4228,
#4229,#4230,#4231,#4232,#4233,#4234,#4235,#4236),(#4237,#4238,#4239,#4240,
#4241,#4242,#4243,#4244,#4245,#4246,#4247,#4248,#4249,#4250,#4251,#4252,
#4253),(#4254,#4255,#4256,#4257,#4258,#4259,#4260,#4261,#4262,#4263,#4264,
#4265,#4266,#4267,#4268,#4269,#4270),(#4271,#4272,#4273,#4274,#4275,#4276,
#4277,#4278,#4279,#4280,#4281,#4282,#4283,#4284,#4285,#4286,#4287),(#4288,
#4289,#4290,#4291,#4292,#4293,#4294,#4295,#4296,#4297,#4298,#4299,#4300,
#4301,#4302,#4303,#4304),(#4305,#4306,#4307,#4308,#4309,#4310,#4311,#4312,
#4313,#4314,#4315,#4316,#4317,#4318,#4319,#4320,#4321),(#4322,#4323,#4324,
#4325,#4326,#4327,#4328,#4329,#4330,#4331,#4332,#4333,#4334,#4335,#4336,
#4337,#4338),(#4339,#4340,#4341,#4342,#4343,#4344,#4345,#4346,#4347,#4348,
#4349,#4350,#4351,#4352,#4353,#4354,#4355),(#4356,#4357,#4358,#4359,#4360,
#4361,#4362,#4363,#4364,#4365,#4366,#4367,#4368,#4369,#4370,#4371,#4372),
(#4373,#4374,#4375,#4376,#4377,#4378,#4379,#4380,#4381,#4382,#4383,#4384,
#4385,#4386,#4387,#4388,#4389),(#4390,#4391,#4392,#4393,#4394,#4395,#4396,
#4397,#4398,#4399,#4400,#4401,#4402,#4403,#4404,#4405,#4406),(#4407,#4408,
#4409,#4410,#4411,#4412,#4413,#4414,#4415,#4416,#4417,#4418,#4419,#4420,
#4421,#4422,#4423),(#4424,#4425,#4426,#4427,#4428,#4429,#4430,#4431,#4432,
#4433,#4434,#4435,#4436,#4437,#4438,#4439,#4440),(#4441,#4442,#4443,#4444,
#4445,#4446,#4447,#4448,#4449,#4450,#4451,#4452,#4453,#4454,#4455,#4456,
#4457),(#4458,#4459,#4460,#4461,#4462,#4463,#4464,#4465,#4466,#4467,#4468,
#4469,#4470,#4471,#4472,#4473,#4474),(#4475,#4476,#4477,#4478,#4479,#4480,
#4481,#4482,#4483,#4484,#4485,#4486,#4487,#4488,#4489,#4490,#4491),(#4492,
#4493,#4494,#4495,#4496,#4497,#4498,#4499,#4500,#4501,#4502,#4503,#4504,
#4505,#4506,#4507,#4508),(#4509,#4510,#4511,#4512,#4513,#4514,#4515,#4516,
#4517,#4518,#4519,#4520,#4521,#4522,#4523,#4524,#4525)),.UNSPECIFIED.,.F.,
 .F.,.F.,(4,2,2,2,2,2,2,2,2,2,4),(4,1,2,2,1,1,1,2,2,1,4),(0.,0.0625,0.125,
0.25,0.375,0.5,0.625,0.75,0.875,0.9375,1.),(0.,0.000392886472829664,0.000785772945659328,
0.00157154589131866,0.00235731883697798,0.00314309178263731,0.00392886472829664,
0.00471463767395597,0.00550041061961529,0.00589329709244496,0.00628618356527462),
 .UNSPECIFIED.);
#38=B_SPLINE_SURFACE_WITH_KNOTS('',5,1,((#4533,#4534),(#4535,#4536),(#4537,
#4538),(#4539,#4540),(#4541,#4542),(#4543,#4544),(#4545,#4546),(#4547,#4548)),
 .SURF_OF_LINEAR_EXTRUSION.,.F.,.F.,.F.,(6,2,6),(2,2),(0.,0.5,1.),(0.,1.),
 .UNSPECIFIED.);
#39=B_SPLINE_SURFACE_WITH_KNOTS('',3,3,((#4556,#4557,#4558,#4559,#4560,
#4561,#4562,#4563,#4564,#4565,#4566,#4567,#4568,#4569,#4570,#4571,#4572,
#4573,#4574,#4575),(#4576,#4577,#4578,#4579,#4580,#4581,#4582,#4583,#4584,
#4585,#4586,#4587,#4588,#4589,#4590,#4591,#4592,#4593,#4594,#4595),(#4596,
#4597,#4598,#4599,#4600,#4601,#4602,#4603,#4604,#4605,#4606,#4607,#4608,
#4609,#4610,#4611,#4612,#4613,#4614,#4615),(#4616,#4617,#4618,#4619,#4620,
#4621,#4622,#4623,#4624,#4625,#4626,#4627,#4628,#4629,#4630,#4631,#4632,
#4633,#4634,#4635),(#4636,#4637,#4638,#4639,#4640,#4641,#4642,#4643,#4644,
#4645,#4646,#4647,#4648,#4649,#4650,#4651,#4652,#4653,#4654,#4655),(#4656,
#4657,#4658,#4659,#4660,#4661,#4662,#4663,#4664,#4665,#4666,#4667,#4668,
#4669,#4670,#4671,#4672,#4673,#4674,#4675),(#4676,#4677,#4678,#4679,#4680,
#4681,#4682,#4683,#4684,#4685,#4686,#4687,#4688,#4689,#4690,#4691,#4692,
#4693,#4694,#4695),(#4696,#4697,#4698,#4699,#4700,#4701,#4702,#4703,#4704,
#4705,#4706,#4707,#4708,#4709,#4710,#4711,#4712,#4713,#4714,#4715),(#4716,
#4717,#4718,#4719,#4720,#4721,#4722,#4723,#4724,#4725,#4726,#4727,#4728,
#4729,#4730,#4731,#4732,#4733,#4734,#4735),(#4736,#4737,#4738,#4739,#4740,
#4741,#4742,#4743,#4744,#4745,#4746,#4747,#4748,#4749,#4750,#4751,#4752,
#4753,#4754,#4755),(#4756,#4757,#4758,#4759,#4760,#4761,#4762,#4763,#4764,
#4765,#4766,#4767,#4768,#4769,#4770,#4771,#4772,#4773,#4774,#4775),(#4776,
#4777,#4778,#4779,#4780,#4781,#4782,#4783,#4784,#4785,#4786,#4787,#4788,
#4789,#4790,#4791,#4792,#4793,#4794,#4795),(#4796,#4797,#4798,#4799,#4800,
#4801,#4802,#4803,#4804,#4805,#4806,#4807,#4808,#4809,#4810,#4811,#4812,
#4813,#4814,#4815),(#4816,#4817,#4818,#4819,#4820,#4821,#4822,#4823,#4824,
#4825,#4826,#4827,#4828,#4829,#4830,#4831,#4832,#4833,#4834,#4835),(#4836,
#4837,#4838,#4839,#4840,#4841,#4842,#4843,#4844,#4845,#4846,#4847,#4848,
#4849,#4850,#4851,#4852,#4853,#4854,#4855),(#4856,#4857,#4858,#4859,#4860,
#4861,#4862,#4863,#4864,#4865,#4866,#4867,#4868,#4869,#4870,#4871,#4872,
#4873,#4874,#4875)),.UNSPECIFIED.,.F.,.F.,.F.,(4,1,1,1,1,1,1,1,1,1,1,1,
1,4),(4,1,1,1,1,1,1,1,1,1,1,1,1,1,1,1,1,4),(-0.00123903961012236,-0.00115887739103139,
-0.00106801062993906,-0.000977143868846736,-0.00088627710775441,-0.000704543585569757,
-0.000522810063385105,-0.000341076541200453,-0.0001593430190158,0.000204124025353506,
0.00056759106972281,0.000931058114092115,0.00129452515846142,0.00165799220283072),
(-0.00143832783584501,-0.00125842624436595,-0.00107852465288689,-0.00071872146992877,
-0.000538819878449709,-0.000448869082710179,-0.000358918286970648,-0.000268967491231119,
-0.000179016695491587,-8.90658997520573E-5,8.84895987473058E-7,9.08356917270034E-5,
0.000180786487466534,0.000360688078945595,0.000540589670424656,0.000720491261903716,
0.00108029444486184,0.00144009762781996),.UNSPECIFIED.);
#40=B_SPLINE_SURFACE_WITH_KNOTS('',3,3,((#4876,#4877,#4878,#4879,#4880,
#4881,#4882,#4883,#4884,#4885,#4886,#4887,#4888,#4889,#4890,#4891,#4892,
#4893,#4894,#4895),(#4896,#4897,#4898,#4899,#4900,#4901,#4902,#4903,#4904,
#4905,#4906,#4907,#4908,#4909,#4910,#4911,#4912,#4913,#4914,#4915),(#4916,
#4917,#4918,#4919,#4920,#4921,#4922,#4923,#4924,#4925,#4926,#4927,#4928,
#4929,#4930,#4931,#4932,#4933,#4934,#4935),(#4936,#4937,#4938,#4939,#4940,
#4941,#4942,#4943,#4944,#4945,#4946,#4947,#4948,#4949,#4950,#4951,#4952,
#4953,#4954,#4955),(#4956,#4957,#4958,#4959,#4960,#4961,#4962,#4963,#4964,
#4965,#4966,#4967,#4968,#4969,#4970,#4971,#4972,#4973,#4974,#4975),(#4976,
#4977,#4978,#4979,#4980,#4981,#4982,#4983,#4984,#4985,#4986,#4987,#4988,
#4989,#4990,#4991,#4992,#4993,#4994,#4995),(#4996,#4997,#4998,#4999,#5000,
#5001,#5002,#5003,#5004,#5005,#5006,#5007,#5008,#5009,#5010,#5011,#5012,
#5013,#5014,#5015),(#5016,#5017,#5018,#5019,#5020,#5021,#5022,#5023,#5024,
#5025,#5026,#5027,#5028,#5029,#5030,#5031,#5032,#5033,#5034,#5035),(#5036,
#5037,#5038,#5039,#5040,#5041,#5042,#5043,#5044,#5045,#5046,#5047,#5048,
#5049,#5050,#5051,#5052,#5053,#5054,#5055),(#5056,#5057,#5058,#5059,#5060,
#5061,#5062,#5063,#5064,#5065,#5066,#5067,#5068,#5069,#5070,#5071,#5072,
#5073,#5074,#5075),(#5076,#5077,#5078,#5079,#5080,#5081,#5082,#5083,#5084,
#5085,#5086,#5087,#5088,#5089,#5090,#5091,#5092,#5093,#5094,#5095),(#5096,
#5097,#5098,#5099,#5100,#5101,#5102,#5103,#5104,#5105,#5106,#5107,#5108,
#5109,#5110,#5111,#5112,#5113,#5114,#5115),(#5116,#5117,#5118,#5119,#5120,
#5121,#5122,#5123,#5124,#5125,#5126,#5127,#5128,#5129,#5130,#5131,#5132,
#5133,#5134,#5135),(#5136,#5137,#5138,#5139,#5140,#5141,#5142,#5143,#5144,
#5145,#5146,#5147,#5148,#5149,#5150,#5151,#5152,#5153,#5154,#5155),(#5156,
#5157,#5158,#5159,#5160,#5161,#5162,#5163,#5164,#5165,#5166,#5167,#5168,
#5169,#5170,#5171,#5172,#5173,#5174,#5175),(#5176,#5177,#5178,#5179,#5180,
#5181,#5182,#5183,#5184,#5185,#5186,#5187,#5188,#5189,#5190,#5191,#5192,
#5193,#5194,#5195)),.UNSPECIFIED.,.F.,.F.,.F.,(4,1,1,1,1,1,1,1,1,1,1,1,
1,4),(4,1,1,1,1,1,1,1,1,1,1,1,1,1,1,1,1,4),(-0.0012390396101065,-0.00115887739103184,
-0.00106801062993916,-0.000977143868846489,-0.000886277107753816,-0.000704543585568469,
-0.000522810063383122,-0.000341076541197776,-0.000159343019012429,0.000204124025358265,
0.000567591069728958,0.000931058114099651,0.00129452515847034,0.00165799220284104),
(-0.00143832783586259,-0.00125842624438351,-0.00107852465290443,-0.000718721469946271,
-0.000538819878467191,-0.000448869082727651,-0.000358918286988111,-0.00026896749124857,
-0.000179016695509031,-8.90658997694904E-5,8.84895970049496E-7,9.08356917095894E-5,
0.00018078648744913,0.00036068807892821,0.00054058967040729,0.00072049126188637,
0.00108029444484453,0.00144009762780269),.UNSPECIFIED.);
#41=B_SPLINE_SURFACE_WITH_KNOTS('',3,3,((#5196,#5197,#5198,#5199,#5200,
#5201,#5202,#5203,#5204,#5205,#5206,#5207,#5208,#5209,#5210,#5211,#5212,
#5213,#5214,#5215),(#5216,#5217,#5218,#5219,#5220,#5221,#5222,#5223,#5224,
#5225,#5226,#5227,#5228,#5229,#5230,#5231,#5232,#5233,#5234,#5235),(#5236,
#5237,#5238,#5239,#5240,#5241,#5242,#5243,#5244,#5245,#5246,#5247,#5248,
#5249,#5250,#5251,#5252,#5253,#5254,#5255),(#5256,#5257,#5258,#5259,#5260,
#5261,#5262,#5263,#5264,#5265,#5266,#5267,#5268,#5269,#5270,#5271,#5272,
#5273,#5274,#5275),(#5276,#5277,#5278,#5279,#5280,#5281,#5282,#5283,#5284,
#5285,#5286,#5287,#5288,#5289,#5290,#5291,#5292,#5293,#5294,#5295),(#5296,
#5297,#5298,#5299,#5300,#5301,#5302,#5303,#5304,#5305,#5306,#5307,#5308,
#5309,#5310,#5311,#5312,#5313,#5314,#5315),(#5316,#5317,#5318,#5319,#5320,
#5321,#5322,#5323,#5324,#5325,#5326,#5327,#5328,#5329,#5330,#5331,#5332,
#5333,#5334,#5335),(#5336,#5337,#5338,#5339,#5340,#5341,#5342,#5343,#5344,
#5345,#5346,#5347,#5348,#5349,#5350,#5351,#5352,#5353,#5354,#5355),(#5356,
#5357,#5358,#5359,#5360,#5361,#5362,#5363,#5364,#5365,#5366,#5367,#5368,
#5369,#5370,#5371,#5372,#5373,#5374,#5375),(#5376,#5377,#5378,#5379,#5380,
#5381,#5382,#5383,#5384,#5385,#5386,#5387,#5388,#5389,#5390,#5391,#5392,
#5393,#5394,#5395),(#5396,#5397,#5398,#5399,#5400,#5401,#5402,#5403,#5404,
#5405,#5406,#5407,#5408,#5409,#5410,#5411,#5412,#5413,#5414,#5415),(#5416,
#5417,#5418,#5419,#5420,#5421,#5422,#5423,#5424,#5425,#5426,#5427,#5428,
#5429,#5430,#5431,#5432,#5433,#5434,#5435),(#5436,#5437,#5438,#5439,#5440,
#5441,#5442,#5443,#5444,#5445,#5446,#5447,#5448,#5449,#5450,#5451,#5452,
#5453,#5454,#5455),(#5456,#5457,#5458,#5459,#5460,#5461,#5462,#5463,#5464,
#5465,#5466,#5467,#5468,#5469,#5470,#5471,#5472,#5473,#5474,#5475),(#5476,
#5477,#5478,#5479,#5480,#5481,#5482,#5483,#5484,#5485,#5486,#5487,#5488,
#5489,#5490,#5491,#5492,#5493,#5494,#5495),(#5496,#5497,#5498,#5499,#5500,
#5501,#5502,#5503,#5504,#5505,#5506,#5507,#5508,#5509,#5510,#5511,#5512,
#5513,#5514,#5515)),.UNSPECIFIED.,.F.,.F.,.F.,(4,1,1,1,1,1,1,1,1,1,1,1,
1,4),(4,1,1,1,1,1,1,1,1,1,1,1,1,1,1,1,1,4),(-0.00123903961011559,-0.00115887739103002,
-0.00106801062993764,-0.000977143868845262,-0.000886277107752881,-0.000704543585568118,
-0.000522810063383355,-0.000341076541198592,-0.000159343019013829,0.000204124025355697,
0.000567591069725223,0.000931058114094749,0.00129452515846427,0.0016579922028338),
(-0.00143832783585074,-0.00125842624437167,-0.0010785246528926,-0.000718721469934451,
-0.000538819878455378,-0.000448869082715842,-0.000358918286976306,-0.000268967491236769,
-0.000179016695497233,-8.90658997576967E-5,8.84895981839544E-7,9.08356917213758E-5,
0.000180786487460912,0.000360688078939985,0.000540589670419057,0.00072049126189813,
0.00108029444485627,0.00144009762781442),.UNSPECIFIED.);
#42=B_SPLINE_SURFACE_WITH_KNOTS('',3,3,((#5516,#5517,#5518,#5519,#5520,
#5521,#5522,#5523,#5524,#5525,#5526,#5527,#5528,#5529,#5530,#5531,#5532,
#5533,#5534,#5535),(#5536,#5537,#5538,#5539,#5540,#5541,#5542,#5543,#5544,
#5545,#5546,#5547,#5548,#5549,#5550,#5551,#5552,#5553,#5554,#5555),(#5556,
#5557,#5558,#5559,#5560,#5561,#5562,#5563,#5564,#5565,#5566,#5567,#5568,
#5569,#5570,#5571,#5572,#5573,#5574,#5575),(#5576,#5577,#5578,#5579,#5580,
#5581,#5582,#5583,#5584,#5585,#5586,#5587,#5588,#5589,#5590,#5591,#5592,
#5593,#5594,#5595),(#5596,#5597,#5598,#5599,#5600,#5601,#5602,#5603,#5604,
#5605,#5606,#5607,#5608,#5609,#5610,#5611,#5612,#5613,#5614,#5615),(#5616,
#5617,#5618,#5619,#5620,#5621,#5622,#5623,#5624,#5625,#5626,#5627,#5628,
#5629,#5630,#5631,#5632,#5633,#5634,#5635),(#5636,#5637,#5638,#5639,#5640,
#5641,#5642,#5643,#5644,#5645,#5646,#5647,#5648,#5649,#5650,#5651,#5652,
#5653,#5654,#5655),(#5656,#5657,#5658,#5659,#5660,#5661,#5662,#5663,#5664,
#5665,#5666,#5667,#5668,#5669,#5670,#5671,#5672,#5673,#5674,#5675),(#5676,
#5677,#5678,#5679,#5680,#5681,#5682,#5683,#5684,#5685,#5686,#5687,#5688,
#5689,#5690,#5691,#5692,#5693,#5694,#5695),(#5696,#5697,#5698,#5699,#5700,
#5701,#5702,#5703,#5704,#5705,#5706,#5707,#5708,#5709,#5710,#5711,#5712,
#5713,#5714,#5715),(#5716,#5717,#5718,#5719,#5720,#5721,#5722,#5723,#5724,
#5725,#5726,#5727,#5728,#5729,#5730,#5731,#5732,#5733,#5734,#5735),(#5736,
#5737,#5738,#5739,#5740,#5741,#5742,#5743,#5744,#5745,#5746,#5747,#5748,
#5749,#5750,#5751,#5752,#5753,#5754,#5755),(#5756,#5757,#5758,#5759,#5760,
#5761,#5762,#5763,#5764,#5765,#5766,#5767,#5768,#5769,#5770,#5771,#5772,
#5773,#5774,#5775),(#5776,#5777,#5778,#5779,#5780,#5781,#5782,#5783,#5784,
#5785,#5786,#5787,#5788,#5789,#5790,#5791,#5792,#5793,#5794,#5795),(#5796,
#5797,#5798,#5799,#5800,#5801,#5802,#5803,#5804,#5805,#5806,#5807,#5808,
#5809,#5810,#5811,#5812,#5813,#5814,#5815),(#5816,#5817,#5818,#5819,#5820,
#5821,#5822,#5823,#5824,#5825,#5826,#5827,#5828,#5829,#5830,#5831,#5832,
#5833,#5834,#5835)),.UNSPECIFIED.,.F.,.F.,.F.,(4,1,1,1,1,1,1,1,1,1,1,1,
1,4),(4,1,1,1,1,1,1,1,1,1,1,1,1,1,1,1,1,4),(-0.00123903961012217,-0.00115887739103117,
-0.00106801062993886,-0.000977143868846544,-0.000886277107754231,-0.000704543585569605,
-0.000522810063384979,-0.000341076541200354,-0.000159343019015727,0.000204124025353524,
0.000567591069722775,0.000931058114092027,0.00129452515846128,0.00165799220283053),
(-0.00143832783584586,-0.00125842624436679,-0.00107852465288772,-0.000718721469929584,
-0.000538819878450515,-0.00044886908271098,-0.000358918286971447,-0.000268967491231912,
-0.000179016695492377,-8.90658997528434E-5,8.84895986690915E-7,9.08356917262252E-5,
0.000180786487465759,0.000360688078944828,0.000540589670423897,0.000720491261902965,
0.0010802944448611,0.00144009762781924),.UNSPECIFIED.);
#43=B_SPLINE_SURFACE_WITH_KNOTS('',3,3,((#5836,#5837,#5838,#5839,#5840,
#5841,#5842,#5843,#5844,#5845,#5846),(#5847,#5848,#5849,#5850,#5851,#5852,
#5853,#5854,#5855,#5856,#5857),(#5858,#5859,#5860,#5861,#5862,#5863,#5864,
#5865,#5866,#5867,#5868),(#5869,#5870,#5871,#5872,#5873,#5874,#5875,#5876,
#5877,#5878,#5879),(#5880,#5881,#5882,#5883,#5884,#5885,#5886,#5887,#5888,
#5889,#5890),(#5891,#5892,#5893,#5894,#5895,#5896,#5897,#5898,#5899,#5900,
#5901),(#5902,#5903,#5904,#5905,#5906,#5907,#5908,#5909,#5910,#5911,#5912),
(#5913,#5914,#5915,#5916,#5917,#5918,#5919,#5920,#5921,#5922,#5923),(#5924,
#5925,#5926,#5927,#5928,#5929,#5930,#5931,#5932,#5933,#5934),(#5935,#5936,
#5937,#5938,#5939,#5940,#5941,#5942,#5943,#5944,#5945),(#5946,#5947,#5948,
#5949,#5950,#5951,#5952,#5953,#5954,#5955,#5956),(#5957,#5958,#5959,#5960,
#5961,#5962,#5963,#5964,#5965,#5966,#5967),(#5968,#5969,#5970,#5971,#5972,
#5973,#5974,#5975,#5976,#5977,#5978),(#5979,#5980,#5981,#5982,#5983,#5984,
#5985,#5986,#5987,#5988,#5989),(#5990,#5991,#5992,#5993,#5994,#5995,#5996,
#5997,#5998,#5999,#6000)),.UNSPECIFIED.,.F.,.F.,.F.,(4,1,1,1,1,1,1,1,1,
1,1,1,4),(4,1,1,1,1,1,1,1,4),(-0.00165799220283003,-0.000931058114091762,
-0.000567591069722626,-0.00020412402535349,-2.23905031689227E-5,0.000159343019015645,
0.000341076541200213,0.000522810063384781,0.000704543585569349,0.000795410346661633,
0.000886277107753917,0.00106801062993848,0.0012395373683919),(-0.00144009762782382,
-0.0010802944448657,-0.000720491261907582,-0.000360688078949463,-8.84895991342359E-7,
0.000358918286966778,0.000718721469924898,0.00107852465288302,0.00143832783584114),
 .UNSPECIFIED.);
#44=B_SPLINE_SURFACE_WITH_KNOTS('',3,3,((#6001,#6002,#6003,#6004,#6005,
#6006,#6007,#6008,#6009,#6010,#6011),(#6012,#6013,#6014,#6015,#6016,#6017,
#6018,#6019,#6020,#6021,#6022),(#6023,#6024,#6025,#6026,#6027,#6028,#6029,
#6030,#6031,#6032,#6033),(#6034,#6035,#6036,#6037,#6038,#6039,#6040,#6041,
#6042,#6043,#6044),(#6045,#6046,#6047,#6048,#6049,#6050,#6051,#6052,#6053,
#6054,#6055),(#6056,#6057,#6058,#6059,#6060,#6061,#6062,#6063,#6064,#6065,
#6066),(#6067,#6068,#6069,#6070,#6071,#6072,#6073,#6074,#6075,#6076,#6077),
(#6078,#6079,#6080,#6081,#6082,#6083,#6084,#6085,#6086,#6087,#6088),(#6089,
#6090,#6091,#6092,#6093,#6094,#6095,#6096,#6097,#6098,#6099),(#6100,#6101,
#6102,#6103,#6104,#6105,#6106,#6107,#6108,#6109,#6110),(#6111,#6112,#6113,
#6114,#6115,#6116,#6117,#6118,#6119,#6120,#6121),(#6122,#6123,#6124,#6125,
#6126,#6127,#6128,#6129,#6130,#6131,#6132),(#6133,#6134,#6135,#6136,#6137,
#6138,#6139,#6140,#6141,#6142,#6143),(#6144,#6145,#6146,#6147,#6148,#6149,
#6150,#6151,#6152,#6153,#6154),(#6155,#6156,#6157,#6158,#6159,#6160,#6161,
#6162,#6163,#6164,#6165)),.UNSPECIFIED.,.F.,.F.,.F.,(4,1,1,1,1,1,1,1,1,
1,1,1,4),(4,1,1,1,1,1,1,1,4),(-0.00165799220282974,-0.000931058114091739,
-0.000567591069722736,-0.000204124025353733,-2.23905031692324E-5,0.000159343019015269,
0.00034107654119977,0.000522810063384271,0.000704543585568773,0.000795410346661023,
0.000886277107753274,0.00106801062993777,0.00123953736839061),(-0.00144009762781978,
-0.00108029444486162,-0.000720491261903468,-0.000360688078945312,-8.84895987155604E-7,
0.000358918286971001,0.000718721469929157,0.00107852465288731,0.00143832783584547),
 .UNSPECIFIED.);
#45=B_SPLINE_CURVE_WITH_KNOTS('',3,(#930,#931,#932,#933),.UNSPECIFIED.,
 .F.,.F.,(4,4),(0.,1.),.UNSPECIFIED.);
#46=B_SPLINE_CURVE_WITH_KNOTS('',3,(#936,#937,#938,#939),.UNSPECIFIED.,
 .F.,.F.,(4,4),(0.,1.),.UNSPECIFIED.);
#47=B_SPLINE_CURVE_WITH_KNOTS('',3,(#941,#942,#943,#944),.UNSPECIFIED.,
 .F.,.F.,(4,4),(0.080000000000071,0.919999999999992),.UNSPECIFIED.);
#48=B_SPLINE_CURVE_WITH_KNOTS('',3,(#946,#947,#948,#949),.UNSPECIFIED.,
 .F.,.F.,(4,4),(0.,1.),.UNSPECIFIED.);
#49=B_SPLINE_CURVE_WITH_KNOTS('',3,(#975,#976,#977,#978),.UNSPECIFIED.,
 .F.,.F.,(4,4),(0.0800000000000124,0.919999999999897),.UNSPECIFIED.);
#50=B_SPLINE_CURVE_WITH_KNOTS('',3,(#981,#982,#983,#984),.UNSPECIFIED.,
 .F.,.F.,(4,4),(0.,1.),.UNSPECIFIED.);
#51=B_SPLINE_CURVE_WITH_KNOTS('',3,(#986,#987,#988,#989),.UNSPECIFIED.,
 .F.,.F.,(4,4),(0.,1.),.UNSPECIFIED.);
#52=B_SPLINE_CURVE_WITH_KNOTS('',3,(#991,#992,#993,#994),.UNSPECIFIED.,
 .F.,.F.,(4,4),(0.,1.),.UNSPECIFIED.);
#53=B_SPLINE_CURVE_WITH_KNOTS('',3,(#1004,#1005,#1006,#1007),
 .UNSPECIFIED.,.F.,.F.,(4,4),(0.,1.),.UNSPECIFIED.);
#54=B_SPLINE_CURVE_WITH_KNOTS('',3,(#1010,#1011,#1012,#1013),
 .UNSPECIFIED.,.F.,.F.,(4,4),(0.,1.),.UNSPECIFIED.);
#55=B_SPLINE_CURVE_WITH_KNOTS('',3,(#1015,#1016,#1017,#1018),
 .UNSPECIFIED.,.F.,.F.,(4,4),(0.,1.),.UNSPECIFIED.);
#56=B_SPLINE_CURVE_WITH_KNOTS('',3,(#1020,#1021,#1022,#1023),
 .UNSPECIFIED.,.F.,.F.,(4,4),(0.,1.),.UNSPECIFIED.);
#57=B_SPLINE_CURVE_WITH_KNOTS('',3,(#1025,#1026,#1027,#1028),
 .UNSPECIFIED.,.F.,.F.,(4,4),(0.,1.),.UNSPECIFIED.);
#58=B_SPLINE_CURVE_WITH_KNOTS('',3,(#1031,#1032,#1033,#1034),
 .UNSPECIFIED.,.F.,.F.,(4,4),(0.,1.),.UNSPECIFIED.);
#59=B_SPLINE_CURVE_WITH_KNOTS('',3,(#1036,#1037,#1038,#1039),
 .UNSPECIFIED.,.F.,.F.,(4,4),(0.,1.),.UNSPECIFIED.);
#60=B_SPLINE_CURVE_WITH_KNOTS('',3,(#1041,#1042,#1043,#1044),
 .UNSPECIFIED.,.F.,.F.,(4,4),(0.,1.),.UNSPECIFIED.);
#61=B_SPLINE_CURVE_WITH_KNOTS('',3,(#1048,#1049,#1050,#1051,#1052,#1053,
#1054,#1055,#1056,#1057,#1058,#1059),.UNSPECIFIED.,.F.,.F.,(4,1,1,1,1,1,
1,1,1,4),(0.,0.25,0.375,0.5,0.625,0.6875,0.75,0.8125,0.875,1.),
 .UNSPECIFIED.);
#62=B_SPLINE_CURVE_WITH_KNOTS('',3,(#1061,#1062,#1063,#1064),
 .UNSPECIFIED.,.F.,.F.,(4,4),(0.,1.),.UNSPECIFIED.);
#63=B_SPLINE_CURVE_WITH_KNOTS('',3,(#1066,#1067,#1068,#1069,#1070,#1071,
#1072,#1073,#1074,#1075,#1076),.UNSPECIFIED.,.F.,.F.,(4,1,1,1,1,1,1,1,4),
(0.,0.125,0.25,0.375,0.5,0.625,0.75,0.875,1.),.UNSPECIFIED.);
#64=B_SPLINE_CURVE_WITH_KNOTS('',3,(#1078,#1079,#1080,#1081),
 .UNSPECIFIED.,.F.,.F.,(4,4),(0.,1.),.UNSPECIFIED.);
#65=B_SPLINE_CURVE_WITH_KNOTS('',3,(#1083,#1084,#1085,#1086,#1087,#1088,
#1089,#1090,#1091,#1092,#1093),.UNSPECIFIED.,.F.,.F.,(4,1,1,1,1,1,1,1,4),
(0.,0.125,0.25,0.375,0.5,0.625,0.75,0.875,1.),.UNSPECIFIED.);
#66=B_SPLINE_CURVE_WITH_KNOTS('',3,(#1095,#1096,#1097,#1098),
 .UNSPECIFIED.,.F.,.F.,(4,4),(0.,1.),.UNSPECIFIED.);
#67=B_SPLINE_CURVE_WITH_KNOTS('',3,(#1100,#1101,#1102,#1103),
 .UNSPECIFIED.,.F.,.F.,(4,4),(0.,1.),.UNSPECIFIED.);
#68=B_SPLINE_CURVE_WITH_KNOTS('',3,(#1105,#1106,#1107,#1108),
 .UNSPECIFIED.,.F.,.F.,(4,4),(0.,1.),.UNSPECIFIED.);
#69=B_SPLINE_CURVE_WITH_KNOTS('',3,(#1110,#1111,#1112,#1113),
 .UNSPECIFIED.,.F.,.F.,(4,4),(0.,1.),.UNSPECIFIED.);
#70=B_SPLINE_CURVE_WITH_KNOTS('',3,(#1115,#1116,#1117,#1118,#1119,#1120,
#1121,#1122,#1123,#1124,#1125,#1126),.UNSPECIFIED.,.F.,.F.,(4,1,1,1,1,1,
1,1,1,4),(0.,0.125,0.1875,0.25,0.3125,0.375,0.5,0.625,0.75,1.),
 .UNSPECIFIED.);
#71=B_SPLINE_CURVE_WITH_KNOTS('',3,(#1132,#1133,#1134,#1135,#1136,#1137,
#1138,#1139,#1140,#1141,#1142,#1143),.UNSPECIFIED.,.F.,.F.,(4,1,1,1,1,1,
1,1,1,4),(0.,0.25,0.375,0.5,0.625,0.6875,0.75,0.8125,0.875,1.),
 .UNSPECIFIED.);
#72=B_SPLINE_CURVE_WITH_KNOTS('',3,(#1145,#1146,#1147,#1148),
 .UNSPECIFIED.,.F.,.F.,(4,4),(0.,1.),.UNSPECIFIED.);
#73=B_SPLINE_CURVE_WITH_KNOTS('',3,(#1150,#1151,#1152,#1153),
 .UNSPECIFIED.,.F.,.F.,(4,4),(0.,1.),.UNSPECIFIED.);
#74=B_SPLINE_CURVE_WITH_KNOTS('',3,(#1155,#1156,#1157,#1158),
 .UNSPECIFIED.,.F.,.F.,(4,4),(0.,1.),.UNSPECIFIED.);
#75=B_SPLINE_CURVE_WITH_KNOTS('',3,(#1160,#1161,#1162,#1163),
 .UNSPECIFIED.,.F.,.F.,(4,4),(0.,1.),.UNSPECIFIED.);
#76=B_SPLINE_CURVE_WITH_KNOTS('',3,(#1165,#1166,#1167,#1168,#1169,#1170,
#1171,#1172,#1173,#1174,#1175),.UNSPECIFIED.,.F.,.F.,(4,1,1,1,1,1,1,1,4),
(0.,0.125,0.25,0.375,0.5,0.625,0.75,0.875,1.),.UNSPECIFIED.);
#77=B_SPLINE_CURVE_WITH_KNOTS('',3,(#1177,#1178,#1179,#1180),
 .UNSPECIFIED.,.F.,.F.,(4,4),(0.,1.),.UNSPECIFIED.);
#78=B_SPLINE_CURVE_WITH_KNOTS('',3,(#1182,#1183,#1184,#1185,#1186,#1187,
#1188,#1189,#1190,#1191,#1192),.UNSPECIFIED.,.F.,.F.,(4,1,1,1,1,1,1,1,4),
(0.,0.125,0.25,0.375,0.5,0.625,0.75,0.875,1.),.UNSPECIFIED.);
#79=B_SPLINE_CURVE_WITH_KNOTS('',3,(#1194,#1195,#1196,#1197),
 .UNSPECIFIED.,.F.,.F.,(4,4),(0.,1.),.UNSPECIFIED.);
#80=B_SPLINE_CURVE_WITH_KNOTS('',3,(#1199,#1200,#1201,#1202,#1203,#1204,
#1205,#1206,#1207,#1208,#1209,#1210),.UNSPECIFIED.,.F.,.F.,(4,1,1,1,1,1,
1,1,1,4),(0.,0.125,0.1875,0.25,0.3125,0.375,0.5,0.625,0.75,1.),
 .UNSPECIFIED.);
#81=B_SPLINE_CURVE_WITH_KNOTS('',3,(#1231,#1232,#1233,#1234),
 .UNSPECIFIED.,.F.,.F.,(4,4),(0.0800000000000033,0.92),.UNSPECIFIED.);
#82=B_SPLINE_CURVE_WITH_KNOTS('',3,(#1237,#1238,#1239,#1240,#1241,#1242,
#1243,#1244,#1245,#1246,#1247,#1248,#1249,#1250,#1251),.UNSPECIFIED.,.F.,
 .F.,(4,1,1,1,1,1,1,1,1,1,1,1,4),(0.,0.0625,0.125,0.1875,0.25,0.375,0.5,
0.625,0.6875,0.75,0.8125,0.875,1.),.UNSPECIFIED.);
#83=B_SPLINE_CURVE_WITH_KNOTS('',3,(#1252,#1253,#1254,#1255,#1256,#1257,
#1258,#1259,#1260,#1261,#1262,#1263,#1264,#1265,#1266),.UNSPECIFIED.,.F.,
 .F.,(4,1,1,1,1,1,1,1,1,1,1,1,4),(0.,0.125,0.1875,0.25,0.3125,0.375,0.5,
0.625,0.75,0.8125,0.875,0.9375,1.),.UNSPECIFIED.);
#84=B_SPLINE_CURVE_WITH_KNOTS('',3,(#1268,#1269,#1270,#1271),
 .UNSPECIFIED.,.F.,.F.,(4,4),(0.0800000000000392,0.919999999999672),
 .UNSPECIFIED.);
#85=B_SPLINE_CURVE_WITH_KNOTS('',3,(#1274,#1275,#1276,#1277),
 .UNSPECIFIED.,.F.,.F.,(4,4),(0.,1.),.UNSPECIFIED.);
#86=B_SPLINE_CURVE_WITH_KNOTS('',3,(#1279,#1280,#1281,#1282),
 .UNSPECIFIED.,.F.,.F.,(4,4),(0.0799999999999993,0.919999999999979),
 .UNSPECIFIED.);
#87=B_SPLINE_CURVE_WITH_KNOTS('',3,(#1284,#1285,#1286,#1287),
 .UNSPECIFIED.,.F.,.F.,(4,4),(0.,1.),.UNSPECIFIED.);
#88=B_SPLINE_CURVE_WITH_KNOTS('',3,(#1289,#1290,#1291,#1292,#1293,#1294,
#1295,#1296,#1297,#1298,#1299,#1300,#1301,#1302,#1303),.UNSPECIFIED.,.F.,
 .F.,(4,1,1,1,1,1,1,1,1,1,1,1,4),(0.,0.125,0.1875,0.25,0.3125,0.375,0.5,
0.625,0.75,0.8125,0.875,0.9375,1.),.UNSPECIFIED.);
#89=B_SPLINE_CURVE_WITH_KNOTS('',3,(#1305,#1306,#1307,#1308),
 .UNSPECIFIED.,.F.,.F.,(4,4),(0.0800000000000162,0.920000000000004),
 .UNSPECIFIED.);
#90=B_SPLINE_CURVE_WITH_KNOTS('',3,(#1310,#1311,#1312,#1313,#1314,#1315,
#1316,#1317,#1318,#1319,#1320,#1321,#1322,#1323,#1324),.UNSPECIFIED.,.F.,
 .F.,(4,1,1,1,1,1,1,1,1,1,1,1,4),(0.,0.0625,0.125,0.1875,0.25,0.375,0.5,
0.625,0.6875,0.75,0.8125,0.875,1.),.UNSPECIFIED.);
#91=B_SPLINE_CURVE_WITH_KNOTS('',3,(#1326,#1327,#1328,#1329),
 .UNSPECIFIED.,.F.,.F.,(4,4),(0.0800000000000122,0.919999999999897),
 .UNSPECIFIED.);
#92=B_SPLINE_CURVE_WITH_KNOTS('',3,(#1332,#1333,#1334,#1335),
 .UNSPECIFIED.,.F.,.F.,(4,4),(0.,1.),.UNSPECIFIED.);
#93=B_SPLINE_CURVE_WITH_KNOTS('',3,(#1337,#1338,#1339,#1340),
 .UNSPECIFIED.,.F.,.F.,(4,4),(0.0800000000002258,0.919999999999975),
 .UNSPECIFIED.);
#94=B_SPLINE_CURVE_WITH_KNOTS('',3,(#1342,#1343,#1344,#1345),
 .UNSPECIFIED.,.F.,.F.,(4,4),(0.,1.),.UNSPECIFIED.);
#95=B_SPLINE_CURVE_WITH_KNOTS('',3,(#1362,#1363,#1364,#1365,#1366,#1367,
#1368),.UNSPECIFIED.,.F.,.F.,(4,1,1,1,4),(0.,0.25,0.5,0.75,1.),
 .UNSPECIFIED.);
#96=B_SPLINE_CURVE_WITH_KNOTS('',3,(#1369,#1370,#1371,#1372,#1373,#1374,
#1375),.UNSPECIFIED.,.F.,.F.,(4,1,1,1,4),(0.,0.25,0.5,0.75,1.),
 .UNSPECIFIED.);
#97=B_SPLINE_CURVE_WITH_KNOTS('',3,(#1392,#1393,#1394,#1395,#1396,#1397,
#1398),.UNSPECIFIED.,.F.,.F.,(4,1,1,1,4),(0.,0.25,0.5,0.75,1.),
 .UNSPECIFIED.);
#98=B_SPLINE_CURVE_WITH_KNOTS('',3,(#1399,#1400,#1401,#1402,#1403,#1404,
#1405),.UNSPECIFIED.,.F.,.F.,(4,1,1,1,4),(0.,0.25,0.5,0.75,1.),
 .UNSPECIFIED.);
#99=B_SPLINE_CURVE_WITH_KNOTS('',3,(#1420,#1421,#1422,#1423,#1424,#1425,
#1426),.UNSPECIFIED.,.F.,.F.,(4,1,1,1,4),(0.,0.25,0.5,0.75,1.),
 .UNSPECIFIED.);
#100=B_SPLINE_CURVE_WITH_KNOTS('',3,(#1427,#1428,#1429,#1430,#1431,#1432,
#1433),.UNSPECIFIED.,.F.,.F.,(4,1,1,1,4),(0.,0.25,0.5,0.75,1.),
 .UNSPECIFIED.);
#101=B_SPLINE_CURVE_WITH_KNOTS('',3,(#1448,#1449,#1450,#1451,#1452,#1453,
#1454),.UNSPECIFIED.,.F.,.F.,(4,1,1,1,4),(0.,0.25,0.5,0.75,1.),
 .UNSPECIFIED.);
#102=B_SPLINE_CURVE_WITH_KNOTS('',3,(#1455,#1456,#1457,#1458,#1459,#1460,
#1461),.UNSPECIFIED.,.F.,.F.,(4,1,1,1,4),(0.,0.25,0.5,0.75,1.),
 .UNSPECIFIED.);
#103=B_SPLINE_CURVE_WITH_KNOTS('',3,(#1704,#1705,#1706,#1707,#1708,#1709,
#1710),.UNSPECIFIED.,.F.,.F.,(4,1,1,1,4),(0.,0.25,0.5,0.75,1.),
 .UNSPECIFIED.);
#104=B_SPLINE_CURVE_WITH_KNOTS('',3,(#1953,#1954,#1955,#1956,#1957,#1958,
#1959),.UNSPECIFIED.,.F.,.F.,(4,1,1,1,4),(0.,0.25,0.5,0.75,1.),
 .UNSPECIFIED.);
#105=B_SPLINE_CURVE_WITH_KNOTS('',3,(#1976,#1977,#1978,#1979,#1980,#1981,
#1982,#1983,#1984,#1985,#1986,#1987,#1988,#1989,#1990,#1991,#1992,#1993,
#1994,#1995),.UNSPECIFIED.,.F.,.F.,(4,1,1,1,1,1,1,1,1,1,1,1,1,1,1,1,1,4),
(0.,0.0625,0.125,0.1875,0.25,0.3125,0.375,0.4375,0.46875,0.5,0.53125,0.5625,
0.625,0.75,0.8125,0.875,0.9375,1.),.UNSPECIFIED.);
#106=B_SPLINE_CURVE_WITH_KNOTS('',3,(#2012,#2013,#2014,#2015,#2016,#2017,
#2018),.UNSPECIFIED.,.F.,.F.,(4,1,1,1,4),(0.,0.25,0.5,0.75,1.),
 .UNSPECIFIED.);
#107=B_SPLINE_CURVE_WITH_KNOTS('',3,(#2261,#2262,#2263,#2264,#2265,#2266,
#2267),.UNSPECIFIED.,.F.,.F.,(4,1,1,1,4),(0.,0.25,0.5,0.75,1.),
 .UNSPECIFIED.);
#108=B_SPLINE_CURVE_WITH_KNOTS('',3,(#2642,#2643,#2644,#2645,#2646,#2647,
#2648),.UNSPECIFIED.,.F.,.F.,(4,1,1,1,4),(0.,0.25,0.5,0.75,1.),
 .UNSPECIFIED.);
#109=B_SPLINE_CURVE_WITH_KNOTS('',3,(#2665,#2666,#2667,#2668,#2669,#2670,
#2671,#2672,#2673,#2674,#2675,#2676,#2677,#2678,#2679,#2680,#2681,#2682,
#2683,#2684),.UNSPECIFIED.,.F.,.F.,(4,1,1,1,1,1,1,1,1,1,1,1,1,1,1,1,1,4),
(0.,0.0625,0.125,0.1875,0.25,0.3125,0.375,0.4375,0.46875,0.5,0.53125,0.5625,
0.625,0.75,0.8125,0.875,0.9375,1.),.UNSPECIFIED.);
#110=B_SPLINE_CURVE_WITH_KNOTS('',3,(#2701,#2702,#2703,#2704,#2705,#2706,
#2707,#2708,#2709,#2710,#2711,#2712,#2713,#2714,#2715,#2716,#2717,#2718,
#2719),.UNSPECIFIED.,.F.,.F.,(4,1,1,1,1,1,1,1,1,1,1,1,1,1,1,1,4),(0.,0.25,
0.375,0.4375,0.5,0.625,0.6875,0.71875,0.75,0.78125,0.8125,0.84375,0.875,
0.890625,0.90625,0.9375,1.),.UNSPECIFIED.);
#111=B_SPLINE_CURVE_WITH_KNOTS('',3,(#2720,#2721,#2722,#2723,#2724,#2725,
#2726,#2727,#2728,#2729,#2730,#2731,#2732,#2733,#2734,#2735,#2736,#2737,
#2738,#2739,#2740,#2741,#2742,#2743,#2744,#2745,#2746),.UNSPECIFIED.,.F.,
 .F.,(4,1,1,1,1,1,1,1,1,1,1,1,1,1,1,1,1,1,1,1,1,1,1,1,4),(0.,0.0625,0.09375,
0.125,0.140625,0.15625,0.1875,0.25,0.28125,0.3125,0.375,0.4375,0.5,0.5625,
0.625,0.6875,0.75,0.78125,0.8125,0.875,0.90625,0.9375,0.953125,0.96875,
1.),.UNSPECIFIED.);
#112=B_SPLINE_CURVE_WITH_KNOTS('',3,(#2763,#2764,#2765,#2766,#2767,#2768,
#2769,#2770,#2771,#2772,#2773,#2774,#2775,#2776,#2777,#2778,#2779,#2780,
#2781,#2782,#2783,#2784,#2785,#2786,#2787,#2788,#2789),.UNSPECIFIED.,.F.,
 .F.,(4,1,1,1,1,1,1,1,1,1,1,1,1,1,1,1,1,1,1,1,1,1,1,1,4),(0.,0.0625,0.09375,
0.125,0.140625,0.15625,0.1875,0.25,0.28125,0.3125,0.375,0.4375,0.5,0.5625,
0.625,0.6875,0.75,0.78125,0.8125,0.875,0.90625,0.9375,0.953125,0.96875,
1.),.UNSPECIFIED.);
#113=B_SPLINE_CURVE_WITH_KNOTS('',3,(#2790,#2791,#2792,#2793,#2794,#2795,
#2796,#2797,#2798,#2799,#2800,#2801,#2802,#2803,#2804,#2805,#2806,#2807,
#2808),.UNSPECIFIED.,.F.,.F.,(4,1,1,1,1,1,1,1,1,1,1,1,1,1,1,1,4),(0.,0.25,
0.375,0.4375,0.5,0.625,0.6875,0.71875,0.75,0.78125,0.8125,0.84375,0.875,
0.890625,0.90625,0.9375,1.),.UNSPECIFIED.);
#114=B_SPLINE_CURVE_WITH_KNOTS('',3,(#2825,#2826,#2827,#2828,#2829,#2830,
#2831),.UNSPECIFIED.,.F.,.F.,(4,1,1,1,4),(0.,0.25,0.5,0.75,1.),
 .UNSPECIFIED.);
#115=B_SPLINE_CURVE_WITH_KNOTS('',3,(#3074,#3075,#3076,#3077,#3078,#3079,
#3080),.UNSPECIFIED.,.F.,.F.,(4,1,1,1,4),(0.,0.25,0.5,0.75,1.),
 .UNSPECIFIED.);
#116=B_SPLINE_CURVE_WITH_KNOTS('',3,(#3455,#3456,#3457,#3458,#3459,#3460,
#3461),.UNSPECIFIED.,.F.,.F.,(4,1,1,1,4),(0.,0.25,0.5,0.75,1.),
 .UNSPECIFIED.);
#117=B_SPLINE_CURVE_WITH_KNOTS('',3,(#3478,#3479,#3480,#3481,#3482,#3483,
#3484),.UNSPECIFIED.,.F.,.F.,(4,1,1,1,4),(0.,0.25,0.5,0.75,1.),
 .UNSPECIFIED.);
#118=B_SPLINE_CURVE_WITH_KNOTS('',3,(#3501,#3502,#3503,#3504,#3505,#3506,
#3507,#3508,#3509,#3510,#3511,#3512,#3513,#3514,#3515,#3516,#3517,#3518,
#3519),.UNSPECIFIED.,.F.,.F.,(4,1,1,1,1,1,1,1,1,1,1,1,1,1,1,1,4),(0.,0.25,
0.375,0.4375,0.5,0.625,0.6875,0.71875,0.75,0.78125,0.8125,0.84375,0.875,
0.890625,0.90625,0.9375,1.),.UNSPECIFIED.);
#119=B_SPLINE_CURVE_WITH_KNOTS('',3,(#3520,#3521,#3522,#3523,#3524,#3525,
#3526,#3527,#3528,#3529,#3530,#3531,#3532,#3533,#3534,#3535,#3536,#3537,
#3538,#3539,#3540,#3541,#3542,#3543,#3544,#3545,#3546),.UNSPECIFIED.,.F.,
 .F.,(4,1,1,1,1,1,1,1,1,1,1,1,1,1,1,1,1,1,1,1,1,1,1,1,4),(0.,0.0625,0.09375,
0.125,0.140625,0.15625,0.1875,0.25,0.28125,0.3125,0.375,0.4375,0.5,0.5625,
0.625,0.6875,0.75,0.78125,0.8125,0.875,0.90625,0.9375,0.953125,0.96875,
1.),.UNSPECIFIED.);
#120=B_SPLINE_CURVE_WITH_KNOTS('',3,(#3563,#3564,#3565,#3566,#3567,#3568,
#3569,#3570,#3571,#3572,#3573,#3574,#3575,#3576,#3577,#3578,#3579,#3580,
#3581,#3582,#3583,#3584,#3585,#3586,#3587,#3588,#3589),.UNSPECIFIED.,.F.,
 .F.,(4,1,1,1,1,1,1,1,1,1,1,1,1,1,1,1,1,1,1,1,1,1,1,1,4),(0.,0.0625,0.09375,
0.125,0.140625,0.15625,0.1875,0.25,0.28125,0.3125,0.375,0.4375,0.5,0.5625,
0.625,0.6875,0.75,0.78125,0.8125,0.875,0.90625,0.9375,0.953125,0.96875,
1.),.UNSPECIFIED.);
#121=B_SPLINE_CURVE_WITH_KNOTS('',3,(#3590,#3591,#3592,#3593,#3594,#3595,
#3596,#3597,#3598,#3599,#3600,#3601,#3602,#3603,#3604,#3605,#3606,#3607,
#3608),.UNSPECIFIED.,.F.,.F.,(4,1,1,1,1,1,1,1,1,1,1,1,1,1,1,1,4),(0.,0.25,
0.375,0.4375,0.5,0.625,0.6875,0.71875,0.75,0.78125,0.8125,0.84375,0.875,
0.890625,0.90625,0.9375,1.),.UNSPECIFIED.);
#122=B_SPLINE_CURVE_WITH_KNOTS('',3,(#3625,#3626,#3627,#3628,#3629,#3630,
#3631,#3632,#3633,#3634,#3635,#3636,#3637,#3638,#3639,#3640,#3641,#3642,
#3643,#3644),.UNSPECIFIED.,.F.,.F.,(4,1,1,1,1,1,1,1,1,1,1,1,1,1,1,1,1,4),
(0.,0.0625,0.125,0.1875,0.25,0.3125,0.375,0.4375,0.46875,0.5,0.53125,0.5625,
0.625,0.75,0.8125,0.875,0.9375,1.),.UNSPECIFIED.);
#123=B_SPLINE_CURVE_WITH_KNOTS('',3,(#3645,#3646,#3647,#3648,#3649,#3650,
#3651),.UNSPECIFIED.,.F.,.F.,(4,1,1,1,4),(0.,0.25,0.5,0.75,1.),
 .UNSPECIFIED.);
#124=B_SPLINE_CURVE_WITH_KNOTS('',3,(#3668,#3669,#3670,#3671,#3672,#3673,
#3674),.UNSPECIFIED.,.F.,.F.,(4,1,1,1,4),(0.,0.25,0.5,0.75,1.),
 .UNSPECIFIED.);
#125=B_SPLINE_CURVE_WITH_KNOTS('',3,(#4049,#4050,#4051,#4052,#4053,#4054,
#4055),.UNSPECIFIED.,.F.,.F.,(4,1,1,1,4),(0.,0.25,0.5,0.75,1.),
 .UNSPECIFIED.);
#126=B_SPLINE_CURVE_WITH_KNOTS('',3,(#4072,#4073,#4074,#4075,#4076,#4077,
#4078),.UNSPECIFIED.,.F.,.F.,(4,1,1,1,4),(0.,0.25,0.5,0.75,1.),
 .UNSPECIFIED.);
#127=B_SPLINE_CURVE_WITH_KNOTS('',3,(#4095,#4096,#4097,#4098,#4099,#4100,
#4101,#4102,#4103,#4104,#4105,#4106,#4107,#4108,#4109,#4110,#4111,#4112,
#4113,#4114),.UNSPECIFIED.,.F.,.F.,(4,1,1,1,1,1,1,1,1,1,1,1,1,1,1,1,1,4),
(0.,0.0625,0.125,0.1875,0.25,0.3125,0.375,0.4375,0.46875,0.5,0.53125,0.5625,
0.625,0.75,0.8125,0.875,0.9375,1.),.UNSPECIFIED.);
#128=B_SPLINE_CURVE_WITH_KNOTS('',3,(#4115,#4116,#4117,#4118,#4119,#4120,
#4121),.UNSPECIFIED.,.F.,.F.,(4,1,1,1,4),(0.,0.25,0.5,0.75,1.),
 .UNSPECIFIED.);
#129=B_SPLINE_CURVE_WITH_KNOTS('',3,(#4138,#4139,#4140,#4141,#4142,#4143,
#4144),.UNSPECIFIED.,.F.,.F.,(4,1,1,1,4),(0.,0.25,0.5,0.75,1.),
 .UNSPECIFIED.);
#130=B_SPLINE_CURVE_WITH_KNOTS('',3,(#4145,#4146,#4147,#4148,#4149,#4150,
#4151),.UNSPECIFIED.,.F.,.F.,(4,1,1,1,4),(0.,0.25,0.5,0.75,1.),
 .UNSPECIFIED.);
#131=B_SPLINE_CURVE_WITH_KNOTS('',3,(#4526,#4527,#4528,#4529,#4530,#4531,
#4532),.UNSPECIFIED.,.F.,.F.,(4,1,1,1,4),(0.,0.25,0.5,0.75,1.),
 .UNSPECIFIED.);
#132=B_SPLINE_CURVE_WITH_KNOTS('',3,(#4549,#4550,#4551,#4552,#4553,#4554,
#4555),.UNSPECIFIED.,.F.,.F.,(4,1,1,1,4),(0.,0.25,0.5,0.75,1.),
 .UNSPECIFIED.);
#133=ORIENTED_EDGE('',*,*,#373,.F.);
#134=ORIENTED_EDGE('',*,*,#374,.T.);
#135=ORIENTED_EDGE('',*,*,#375,.T.);
#136=ORIENTED_EDGE('',*,*,#376,.F.);
#137=ORIENTED_EDGE('',*,*,#377,.T.);
#138=ORIENTED_EDGE('',*,*,#378,.T.);
#139=ORIENTED_EDGE('',*,*,#379,.T.);
#140=ORIENTED_EDGE('',*,*,#380,.T.);
#141=ORIENTED_EDGE('',*,*,#381,.T.);
#142=ORIENTED_EDGE('',*,*,#382,.F.);
#143=ORIENTED_EDGE('',*,*,#383,.F.);
#144=ORIENTED_EDGE('',*,*,#384,.T.);
#145=ORIENTED_EDGE('',*,*,#382,.T.);
#146=ORIENTED_EDGE('',*,*,#385,.F.);
#147=ORIENTED_EDGE('',*,*,#386,.F.);
#148=ORIENTED_EDGE('',*,*,#387,.T.);
#149=ORIENTED_EDGE('',*,*,#386,.T.);
#150=ORIENTED_EDGE('',*,*,#388,.F.);
#151=ORIENTED_EDGE('',*,*,#389,.F.);
#152=ORIENTED_EDGE('',*,*,#390,.T.);
#153=ORIENTED_EDGE('',*,*,#391,.T.);
#154=ORIENTED_EDGE('',*,*,#384,.F.);
#155=ORIENTED_EDGE('',*,*,#392,.F.);
#156=ORIENTED_EDGE('',*,*,#389,.T.);
#157=ORIENTED_EDGE('',*,*,#393,.T.);
#158=ORIENTED_EDGE('',*,*,#394,.T.);
#159=ORIENTED_EDGE('',*,*,#395,.T.);
#160=ORIENTED_EDGE('',*,*,#396,.T.);
#161=ORIENTED_EDGE('',*,*,#397,.F.);
#162=ORIENTED_EDGE('',*,*,#398,.T.);
#163=ORIENTED_EDGE('',*,*,#399,.T.);
#164=ORIENTED_EDGE('',*,*,#400,.F.);
#165=ORIENTED_EDGE('',*,*,#401,.T.);
#166=ORIENTED_EDGE('',*,*,#402,.T.);
#167=ORIENTED_EDGE('',*,*,#403,.T.);
#168=ORIENTED_EDGE('',*,*,#404,.T.);
#169=ORIENTED_EDGE('',*,*,#392,.T.);
#170=ORIENTED_EDGE('',*,*,#383,.T.);
#171=ORIENTED_EDGE('',*,*,#387,.F.);
#172=ORIENTED_EDGE('',*,*,#390,.F.);
#173=ORIENTED_EDGE('',*,*,#405,.T.);
#174=ORIENTED_EDGE('',*,*,#406,.T.);
#175=ORIENTED_EDGE('',*,*,#407,.T.);
#176=ORIENTED_EDGE('',*,*,#408,.T.);
#177=ORIENTED_EDGE('',*,*,#409,.F.);
#178=ORIENTED_EDGE('',*,*,#410,.T.);
#179=ORIENTED_EDGE('',*,*,#411,.T.);
#180=ORIENTED_EDGE('',*,*,#412,.T.);
#181=ORIENTED_EDGE('',*,*,#413,.T.);
#182=ORIENTED_EDGE('',*,*,#414,.T.);
#183=ORIENTED_EDGE('',*,*,#415,.T.);
#184=ORIENTED_EDGE('',*,*,#416,.T.);
#185=ORIENTED_EDGE('',*,*,#417,.T.);
#186=ORIENTED_EDGE('',*,*,#418,.T.);
#187=ORIENTED_EDGE('',*,*,#419,.T.);
#188=ORIENTED_EDGE('',*,*,#420,.T.);
#189=ORIENTED_EDGE('',*,*,#376,.T.);
#190=ORIENTED_EDGE('',*,*,#421,.F.);
#191=ORIENTED_EDGE('',*,*,#422,.T.);
#192=ORIENTED_EDGE('',*,*,#423,.T.);
#193=ORIENTED_EDGE('',*,*,#424,.T.);
#194=ORIENTED_EDGE('',*,*,#425,.T.);
#195=ORIENTED_EDGE('',*,*,#426,.T.);
#196=ORIENTED_EDGE('',*,*,#427,.T.);
#197=ORIENTED_EDGE('',*,*,#428,.T.);
#198=ORIENTED_EDGE('',*,*,#429,.T.);
#199=ORIENTED_EDGE('',*,*,#430,.T.);
#200=ORIENTED_EDGE('',*,*,#431,.T.);
#201=ORIENTED_EDGE('',*,*,#432,.T.);
#202=ORIENTED_EDGE('',*,*,#374,.F.);
#203=ORIENTED_EDGE('',*,*,#397,.T.);
#204=ORIENTED_EDGE('',*,*,#433,.F.);
#205=ORIENTED_EDGE('',*,*,#434,.F.);
#206=ORIENTED_EDGE('',*,*,#435,.T.);
#207=ORIENTED_EDGE('',*,*,#400,.T.);
#208=ORIENTED_EDGE('',*,*,#436,.F.);
#209=ORIENTED_EDGE('',*,*,#437,.F.);
#210=ORIENTED_EDGE('',*,*,#433,.T.);
#211=ORIENTED_EDGE('',*,*,#399,.F.);
#212=ORIENTED_EDGE('',*,*,#438,.F.);
#213=ORIENTED_EDGE('',*,*,#439,.T.);
#214=ORIENTED_EDGE('',*,*,#436,.T.);
#215=ORIENTED_EDGE('',*,*,#398,.F.);
#216=ORIENTED_EDGE('',*,*,#435,.F.);
#217=ORIENTED_EDGE('',*,*,#440,.T.);
#218=ORIENTED_EDGE('',*,*,#438,.T.);
#219=ORIENTED_EDGE('',*,*,#381,.F.);
#220=ORIENTED_EDGE('',*,*,#391,.F.);
#221=ORIENTED_EDGE('',*,*,#388,.T.);
#222=ORIENTED_EDGE('',*,*,#385,.T.);
#223=ORIENTED_EDGE('',*,*,#434,.T.);
#224=ORIENTED_EDGE('',*,*,#437,.T.);
#225=ORIENTED_EDGE('',*,*,#439,.F.);
#226=ORIENTED_EDGE('',*,*,#440,.F.);
#227=ORIENTED_EDGE('',*,*,#441,.T.);
#228=ORIENTED_EDGE('',*,*,#442,.T.);
#229=ORIENTED_EDGE('',*,*,#409,.T.);
#230=ORIENTED_EDGE('',*,*,#375,.F.);
#231=ORIENTED_EDGE('',*,*,#432,.F.);
#232=ORIENTED_EDGE('',*,*,#443,.T.);
#233=ORIENTED_EDGE('',*,*,#444,.T.);
#234=ORIENTED_EDGE('',*,*,#445,.T.);
#235=ORIENTED_EDGE('',*,*,#446,.T.);
#236=ORIENTED_EDGE('',*,*,#447,.T.);
#237=ORIENTED_EDGE('',*,*,#420,.F.);
#238=ORIENTED_EDGE('',*,*,#448,.T.);
#239=ORIENTED_EDGE('',*,*,#449,.T.);
#240=ORIENTED_EDGE('',*,*,#450,.T.);
#241=ORIENTED_EDGE('',*,*,#421,.T.);
#242=ORIENTED_EDGE('',*,*,#373,.T.);
#243=ORIENTED_EDGE('',*,*,#451,.T.);
#244=ORIENTED_EDGE('',*,*,#452,.T.);
#245=ORIENTED_EDGE('',*,*,#453,.T.);
#246=ORIENTED_EDGE('',*,*,#454,.T.);
#247=ORIENTED_EDGE('',*,*,#379,.F.);
#248=ORIENTED_EDGE('',*,*,#455,.T.);
#249=ORIENTED_EDGE('',*,*,#451,.F.);
#250=ORIENTED_EDGE('',*,*,#456,.T.);
#251=ORIENTED_EDGE('',*,*,#453,.F.);
#252=ORIENTED_EDGE('',*,*,#457,.T.);
#253=ORIENTED_EDGE('',*,*,#444,.F.);
#254=ORIENTED_EDGE('',*,*,#458,.T.);
#255=ORIENTED_EDGE('',*,*,#446,.F.);
#256=ORIENTED_EDGE('',*,*,#459,.T.);
#257=ORIENTED_EDGE('',*,*,#441,.F.);
#258=ORIENTED_EDGE('',*,*,#460,.T.);
#259=ORIENTED_EDGE('',*,*,#449,.F.);
#260=ORIENTED_EDGE('',*,*,#461,.T.);
#261=ORIENTED_EDGE('',*,*,#393,.F.);
#262=ORIENTED_EDGE('',*,*,#462,.T.);
#263=ORIENTED_EDGE('',*,*,#450,.F.);
#264=ORIENTED_EDGE('',*,*,#462,.F.);
#265=ORIENTED_EDGE('',*,*,#463,.F.);
#266=ORIENTED_EDGE('',*,*,#422,.F.);
#267=ORIENTED_EDGE('',*,*,#443,.F.);
#268=ORIENTED_EDGE('',*,*,#431,.F.);
#269=ORIENTED_EDGE('',*,*,#464,.F.);
#270=ORIENTED_EDGE('',*,*,#460,.F.);
#271=ORIENTED_EDGE('',*,*,#463,.T.);
#272=ORIENTED_EDGE('',*,*,#396,.F.);
#273=ORIENTED_EDGE('',*,*,#465,.F.);
#274=ORIENTED_EDGE('',*,*,#423,.F.);
#275=ORIENTED_EDGE('',*,*,#464,.T.);
#276=ORIENTED_EDGE('',*,*,#430,.F.);
#277=ORIENTED_EDGE('',*,*,#466,.F.);
#278=ORIENTED_EDGE('',*,*,#447,.F.);
#279=ORIENTED_EDGE('',*,*,#448,.F.);
#280=ORIENTED_EDGE('',*,*,#419,.F.);
#281=ORIENTED_EDGE('',*,*,#467,.F.);
#282=ORIENTED_EDGE('',*,*,#461,.F.);
#283=ORIENTED_EDGE('',*,*,#466,.T.);
#284=ORIENTED_EDGE('',*,*,#429,.F.);
#285=ORIENTED_EDGE('',*,*,#468,.F.);
#286=ORIENTED_EDGE('',*,*,#458,.F.);
#287=ORIENTED_EDGE('',*,*,#467,.T.);
#288=ORIENTED_EDGE('',*,*,#418,.F.);
#289=ORIENTED_EDGE('',*,*,#469,.F.);
#290=ORIENTED_EDGE('',*,*,#394,.F.);
#291=ORIENTED_EDGE('',*,*,#470,.T.);
#292=ORIENTED_EDGE('',*,*,#395,.F.);
#293=ORIENTED_EDGE('',*,*,#471,.F.);
#294=ORIENTED_EDGE('',*,*,#408,.F.);
#295=ORIENTED_EDGE('',*,*,#472,.T.);
#296=ORIENTED_EDGE('',*,*,#407,.F.);
#297=ORIENTED_EDGE('',*,*,#473,.F.);
#298=ORIENTED_EDGE('',*,*,#424,.F.);
#299=ORIENTED_EDGE('',*,*,#468,.T.);
#300=ORIENTED_EDGE('',*,*,#428,.F.);
#301=ORIENTED_EDGE('',*,*,#474,.F.);
#302=ORIENTED_EDGE('',*,*,#454,.F.);
#303=ORIENTED_EDGE('',*,*,#442,.F.);
#304=ORIENTED_EDGE('',*,*,#459,.F.);
#305=ORIENTED_EDGE('',*,*,#475,.F.);
#306=ORIENTED_EDGE('',*,*,#410,.F.);
#307=ORIENTED_EDGE('',*,*,#474,.T.);
#308=ORIENTED_EDGE('',*,*,#427,.F.);
#309=ORIENTED_EDGE('',*,*,#476,.F.);
#310=ORIENTED_EDGE('',*,*,#456,.F.);
#311=ORIENTED_EDGE('',*,*,#475,.T.);
#312=ORIENTED_EDGE('',*,*,#445,.F.);
#313=ORIENTED_EDGE('',*,*,#477,.F.);
#314=ORIENTED_EDGE('',*,*,#411,.F.);
#315=ORIENTED_EDGE('',*,*,#478,.T.);
#316=ORIENTED_EDGE('',*,*,#417,.F.);
#317=ORIENTED_EDGE('',*,*,#479,.F.);
#318=ORIENTED_EDGE('',*,*,#405,.F.);
#319=ORIENTED_EDGE('',*,*,#480,.T.);
#320=ORIENTED_EDGE('',*,*,#406,.F.);
#321=ORIENTED_EDGE('',*,*,#481,.F.);
#322=ORIENTED_EDGE('',*,*,#402,.F.);
#323=ORIENTED_EDGE('',*,*,#482,.T.);
#324=ORIENTED_EDGE('',*,*,#401,.F.);
#325=ORIENTED_EDGE('',*,*,#483,.F.);
#326=ORIENTED_EDGE('',*,*,#425,.F.);
#327=ORIENTED_EDGE('',*,*,#476,.T.);
#328=ORIENTED_EDGE('',*,*,#426,.F.);
#329=ORIENTED_EDGE('',*,*,#484,.F.);
#330=ORIENTED_EDGE('',*,*,#380,.F.);
#331=ORIENTED_EDGE('',*,*,#477,.T.);
#332=ORIENTED_EDGE('',*,*,#457,.F.);
#333=ORIENTED_EDGE('',*,*,#485,.F.);
#334=ORIENTED_EDGE('',*,*,#412,.F.);
#335=ORIENTED_EDGE('',*,*,#485,.T.);
#336=ORIENTED_EDGE('',*,*,#452,.F.);
#337=ORIENTED_EDGE('',*,*,#486,.F.);
#338=ORIENTED_EDGE('',*,*,#413,.F.);
#339=ORIENTED_EDGE('',*,*,#487,.T.);
#340=ORIENTED_EDGE('',*,*,#416,.F.);
#341=ORIENTED_EDGE('',*,*,#488,.F.);
#342=ORIENTED_EDGE('',*,*,#403,.F.);
#343=ORIENTED_EDGE('',*,*,#489,.T.);
#344=ORIENTED_EDGE('',*,*,#404,.F.);
#345=ORIENTED_EDGE('',*,*,#490,.F.);
#346=ORIENTED_EDGE('',*,*,#377,.F.);
#347=ORIENTED_EDGE('',*,*,#486,.T.);
#348=ORIENTED_EDGE('',*,*,#455,.F.);
#349=ORIENTED_EDGE('',*,*,#491,.F.);
#350=ORIENTED_EDGE('',*,*,#414,.F.);
#351=ORIENTED_EDGE('',*,*,#491,.T.);
#352=ORIENTED_EDGE('',*,*,#378,.F.);
#353=ORIENTED_EDGE('',*,*,#492,.T.);
#354=ORIENTED_EDGE('',*,*,#415,.F.);
#355=ORIENTED_EDGE('',*,*,#472,.F.);
#356=ORIENTED_EDGE('',*,*,#465,.T.);
#357=ORIENTED_EDGE('',*,*,#470,.F.);
#358=ORIENTED_EDGE('',*,*,#478,.F.);
#359=ORIENTED_EDGE('',*,*,#471,.T.);
#360=ORIENTED_EDGE('',*,*,#469,.T.);
#361=ORIENTED_EDGE('',*,*,#482,.F.);
#362=ORIENTED_EDGE('',*,*,#473,.T.);
#363=ORIENTED_EDGE('',*,*,#480,.F.);
#364=ORIENTED_EDGE('',*,*,#487,.F.);
#365=ORIENTED_EDGE('',*,*,#481,.T.);
#366=ORIENTED_EDGE('',*,*,#479,.T.);
#367=ORIENTED_EDGE('',*,*,#489,.F.);
#368=ORIENTED_EDGE('',*,*,#484,.T.);
#369=ORIENTED_EDGE('',*,*,#483,.T.);
#370=ORIENTED_EDGE('',*,*,#488,.T.);
#371=ORIENTED_EDGE('',*,*,#492,.F.);
#372=ORIENTED_EDGE('',*,*,#490,.T.);
#373=EDGE_CURVE('',#493,#494,#563,.T.);
#374=EDGE_CURVE('',#493,#495,#564,.T.);
#375=EDGE_CURVE('',#495,#496,#565,.T.);
#376=EDGE_CURVE('',#494,#496,#566,.T.);
#377=EDGE_CURVE('',#497,#498,#45,.T.);
#378=EDGE_CURVE('',#498,#499,#46,.T.);
#379=EDGE_CURVE('',#499,#500,#47,.T.);
#380=EDGE_CURVE('',#500,#497,#48,.T.);
#381=EDGE_CURVE('',#501,#502,#567,.T.);
#382=EDGE_CURVE('',#503,#502,#568,.T.);
#383=EDGE_CURVE('',#504,#503,#569,.T.);
#384=EDGE_CURVE('',#504,#501,#570,.T.);
#385=EDGE_CURVE('',#505,#502,#571,.T.);
#386=EDGE_CURVE('',#506,#505,#572,.T.);
#387=EDGE_CURVE('',#506,#503,#573,.T.);
#388=EDGE_CURVE('',#507,#505,#574,.T.);
#389=EDGE_CURVE('',#508,#507,#575,.T.);
#390=EDGE_CURVE('',#508,#506,#576,.T.);
#391=EDGE_CURVE('',#507,#501,#577,.T.);
#392=EDGE_CURVE('',#508,#504,#578,.T.);
#393=EDGE_CURVE('',#509,#510,#49,.T.);
#394=EDGE_CURVE('',#510,#511,#50,.T.);
#395=EDGE_CURVE('',#511,#512,#51,.T.);
#396=EDGE_CURVE('',#512,#509,#52,.T.);
#397=EDGE_CURVE('',#513,#514,#579,.T.);
#398=EDGE_CURVE('',#513,#515,#580,.T.);
#399=EDGE_CURVE('',#515,#516,#581,.T.);
#400=EDGE_CURVE('',#514,#516,#582,.T.);
#401=EDGE_CURVE('',#517,#518,#53,.T.);
#402=EDGE_CURVE('',#518,#519,#54,.T.);
#403=EDGE_CURVE('',#519,#520,#55,.T.);
#404=EDGE_CURVE('',#520,#517,#56,.T.);
#405=EDGE_CURVE('',#521,#522,#57,.T.);
#406=EDGE_CURVE('',#522,#523,#58,.T.);
#407=EDGE_CURVE('',#523,#524,#59,.T.);
#408=EDGE_CURVE('',#524,#521,#60,.T.);
#409=EDGE_CURVE('',#525,#496,#583,.T.);
#410=EDGE_CURVE('',#525,#526,#61,.T.);
#411=EDGE_CURVE('',#526,#527,#62,.T.);
#412=EDGE_CURVE('',#527,#528,#63,.T.);
#413=EDGE_CURVE('',#528,#529,#64,.T.);
#414=EDGE_CURVE('',#529,#530,#65,.T.);
#415=EDGE_CURVE('',#530,#531,#66,.T.);
#416=EDGE_CURVE('',#531,#532,#67,.T.);
#417=EDGE_CURVE('',#532,#533,#68,.T.);
#418=EDGE_CURVE('',#533,#534,#69,.T.);
#419=EDGE_CURVE('',#534,#535,#70,.T.);
#420=EDGE_CURVE('',#535,#494,#584,.T.);
#421=EDGE_CURVE('',#536,#493,#585,.T.);
#422=EDGE_CURVE('',#536,#537,#71,.T.);
#423=EDGE_CURVE('',#537,#538,#72,.T.);
#424=EDGE_CURVE('',#538,#539,#73,.T.);
#425=EDGE_CURVE('',#539,#540,#74,.T.);
#426=EDGE_CURVE('',#540,#541,#75,.T.);
#427=EDGE_CURVE('',#541,#542,#76,.T.);
#428=EDGE_CURVE('',#542,#543,#77,.T.);
#429=EDGE_CURVE('',#543,#544,#78,.T.);
#430=EDGE_CURVE('',#544,#545,#79,.T.);
#431=EDGE_CURVE('',#545,#546,#80,.T.);
#432=EDGE_CURVE('',#546,#495,#586,.T.);
#433=EDGE_CURVE('',#547,#514,#587,.T.);
#434=EDGE_CURVE('',#548,#547,#588,.T.);
#435=EDGE_CURVE('',#548,#513,#589,.T.);
#436=EDGE_CURVE('',#549,#516,#590,.T.);
#437=EDGE_CURVE('',#547,#549,#591,.T.);
#438=EDGE_CURVE('',#550,#515,#592,.T.);
#439=EDGE_CURVE('',#550,#549,#593,.T.);
#440=EDGE_CURVE('',#548,#550,#594,.T.);
#441=EDGE_CURVE('',#551,#552,#81,.T.);
#442=EDGE_CURVE('',#552,#525,#82,.T.);
#443=EDGE_CURVE('',#546,#551,#83,.T.);
#444=EDGE_CURVE('',#553,#554,#84,.T.);
#445=EDGE_CURVE('',#554,#555,#85,.T.);
#446=EDGE_CURVE('',#555,#556,#86,.T.);
#447=EDGE_CURVE('',#556,#553,#87,.T.);
#448=EDGE_CURVE('',#535,#557,#88,.T.);
#449=EDGE_CURVE('',#557,#558,#89,.T.);
#450=EDGE_CURVE('',#558,#536,#90,.T.);
#451=EDGE_CURVE('',#559,#560,#91,.T.);
#452=EDGE_CURVE('',#560,#561,#92,.T.);
#453=EDGE_CURVE('',#561,#562,#93,.T.);
#454=EDGE_CURVE('',#562,#559,#94,.T.);
#455=EDGE_CURVE('',#499,#560,#95,.T.);
#456=EDGE_CURVE('',#559,#500,#96,.T.);
#457=EDGE_CURVE('',#561,#554,#97,.T.);
#458=EDGE_CURVE('',#553,#562,#98,.T.);
#459=EDGE_CURVE('',#555,#552,#99,.T.);
#460=EDGE_CURVE('',#551,#556,#100,.T.);
#461=EDGE_CURVE('',#557,#510,#101,.T.);
#462=EDGE_CURVE('',#509,#558,#102,.T.);
#463=EDGE_CURVE('',#537,#509,#103,.T.);
#464=EDGE_CURVE('',#556,#545,#104,.T.);
#465=EDGE_CURVE('',#538,#512,#105,.F.);
#466=EDGE_CURVE('',#553,#544,#106,.F.);
#467=EDGE_CURVE('',#510,#534,#107,.T.);
#468=EDGE_CURVE('',#562,#543,#108,.T.);
#469=EDGE_CURVE('',#511,#533,#109,.F.);
#470=EDGE_CURVE('',#524,#512,#110,.T.);
#471=EDGE_CURVE('',#521,#511,#111,.F.);
#472=EDGE_CURVE('',#538,#524,#112,.T.);
#473=EDGE_CURVE('',#539,#523,#113,.F.);
#474=EDGE_CURVE('',#559,#542,#114,.F.);
#475=EDGE_CURVE('',#526,#555,#115,.T.);
#476=EDGE_CURVE('',#500,#541,#116,.T.);
#477=EDGE_CURVE('',#527,#554,#117,.F.);
#478=EDGE_CURVE('',#521,#533,#118,.T.);
#479=EDGE_CURVE('',#522,#532,#119,.F.);
#480=EDGE_CURVE('',#518,#523,#120,.T.);
#481=EDGE_CURVE('',#519,#522,#121,.F.);
#482=EDGE_CURVE('',#539,#518,#122,.T.);
#483=EDGE_CURVE('',#540,#517,#123,.F.);
#484=EDGE_CURVE('',#497,#540,#124,.F.);
#485=EDGE_CURVE('',#528,#561,#125,.T.);
#486=EDGE_CURVE('',#529,#560,#126,.F.);
#487=EDGE_CURVE('',#519,#532,#127,.T.);
#488=EDGE_CURVE('',#520,#531,#128,.F.);
#489=EDGE_CURVE('',#497,#517,#129,.T.);
#490=EDGE_CURVE('',#498,#520,#130,.F.);
#491=EDGE_CURVE('',#530,#499,#131,.T.);
#492=EDGE_CURVE('',#498,#531,#132,.T.);
#493=VERTEX_POINT('',#922);
#494=VERTEX_POINT('',#923);
#495=VERTEX_POINT('',#925);
#496=VERTEX_POINT('',#927);
#497=VERTEX_POINT('',#934);
#498=VERTEX_POINT('',#935);
#499=VERTEX_POINT('',#940);
#500=VERTEX_POINT('',#945);
#501=VERTEX_POINT('',#952);
#502=VERTEX_POINT('',#953);
#503=VERTEX_POINT('',#955);
#504=VERTEX_POINT('',#957);
#505=VERTEX_POINT('',#961);
#506=VERTEX_POINT('',#963);
#507=VERTEX_POINT('',#967);
#508=VERTEX_POINT('',#969);
#509=VERTEX_POINT('',#979);
#510=VERTEX_POINT('',#980);
#511=VERTEX_POINT('',#985);
#512=VERTEX_POINT('',#990);
#513=VERTEX_POINT('',#996);
#514=VERTEX_POINT('',#997);
#515=VERTEX_POINT('',#999);
#516=VERTEX_POINT('',#1001);
#517=VERTEX_POINT('',#1008);
#518=VERTEX_POINT('',#1009);
#519=VERTEX_POINT('',#1014);
#520=VERTEX_POINT('',#1019);
#521=VERTEX_POINT('',#1029);
#522=VERTEX_POINT('',#1030);
#523=VERTEX_POINT('',#1035);
#524=VERTEX_POINT('',#1040);
#525=VERTEX_POINT('',#1047);
#526=VERTEX_POINT('',#1060);
#527=VERTEX_POINT('',#1065);
#528=VERTEX_POINT('',#1077);
#529=VERTEX_POINT('',#1082);
#530=VERTEX_POINT('',#1094);
#531=VERTEX_POINT('',#1099);
#532=VERTEX_POINT('',#1104);
#533=VERTEX_POINT('',#1109);
#534=VERTEX_POINT('',#1114);
#535=VERTEX_POINT('',#1127);
#536=VERTEX_POINT('',#1131);
#537=VERTEX_POINT('',#1144);
#538=VERTEX_POINT('',#1149);
#539=VERTEX_POINT('',#1154);
#540=VERTEX_POINT('',#1159);
#541=VERTEX_POINT('',#1164);
#542=VERTEX_POINT('',#1176);
#543=VERTEX_POINT('',#1181);
#544=VERTEX_POINT('',#1193);
#545=VERTEX_POINT('',#1198);
#546=VERTEX_POINT('',#1211);
#547=VERTEX_POINT('',#1215);
#548=VERTEX_POINT('',#1217);
#549=VERTEX_POINT('',#1221);
#550=VERTEX_POINT('',#1225);
#551=VERTEX_POINT('',#1235);
#552=VERTEX_POINT('',#1236);
#553=VERTEX_POINT('',#1272);
#554=VERTEX_POINT('',#1273);
#555=VERTEX_POINT('',#1278);
#556=VERTEX_POINT('',#1283);
#557=VERTEX_POINT('',#1304);
#558=VERTEX_POINT('',#1309);
#559=VERTEX_POINT('',#1330);
#560=VERTEX_POINT('',#1331);
#561=VERTEX_POINT('',#1336);
#562=VERTEX_POINT('',#1341);
#563=LINE('',#921,#595);
#564=LINE('',#924,#596);
#565=LINE('',#926,#597);
#566=LINE('',#928,#598);
#567=LINE('',#951,#599);
#568=LINE('',#954,#600);
#569=LINE('',#956,#601);
#570=LINE('',#958,#602);
#571=LINE('',#960,#603);
#572=LINE('',#962,#604);
#573=LINE('',#964,#605);
#574=LINE('',#966,#606);
#575=LINE('',#968,#607);
#576=LINE('',#970,#608);
#577=LINE('',#972,#609);
#578=LINE('',#973,#610);
#579=LINE('',#995,#611);
#580=LINE('',#998,#612);
#581=LINE('',#1000,#613);
#582=LINE('',#1002,#614);
#583=LINE('',#1046,#615);
#584=LINE('',#1128,#616);
#585=LINE('',#1130,#617);
#586=LINE('',#1212,#618);
#587=LINE('',#1214,#619);
#588=LINE('',#1216,#620);
#589=LINE('',#1218,#621);
#590=LINE('',#1220,#622);
#591=LINE('',#1222,#623);
#592=LINE('',#1224,#624);
#593=LINE('',#1226,#625);
#594=LINE('',#1228,#626);
#595=VECTOR('',#849,1.);
#596=VECTOR('',#850,1.);
#597=VECTOR('',#851,1.);
#598=VECTOR('',#852,1.);
#599=VECTOR('',#857,1.);
#600=VECTOR('',#858,1.);
#601=VECTOR('',#859,1.);
#602=VECTOR('',#860,1.);
#603=VECTOR('',#863,1.);
#604=VECTOR('',#864,1.);
#605=VECTOR('',#865,1.);
#606=VECTOR('',#868,1.);
#607=VECTOR('',#869,1.);
#608=VECTOR('',#870,1.);
#609=VECTOR('',#873,1.);
#610=VECTOR('',#874,1.);
#611=VECTOR('',#877,1.);
#612=VECTOR('',#878,1.);
#613=VECTOR('',#879,1.);
#614=VECTOR('',#880,1.);
#615=VECTOR('',#887,1.);
#616=VECTOR('',#888,1.);
#617=VECTOR('',#891,1.);
#618=VECTOR('',#892,1.);
#619=VECTOR('',#895,1.);
#620=VECTOR('',#896,1.);
#621=VECTOR('',#897,1.);
#622=VECTOR('',#900,1.);
#623=VECTOR('',#901,1.);
#624=VECTOR('',#904,1.);
#625=VECTOR('',#905,1.);
#626=VECTOR('',#908,1.);
#627=EDGE_LOOP('',(#133,#134,#135,#136));
#628=EDGE_LOOP('',(#137,#138,#139,#140));
#629=EDGE_LOOP('',(#141,#142,#143,#144));
#630=EDGE_LOOP('',(#145,#146,#147,#148));
#631=EDGE_LOOP('',(#149,#150,#151,#152));
#632=EDGE_LOOP('',(#153,#154,#155,#156));
#633=EDGE_LOOP('',(#157,#158,#159,#160));
#634=EDGE_LOOP('',(#161,#162,#163,#164));
#635=EDGE_LOOP('',(#165,#166,#167,#168));
#636=EDGE_LOOP('',(#169,#170,#171,#172));
#637=EDGE_LOOP('',(#173,#174,#175,#176));
#638=EDGE_LOOP('',(#177,#178,#179,#180,#181,#182,#183,#184,#185,#186,#187,
#188,#189));
#639=EDGE_LOOP('',(#190,#191,#192,#193,#194,#195,#196,#197,#198,#199,#200,
#201,#202));
#640=EDGE_LOOP('',(#203,#204,#205,#206));
#641=EDGE_LOOP('',(#207,#208,#209,#210));
#642=EDGE_LOOP('',(#211,#212,#213,#214));
#643=EDGE_LOOP('',(#215,#216,#217,#218));
#644=EDGE_LOOP('',(#219,#220,#221,#222));
#645=EDGE_LOOP('',(#223,#224,#225,#226));
#646=EDGE_LOOP('',(#227,#228,#229,#230,#231,#232));
#647=EDGE_LOOP('',(#233,#234,#235,#236));
#648=EDGE_LOOP('',(#237,#238,#239,#240,#241,#242));
#649=EDGE_LOOP('',(#243,#244,#245,#246));
#650=EDGE_LOOP('',(#247,#248,#249,#250));
#651=EDGE_LOOP('',(#251,#252,#253,#254));
#652=EDGE_LOOP('',(#255,#256,#257,#258));
#653=EDGE_LOOP('',(#259,#260,#261,#262));
#654=EDGE_LOOP('',(#263,#264,#265,#266));
#655=EDGE_LOOP('',(#267,#268,#269,#270));
#656=EDGE_LOOP('',(#271,#272,#273,#274));
#657=EDGE_LOOP('',(#275,#276,#277,#278));
#658=EDGE_LOOP('',(#279,#280,#281,#282));
#659=EDGE_LOOP('',(#283,#284,#285,#286));
#660=EDGE_LOOP('',(#287,#288,#289,#290));
#661=EDGE_LOOP('',(#291,#292,#293,#294));
#662=EDGE_LOOP('',(#295,#296,#297,#298));
#663=EDGE_LOOP('',(#299,#300,#301,#302));
#664=EDGE_LOOP('',(#303,#304,#305,#306));
#665=EDGE_LOOP('',(#307,#308,#309,#310));
#666=EDGE_LOOP('',(#311,#312,#313,#314));
#667=EDGE_LOOP('',(#315,#316,#317,#318));
#668=EDGE_LOOP('',(#319,#320,#321,#322));
#669=EDGE_LOOP('',(#323,#324,#325,#326));
#670=EDGE_LOOP('',(#327,#328,#329,#330));
#671=EDGE_LOOP('',(#331,#332,#333,#334));
#672=EDGE_LOOP('',(#335,#336,#337,#338));
#673=EDGE_LOOP('',(#339,#340,#341,#342));
#674=EDGE_LOOP('',(#343,#344,#345,#346));
#675=EDGE_LOOP('',(#347,#348,#349,#350));
#676=EDGE_LOOP('',(#351,#352,#353,#354));
#677=EDGE_LOOP('',(#355,#356,#357));
#678=EDGE_LOOP('',(#358,#359,#360));
#679=EDGE_LOOP('',(#361,#362,#363));
#680=EDGE_LOOP('',(#364,#365,#366));
#681=EDGE_LOOP('',(#367,#368,#369));
#682=EDGE_LOOP('',(#370,#371,#372));
#683=FACE_BOUND('',#627,.T.);
#684=FACE_BOUND('',#628,.T.);
#685=FACE_BOUND('',#629,.T.);
#686=FACE_BOUND('',#630,.T.);
#687=FACE_BOUND('',#631,.T.);
#688=FACE_BOUND('',#632,.T.);
#689=FACE_BOUND('',#633,.T.);
#690=FACE_BOUND('',#634,.T.);
#691=FACE_BOUND('',#635,.T.);
#692=FACE_BOUND('',#636,.T.);
#693=FACE_BOUND('',#637,.T.);
#694=FACE_BOUND('',#638,.T.);
#695=FACE_BOUND('',#639,.T.);
#696=FACE_BOUND('',#640,.T.);
#697=FACE_BOUND('',#641,.T.);
#698=FACE_BOUND('',#642,.T.);
#699=FACE_BOUND('',#643,.T.);
#700=FACE_BOUND('',#644,.T.);
#701=FACE_BOUND('',#645,.T.);
#702=FACE_BOUND('',#646,.T.);
#703=FACE_BOUND('',#647,.T.);
#704=FACE_BOUND('',#648,.T.);
#705=FACE_BOUND('',#649,.T.);
#706=FACE_BOUND('',#650,.T.);
#707=FACE_BOUND('',#651,.T.);
#708=FACE_BOUND('',#652,.T.);
#709=FACE_BOUND('',#653,.T.);
#710=FACE_BOUND('',#654,.T.);
#711=FACE_BOUND('',#655,.T.);
#712=FACE_BOUND('',#656,.T.);
#713=FACE_BOUND('',#657,.T.);
#714=FACE_BOUND('',#658,.T.);
#715=FACE_BOUND('',#659,.T.);
#716=FACE_BOUND('',#660,.T.);
#717=FACE_BOUND('',#661,.T.);
#718=FACE_BOUND('',#662,.T.);
#719=FACE_BOUND('',#663,.T.);
#720=FACE_BOUND('',#664,.T.);
#721=FACE_BOUND('',#665,.T.);
#722=FACE_BOUND('',#666,.T.);
#723=FACE_BOUND('',#667,.T.);
#724=FACE_BOUND('',#668,.T.);
#725=FACE_BOUND('',#669,.T.);
#726=FACE_BOUND('',#670,.T.);
#727=FACE_BOUND('',#671,.T.);
#728=FACE_BOUND('',#672,.T.);
#729=FACE_BOUND('',#673,.T.);
#730=FACE_BOUND('',#674,.T.);
#731=FACE_BOUND('',#675,.T.);
#732=FACE_BOUND('',#676,.T.);
#733=FACE_BOUND('',#677,.T.);
#734=FACE_BOUND('',#678,.T.);
#735=FACE_BOUND('',#679,.T.);
#736=FACE_BOUND('',#680,.T.);
#737=FACE_BOUND('',#681,.T.);
#738=FACE_BOUND('',#682,.T.);
#739=PLANE('',#825);
#740=PLANE('',#826);
#741=PLANE('',#827);
#742=PLANE('',#828);
#743=PLANE('',#829);
#744=PLANE('',#830);
#745=PLANE('',#831);
#746=PLANE('',#832);
#747=PLANE('',#833);
#748=PLANE('',#834);
#749=PLANE('',#835);
#750=PLANE('',#836);
#751=PLANE('',#837);
#752=PLANE('',#838);
#753=PLANE('',#839);
#754=PLANE('',#840);
#755=PLANE('',#841);
#756=PLANE('',#842);
#757=PLANE('',#843);
#758=PLANE('',#844);
#759=ADVANCED_FACE('',(#683),#739,.F.);
#760=ADVANCED_FACE('',(#684),#740,.F.);
#761=ADVANCED_FACE('',(#685),#741,.F.);
#762=ADVANCED_FACE('',(#686),#742,.T.);
#763=ADVANCED_FACE('',(#687),#743,.T.);
#764=ADVANCED_FACE('',(#688),#744,.F.);
#765=ADVANCED_FACE('',(#689,#690),#745,.T.);
#766=ADVANCED_FACE('',(#691,#692),#746,.F.);
#767=ADVANCED_FACE('',(#693),#747,.T.);
#768=ADVANCED_FACE('',(#694),#748,.T.);
#769=ADVANCED_FACE('',(#695),#749,.F.);
#770=ADVANCED_FACE('',(#696),#750,.F.);
#771=ADVANCED_FACE('',(#697),#751,.F.);
#772=ADVANCED_FACE('',(#698),#752,.T.);
#773=ADVANCED_FACE('',(#699),#753,.T.);
#774=ADVANCED_FACE('',(#700,#701),#754,.T.);
#775=ADVANCED_FACE('',(#702),#755,.T.);
#776=ADVANCED_FACE('',(#703),#756,.F.);
#777=ADVANCED_FACE('',(#704),#757,.F.);
#778=ADVANCED_FACE('',(#705),#758,.T.);
#779=ADVANCED_FACE('',(#706),#12,.F.);
#780=ADVANCED_FACE('',(#707),#13,.F.);
#781=ADVANCED_FACE('',(#708),#14,.T.);
#782=ADVANCED_FACE('',(#709),#15,.T.);
#783=ADVANCED_FACE('',(#710),#16,.T.);
#784=ADVANCED_FACE('',(#711),#17,.T.);
#785=ADVANCED_FACE('',(#712),#18,.T.);
#786=ADVANCED_FACE('',(#713),#19,.T.);
#787=ADVANCED_FACE('',(#714),#20,.T.);
#788=ADVANCED_FACE('',(#715),#21,.T.);
#789=ADVANCED_FACE('',(#716),#22,.T.);
#790=ADVANCED_FACE('',(#717),#23,.T.);
#791=ADVANCED_FACE('',(#718),#24,.T.);
#792=ADVANCED_FACE('',(#719),#25,.T.);
#793=ADVANCED_FACE('',(#720),#26,.T.);
#794=ADVANCED_FACE('',(#721),#27,.T.);
#795=ADVANCED_FACE('',(#722),#28,.T.);
#796=ADVANCED_FACE('',(#723),#29,.T.);
#797=ADVANCED_FACE('',(#724),#30,.T.);
#798=ADVANCED_FACE('',(#725),#31,.T.);
#799=ADVANCED_FACE('',(#726),#32,.T.);
#800=ADVANCED_FACE('',(#727),#33,.T.);
#801=ADVANCED_FACE('',(#728),#34,.T.);
#802=ADVANCED_FACE('',(#729),#35,.T.);
#803=ADVANCED_FACE('',(#730),#36,.T.);
#804=ADVANCED_FACE('',(#731),#37,.T.);
#805=ADVANCED_FACE('',(#732),#38,.T.);
#806=ADVANCED_FACE('',(#733),#39,.F.);
#807=ADVANCED_FACE('',(#734),#40,.F.);
#808=ADVANCED_FACE('',(#735),#41,.F.);
#809=ADVANCED_FACE('',(#736),#42,.F.);
#810=ADVANCED_FACE('',(#737),#43,.F.);
#811=ADVANCED_FACE('',(#738),#44,.F.);
#812=CLOSED_SHELL('',(#759,#760,#761,#762,#763,#764,#765,#766,#767,#768,
#769,#770,#771,#772,#773,#774,#775,#776,#777,#778,#779,#780,#781,#782,#783,
#784,#785,#786,#787,#788,#789,#790,#791,#792,#793,#794,#795,#796,#797,#798,
#799,#800,#801,#802,#803,#804,#805,#806,#807,#808,#809,#810,#811));
#813=STYLED_ITEM('',(#814),#821);
#814=PRESENTATION_STYLE_ASSIGNMENT((#815));
#815=SURFACE_STYLE_USAGE(.BOTH.,#816);
#816=SURFACE_SIDE_STYLE('',(#817));
#817=SURFACE_STYLE_FILL_AREA(#818);
#818=FILL_AREA_STYLE('',(#819));
#819=FILL_AREA_STYLE_COLOUR('',#820);
#820=COLOUR_RGB('',0.615686274509804,0.811764705882353,0.929411764705882);
#821=MANIFOLD_SOLID_BREP('XAxis-KW12Holder',#812);
#822=SHAPE_DEFINITION_REPRESENTATION(#6172,#823);
#823=SHAPE_REPRESENTATION('XAxis-KW12Holder',(#824),#6167);
#824=AXIS2_PLACEMENT_3D('',#919,#845,#846);
#825=AXIS2_PLACEMENT_3D('',#920,#847,#848);
#826=AXIS2_PLACEMENT_3D('',#929,#853,#854);
#827=AXIS2_PLACEMENT_3D('',#950,#855,#856);
#828=AXIS2_PLACEMENT_3D('',#959,#861,#862);
#829=AXIS2_PLACEMENT_3D('',#965,#866,#867);
#830=AXIS2_PLACEMENT_3D('',#971,#871,#872);
#831=AXIS2_PLACEMENT_3D('',#974,#875,#876);
#832=AXIS2_PLACEMENT_3D('',#1003,#881,#882);
#833=AXIS2_PLACEMENT_3D('',#1024,#883,#884);
#834=AXIS2_PLACEMENT_3D('',#1045,#885,#886);
#835=AXIS2_PLACEMENT_3D('',#1129,#889,#890);
#836=AXIS2_PLACEMENT_3D('',#1213,#893,#894);
#837=AXIS2_PLACEMENT_3D('',#1219,#898,#899);
#838=AXIS2_PLACEMENT_3D('',#1223,#902,#903);
#839=AXIS2_PLACEMENT_3D('',#1227,#906,#907);
#840=AXIS2_PLACEMENT_3D('',#1229,#909,#910);
#841=AXIS2_PLACEMENT_3D('',#1230,#911,#912);
#842=AXIS2_PLACEMENT_3D('',#1267,#913,#914);
#843=AXIS2_PLACEMENT_3D('',#1288,#915,#916);
#844=AXIS2_PLACEMENT_3D('',#1325,#917,#918);
#845=DIRECTION('',(0.,0.,1.));
#846=DIRECTION('',(1.,0.,0.));
#847=DIRECTION('',(0.,1.,0.));
#848=DIRECTION('',(1.,0.,0.));
#849=DIRECTION('',(1.,0.,0.));
#850=DIRECTION('',(0.,0.,-1.));
#851=DIRECTION('',(1.,0.,0.));
#852=DIRECTION('',(0.,0.,-1.));
#853=DIRECTION('',(0.,1.,0.));
#854=DIRECTION('',(1.,0.,0.));
#855=DIRECTION('',(0.,-1.,0.));
#856=DIRECTION('',(-1.,0.,0.));
#857=DIRECTION('',(1.,0.,0.));
#858=DIRECTION('',(0.,0.,1.));
#859=DIRECTION('',(1.,0.,0.));
#860=DIRECTION('',(0.,0.,1.));
#861=DIRECTION('',(-1.,-3.46944695195362E-16,0.));
#862=DIRECTION('',(-3.46944695195362E-16,1.,0.));
#863=DIRECTION('',(3.46944695195362E-16,-1.,0.));
#864=DIRECTION('',(0.,0.,1.));
#865=DIRECTION('',(3.46944695195362E-16,-1.,-1.98254111540206E-16));
#866=DIRECTION('',(0.,-1.,0.));
#867=DIRECTION('',(-1.,0.,0.));
#868=DIRECTION('',(1.,0.,0.));
#869=DIRECTION('',(0.,0.,1.));
#870=DIRECTION('',(1.,0.,0.));
#871=DIRECTION('',(-1.,0.,0.));
#872=DIRECTION('',(0.,1.,0.));
#873=DIRECTION('',(0.,-1.,0.));
#874=DIRECTION('',(0.,-1.,-1.98254111540206E-16));
#875=DIRECTION('',(0.,0.,1.));
#876=DIRECTION('',(0.,-1.,0.));
#877=DIRECTION('',(6.93889390390723E-17,-1.,0.));
#878=DIRECTION('',(1.,0.,0.));
#879=DIRECTION('',(2.77555756156289E-16,-1.,0.));
#880=DIRECTION('',(1.,0.,0.));
#881=DIRECTION('',(0.,-1.98254111540206E-16,1.));
#882=DIRECTION('',(0.,-1.,-1.98254111540206E-16));
#883=DIRECTION('',(0.,1.,0.));
#884=DIRECTION('',(1.,0.,0.));
#885=DIRECTION('',(1.,0.,0.));
#886=DIRECTION('',(0.,0.,-1.));
#887=DIRECTION('',(0.,1.,0.));
#888=DIRECTION('',(0.,1.,0.));
#889=DIRECTION('',(1.,0.,0.));
#890=DIRECTION('',(0.,0.,-1.));
#891=DIRECTION('',(0.,1.,0.));
#892=DIRECTION('',(0.,1.,0.));
#893=DIRECTION('',(-1.,-6.93889390390723E-17,0.));
#894=DIRECTION('',(-6.93889390390723E-17,1.,0.));
#895=DIRECTION('',(0.,0.,1.));
#896=DIRECTION('',(6.93889390390723E-17,-1.,0.));
#897=DIRECTION('',(0.,0.,1.));
#898=DIRECTION('',(0.,-1.,0.));
#899=DIRECTION('',(-1.,0.,0.));
#900=DIRECTION('',(0.,0.,1.));
#901=DIRECTION('',(1.,0.,0.));
#902=DIRECTION('',(-1.,-2.77555756156289E-16,0.));
#903=DIRECTION('',(-2.77555756156289E-16,1.,0.));
#904=DIRECTION('',(0.,0.,1.));
#905=DIRECTION('',(2.77555756156289E-16,-1.,0.));
#906=DIRECTION('',(0.,-1.,0.));
#907=DIRECTION('',(-1.,0.,0.));
#908=DIRECTION('',(1.,0.,0.));
#909=DIRECTION('',(0.,0.,1.));
#910=DIRECTION('',(1.,0.,0.));
#911=DIRECTION('',(0.,0.,1.));
#912=DIRECTION('',(0.,-1.,0.));
#913=DIRECTION('',(0.,0.,1.));
#914=DIRECTION('',(0.,-1.,0.));
#915=DIRECTION('',(0.,0.,1.));
#916=DIRECTION('',(0.,-1.,0.));
#917=DIRECTION('',(0.,-0.707106781186548,-0.707106781186548));
#918=DIRECTION('',(-1.,0.,0.));
#919=CARTESIAN_POINT('',(0.,0.,0.));
#920=CARTESIAN_POINT('',(0.025,0.,-0.0089140386841245));
#921=CARTESIAN_POINT('',(0.0125,0.,0.00750000000000013));
#922=CARTESIAN_POINT('',(0.,0.,0.00750000000000013));
#923=CARTESIAN_POINT('',(0.025,0.,0.00750000000000013));
#924=CARTESIAN_POINT('',(0.,0.,-0.0089140386841245));
#925=CARTESIAN_POINT('',(0.,0.,-0.00749999999999987));
#926=CARTESIAN_POINT('',(0.0125,0.,-0.00749999999999987));
#927=CARTESIAN_POINT('',(0.025,0.,-0.00749999999999987));
#928=CARTESIAN_POINT('',(0.025,0.,-0.0089140386841245));
#929=CARTESIAN_POINT('',(0.025,0.,-0.0089140386841245));
#930=CARTESIAN_POINT('',(0.00199999999999965,0.,-0.0263280773682491));
#931=CARTESIAN_POINT('',(0.00899999999999977,0.,-0.0263280773682491));
#932=CARTESIAN_POINT('',(0.0159999999999999,0.,-0.0263280773682491));
#933=CARTESIAN_POINT('',(0.023,0.,-0.0263280773682491));
#934=CARTESIAN_POINT('',(0.00199999999999967,0.,-0.0263280773682491));
#935=CARTESIAN_POINT('',(0.023,0.,-0.0263280773682491));
#936=CARTESIAN_POINT('',(0.023,0.,-0.0263280773682492));
#937=CARTESIAN_POINT('',(0.023,0.,-0.0252138120369123));
#938=CARTESIAN_POINT('',(0.023,0.,-0.0240995467055754));
#939=CARTESIAN_POINT('',(0.023,0.,-0.0229852813742384));
#940=CARTESIAN_POINT('',(0.0229999999999992,0.,-0.0229852813742384));
#941=CARTESIAN_POINT('',(0.0229999999999992,0.,-0.0229852813742384));
#942=CARTESIAN_POINT('',(0.0159999999999994,0.,-0.0229852813742384));
#943=CARTESIAN_POINT('',(0.00899999999999959,0.,-0.0229852813742384));
#944=CARTESIAN_POINT('',(0.00199999999999979,0.,-0.0229852813742384));
#945=CARTESIAN_POINT('',(0.00199999999999978,0.,-0.0229852813742384));
#946=CARTESIAN_POINT('',(0.002,0.,-0.0229852813742384));
#947=CARTESIAN_POINT('',(0.002,0.,-0.0240995467055756));
#948=CARTESIAN_POINT('',(0.002,0.,-0.0252138120369127));
#949=CARTESIAN_POINT('',(0.002,0.,-0.0263280773682498));
#950=CARTESIAN_POINT('',(0.010875,0.004,-0.0474549703780642));
#951=CARTESIAN_POINT('',(0.014125,0.004,-0.00949999999999987));
#952=CARTESIAN_POINT('',(0.00925,0.004,-0.00949999999999987));
#953=CARTESIAN_POINT('',(0.01575,0.004,-0.00949999999999987));
#954=CARTESIAN_POINT('',(0.01575,0.004,-0.0474549703780642));
#955=CARTESIAN_POINT('',(0.01575,0.004,-0.0283280773682492));
#956=CARTESIAN_POINT('',(0.025,0.004,-0.0283280773682492));
#957=CARTESIAN_POINT('',(0.00925,0.004,-0.0283280773682492));
#958=CARTESIAN_POINT('',(0.00925,0.004,-0.0474549703780642));
#959=CARTESIAN_POINT('',(0.01575,0.014,-0.0474549703780642));
#960=CARTESIAN_POINT('',(0.01575,0.014,-0.00949999999999987));
#961=CARTESIAN_POINT('',(0.01575,0.024,-0.00949999999999987));
#962=CARTESIAN_POINT('',(0.01575,0.024,-0.0474549703780642));
#963=CARTESIAN_POINT('',(0.01575,0.024,-0.0283280773682492));
#964=CARTESIAN_POINT('',(0.01575,0.0175,-0.0283280773682492));
#965=CARTESIAN_POINT('',(0.0125,0.024,-0.0474549703780642));
#966=CARTESIAN_POINT('',(0.0125,0.024,-0.00949999999999987));
#967=CARTESIAN_POINT('',(0.00925,0.024,-0.00949999999999987));
#968=CARTESIAN_POINT('',(0.00925,0.024,-0.0474549703780642));
#969=CARTESIAN_POINT('',(0.00925,0.024,-0.0283280773682492));
#970=CARTESIAN_POINT('',(0.025,0.024,-0.0283280773682492));
#971=CARTESIAN_POINT('',(0.00925,0.014,-0.0474549703780642));
#972=CARTESIAN_POINT('',(0.00925,0.014,-0.00949999999999987));
#973=CARTESIAN_POINT('',(0.00925,0.0175,-0.0283280773682492));
#974=CARTESIAN_POINT('',(0.025,0.0175,0.0105000000000001));
#975=CARTESIAN_POINT('',(0.00199999999999989,-0.019,0.0105000000000001));
#976=CARTESIAN_POINT('',(0.00899999999999939,-0.019,0.0105000000000001));
#977=CARTESIAN_POINT('',(0.0159999999999989,-0.019,0.0105000000000001));
#978=CARTESIAN_POINT('',(0.0229999999999984,-0.019,0.0105000000000001));
#979=CARTESIAN_POINT('',(0.00199999999999989,-0.019,0.0105000000000001));
#980=CARTESIAN_POINT('',(0.0229999999999984,-0.019,0.0105000000000001));
#981=CARTESIAN_POINT('',(0.023,-0.019,0.0105000000000001));
#982=CARTESIAN_POINT('',(0.023,-0.00166666666666131,0.0105000000000001));
#983=CARTESIAN_POINT('',(0.023,0.0156666666666774,0.0105000000000001));
#984=CARTESIAN_POINT('',(0.023,0.0330000000000161,0.0105000000000001));
#985=CARTESIAN_POINT('',(0.023,0.033,0.0105000000000001));
#986=CARTESIAN_POINT('',(0.023,0.033,0.0105000000000001));
#987=CARTESIAN_POINT('',(0.0159999999999999,0.033,0.0105000000000001));
#988=CARTESIAN_POINT('',(0.00899999999999977,0.033,0.0105000000000001));
#989=CARTESIAN_POINT('',(0.00199999999999965,0.033,0.0105000000000001));
#990=CARTESIAN_POINT('',(0.00199999999999966,0.033,0.0105000000000001));
#991=CARTESIAN_POINT('',(0.002,0.0329999999999968,0.0105000000000001));
#992=CARTESIAN_POINT('',(0.002,0.0156666666666645,0.0105000000000001));
#993=CARTESIAN_POINT('',(0.002,-0.00166666666666775,0.0105000000000001));
#994=CARTESIAN_POINT('',(0.002,-0.019,0.0105000000000001));
#995=CARTESIAN_POINT('',(0.00675,0.014,0.0105000000000001));
#996=CARTESIAN_POINT('',(0.00675,0.0265,0.0105000000000001));
#997=CARTESIAN_POINT('',(0.00675,0.0015,0.0105000000000001));
#998=CARTESIAN_POINT('',(0.0125,0.0265,0.0105000000000001));
#999=CARTESIAN_POINT('',(0.01825,0.0265,0.0105000000000001));
#1000=CARTESIAN_POINT('',(0.01825,0.014,0.0105000000000001));
#1001=CARTESIAN_POINT('',(0.01825,0.0015,0.0105000000000001));
#1002=CARTESIAN_POINT('',(0.015375,0.0015,0.0105000000000001));
#1003=CARTESIAN_POINT('',(0.025,0.0175,-0.0283280773682492));
#1004=CARTESIAN_POINT('',(0.002,0.00200000000000315,-0.0283280773682492));
#1005=CARTESIAN_POINT('',(0.002,0.0123333333333382,-0.0283280773682492));
#1006=CARTESIAN_POINT('',(0.002,0.0226666666666732,-0.0283280773682491));
#1007=CARTESIAN_POINT('',(0.002,0.0330000000000083,-0.0283280773682491));
#1008=CARTESIAN_POINT('',(0.00199999999999968,0.002,-0.0283280773682492));
#1009=CARTESIAN_POINT('',(0.002,0.0330000000000083,-0.0283280773682491));
#1010=CARTESIAN_POINT('',(0.00199999999999965,0.033,-0.0283280773682491));
#1011=CARTESIAN_POINT('',(0.00899999999999977,0.033,-0.0283280773682491));
#1012=CARTESIAN_POINT('',(0.0159999999999999,0.033,-0.0283280773682491));
#1013=CARTESIAN_POINT('',(0.023,0.033,-0.0283280773682491));
#1014=CARTESIAN_POINT('',(0.023,0.0329999999999974,-0.0283280773682491));
#1015=CARTESIAN_POINT('',(0.023,0.0329999999999975,-0.0283280773682491));
#1016=CARTESIAN_POINT('',(0.023,0.0226666666666648,-0.0283280773682491));
#1017=CARTESIAN_POINT('',(0.023,0.0123333333333321,-0.0283280773682492));
#1018=CARTESIAN_POINT('',(0.023,0.00199999999999935,-0.0283280773682492));
#1019=CARTESIAN_POINT('',(0.023,0.002,-0.0283280773682492));
#1020=CARTESIAN_POINT('',(0.023,0.002,-0.0283280773682492));
#1021=CARTESIAN_POINT('',(0.0159999999999999,0.002,-0.0283280773682492));
#1022=CARTESIAN_POINT('',(0.00899999999999977,0.002,-0.0283280773682492));
#1023=CARTESIAN_POINT('',(0.00199999999999965,0.002,-0.0283280773682492));
#1024=CARTESIAN_POINT('',(0.025,0.035,-0.00891403868412388));
#1025=CARTESIAN_POINT('',(0.023,0.035,0.00850000000000012));
#1026=CARTESIAN_POINT('',(0.023,0.035,-0.00310935912274958));
#1027=CARTESIAN_POINT('',(0.023,0.035,-0.0147187182454993));
#1028=CARTESIAN_POINT('',(0.023,0.035,-0.026328077368249));
#1029=CARTESIAN_POINT('',(0.023,0.035,0.00850000000000013));
#1030=CARTESIAN_POINT('',(0.023,0.035,-0.026328077368249));
#1031=CARTESIAN_POINT('',(0.023,0.035,-0.0263280773682491));
#1032=CARTESIAN_POINT('',(0.0159999999999999,0.035,-0.0263280773682491));
#1033=CARTESIAN_POINT('',(0.00899999999999977,0.035,-0.0263280773682491));
#1034=CARTESIAN_POINT('',(0.00199999999999965,0.035,-0.0263280773682491));
#1035=CARTESIAN_POINT('',(0.002,0.035,-0.0263280773682491));
#1036=CARTESIAN_POINT('',(0.002,0.035,-0.0263280773682491));
#1037=CARTESIAN_POINT('',(0.002,0.035,-0.0147187182454994));
#1038=CARTESIAN_POINT('',(0.002,0.035,-0.00310935912274963));
#1039=CARTESIAN_POINT('',(0.002,0.035,0.00850000000000012));
#1040=CARTESIAN_POINT('',(0.00199999999999966,0.035,0.00850000000000013));
#1041=CARTESIAN_POINT('',(0.00199999999999965,0.035,0.00850000000000012));
#1042=CARTESIAN_POINT('',(0.00899999999999977,0.035,0.00850000000000012));
#1043=CARTESIAN_POINT('',(0.0159999999999999,0.035,0.00850000000000012));
#1044=CARTESIAN_POINT('',(0.023,0.035,0.00850000000000012));
#1045=CARTESIAN_POINT('',(0.025,0.0175,-0.0089140386841245));
#1046=CARTESIAN_POINT('',(0.025,-0.025,-0.00749999999999987));
#1047=CARTESIAN_POINT('',(0.025,-0.0221673177038837,-0.00749999999999987));
#1048=CARTESIAN_POINT('',(0.025,-0.022167317703881,-0.00750000000041491));
#1049=CARTESIAN_POINT('',(0.025,-0.0219890543832674,-0.00769639651569815));
#1050=CARTESIAN_POINT('',(0.025,-0.0216664206818472,-0.00794977308736581));
#1051=CARTESIAN_POINT('',(0.025,-0.0211502767710268,-0.00819941291874754));
#1052=CARTESIAN_POINT('',(0.025,-0.0206711624193025,-0.00835406338351772));
#1053=CARTESIAN_POINT('',(0.025,-0.0203586404356211,-0.00841739463022737));
#1054=CARTESIAN_POINT('',(0.025,-0.0200797350075864,-0.00845798831757992));
#1055=CARTESIAN_POINT('',(0.025,-0.0198320180033128,-0.00848090001397883));
#1056=CARTESIAN_POINT('',(0.025,-0.0197041250053326,-0.0084875989861671));
#1057=CARTESIAN_POINT('',(0.025,-0.0194326006348288,-0.00849762969134349));
#1058=CARTESIAN_POINT('',(0.025,-0.0191886722944262,-0.00850000001242756));
#1059=CARTESIAN_POINT('',(0.025,-0.019,-0.00849999999999987));
#1060=CARTESIAN_POINT('',(0.025,-0.019,-0.00849999999999987));
#1061=CARTESIAN_POINT('',(0.025,-0.019,-0.00849999999999987));
#1062=CARTESIAN_POINT('',(0.025,-0.0168284271247462,-0.00849999999999987));
#1063=CARTESIAN_POINT('',(0.025,-0.0146568542494924,-0.00849999999999987));
#1064=CARTESIAN_POINT('',(0.025,-0.0124852813742386,-0.00849999999999987));
#1065=CARTESIAN_POINT('',(0.025,-0.0124852813742386,-0.00849999999999987));
#1066=CARTESIAN_POINT('',(0.025,-0.0124852813742386,-0.00849999999999987));
#1067=CARTESIAN_POINT('',(0.025,-0.0122007922214823,-0.00849999992316456));
#1068=CARTESIAN_POINT('',(0.025,-0.0116487882004302,-0.00852440150659711));
#1069=CARTESIAN_POINT('',(0.025,-0.0109278438046604,-0.00862430613151808));
#1070=CARTESIAN_POINT('',(0.025,-0.0101455446974178,-0.00881722189082325));
#1071=CARTESIAN_POINT('',(0.025,-0.00941174410043803,-0.00907985216863374));
#1072=CARTESIAN_POINT('',(0.025,-0.00870806948931725,-0.00941247763563847));
#1073=CARTESIAN_POINT('',(0.025,-0.00801494718493649,-0.00983154275413768));
#1074=CARTESIAN_POINT('',(0.025,-0.00743732716883279,-0.0102687819363647));
#1075=CARTESIAN_POINT('',(0.025,-0.00702962906503135,-0.0106419437015413));
#1076=CARTESIAN_POINT('',(0.025,-0.0068284271247462,-0.0108431457505075));
#1077=CARTESIAN_POINT('',(0.025,-0.00682842712474619,-0.0108431457505075));
#1078=CARTESIAN_POINT('',(0.025,-0.0068284271247462,-0.0108431457505075));
#1079=CARTESIAN_POINT('',(0.025,-0.00466666666666668,-0.013004906208587));
#1080=CARTESIAN_POINT('',(0.025,-0.00250490620858717,-0.0151666666666665));
#1081=CARTESIAN_POINT('',(0.025,-0.000343145750507649,-0.0173284271247461));
#1082=CARTESIAN_POINT('',(0.025,-0.000343145750507614,-0.0173284271247461));
#1083=CARTESIAN_POINT('',(0.025,-0.0003431457505076,-0.0173284271247461));
#1084=CARTESIAN_POINT('',(0.025,-0.000141981487087499,-0.0175295912795055));
#1085=CARTESIAN_POINT('',(0.025,0.000231089774326008,-0.0179371715911541));
#1086=CARTESIAN_POINT('',(0.025,0.000670231207674009,-0.0185175995000058));
#1087=CARTESIAN_POINT('',(0.025,0.00108698816972626,-0.0192071805452661));
#1088=CARTESIAN_POINT('',(0.025,0.00142015589749875,-0.0199117635738048));
#1089=CARTESIAN_POINT('',(0.025,0.00168252726345611,-0.0206445383863945));
#1090=CARTESIAN_POINT('',(0.025,0.00187631495802735,-0.0214309736550625));
#1091=CARTESIAN_POINT('',(0.025,0.00197557919761128,-0.0221485874761497));
#1092=CARTESIAN_POINT('',(0.025,0.00200000007684968,-0.0227007387846614));
#1093=CARTESIAN_POINT('',(0.025,0.002,-0.0229852813742384));
#1094=CARTESIAN_POINT('',(0.025,0.002,-0.0229852813742384));
#1095=CARTESIAN_POINT('',(0.025,0.002,-0.0229852813742384));
#1096=CARTESIAN_POINT('',(0.025,0.002,-0.0240995467055754));
#1097=CARTESIAN_POINT('',(0.025,0.002,-0.0252138120369123));
#1098=CARTESIAN_POINT('',(0.025,0.002,-0.0263280773682492));
#1099=CARTESIAN_POINT('',(0.025,0.00199999999999951,-0.0263280773682491));
#1100=CARTESIAN_POINT('',(0.025,0.0019999999999995,-0.0263280773682491));
#1101=CARTESIAN_POINT('',(0.025,0.0123333333333322,-0.0263280773682491));
#1102=CARTESIAN_POINT('',(0.025,0.0226666666666648,-0.0263280773682491));
#1103=CARTESIAN_POINT('',(0.025,0.0329999999999975,-0.0263280773682491));
#1104=CARTESIAN_POINT('',(0.025,0.033,-0.026328077368249));
#1105=CARTESIAN_POINT('',(0.025,0.033,-0.026328077368249));
#1106=CARTESIAN_POINT('',(0.025,0.033,-0.0147187182454993));
#1107=CARTESIAN_POINT('',(0.025,0.033,-0.00310935912274958));
#1108=CARTESIAN_POINT('',(0.025,0.033,0.0085000000000001));
#1109=CARTESIAN_POINT('',(0.025,0.033,0.0085000000000001));
#1110=CARTESIAN_POINT('',(0.025,0.0330000000000161,0.00850000000000015));
#1111=CARTESIAN_POINT('',(0.025,0.0156666666666774,0.00850000000000015));
#1112=CARTESIAN_POINT('',(0.025,-0.00166666666666131,0.00850000000000015));
#1113=CARTESIAN_POINT('',(0.025,-0.019,0.00850000000000015));
#1114=CARTESIAN_POINT('',(0.025,-0.019,0.00850000000000013));
#1115=CARTESIAN_POINT('',(0.025,-0.019,0.00850000000000015));
#1116=CARTESIAN_POINT('',(0.025,-0.0191883853245127,0.00850000001240975));
#1117=CARTESIAN_POINT('',(0.025,-0.0194321452188727,0.0084976259249933));
#1118=CARTESIAN_POINT('',(0.025,-0.0197036883239528,0.00848760526334269));
#1119=CARTESIAN_POINT('',(0.025,-0.0198322784142264,0.00848087616062436));
#1120=CARTESIAN_POINT('',(0.025,-0.0200791300453096,0.00845807745382309));
#1121=CARTESIAN_POINT('',(0.025,-0.0203578730916737,0.00841752328190605));
#1122=CARTESIAN_POINT('',(0.025,-0.0206714727038043,0.00835396471865333));
#1123=CARTESIAN_POINT('',(0.025,-0.0211500185026567,0.00819963346321927));
#1124=CARTESIAN_POINT('',(0.025,-0.0216662314709182,0.00795001994228676));
#1125=CARTESIAN_POINT('',(0.025,-0.021988916714487,0.00769654818833983));
#1126=CARTESIAN_POINT('',(0.025,-0.022167317703881,0.00750000000041515));
#1127=CARTESIAN_POINT('',(0.025,-0.0221673177038838,0.00750000000000013));
#1128=CARTESIAN_POINT('',(0.025,-0.025,0.00750000000000013));
#1129=CARTESIAN_POINT('',(0.,0.0175,-0.0089140386841245));
#1130=CARTESIAN_POINT('',(0.,-0.025,0.00750000000000013));
#1131=CARTESIAN_POINT('',(0.,-0.0221673177038837,0.00750000000000013));
#1132=CARTESIAN_POINT('',(0.,-0.022167317703881,0.0075000000004152));
#1133=CARTESIAN_POINT('',(0.,-0.0219890543832677,0.00769639651569747));
#1134=CARTESIAN_POINT('',(0.,-0.0216664206818477,0.00794977308736446));
#1135=CARTESIAN_POINT('',(0.,-0.0211502767710273,0.00819941291874649));
#1136=CARTESIAN_POINT('',(0.,-0.020671162419302,0.00835406338351836));
#1137=CARTESIAN_POINT('',(0.,-0.020358640435622,0.00841739463022771));
#1138=CARTESIAN_POINT('',(0.,-0.0200797350075911,0.00845798831758008));
#1139=CARTESIAN_POINT('',(0.,-0.0198320180033013,0.00848090001398025));
#1140=CARTESIAN_POINT('',(0.,-0.0197041250053726,0.00848759898616456));
#1141=CARTESIAN_POINT('',(0.,-0.0194326006348772,0.00849762969134023));
#1142=CARTESIAN_POINT('',(0.,-0.0191886722944552,0.0085000000124257));
#1143=CARTESIAN_POINT('',(0.,-0.019,0.00850000000000015));
#1144=CARTESIAN_POINT('',(0.,-0.019,0.00850000000000013));
#1145=CARTESIAN_POINT('',(0.,-0.019,0.00850000000000015));
#1146=CARTESIAN_POINT('',(0.,-0.00166666666666775,0.00850000000000015));
#1147=CARTESIAN_POINT('',(0.,0.0156666666666645,0.00850000000000015));
#1148=CARTESIAN_POINT('',(0.,0.0329999999999968,0.00850000000000015));
#1149=CARTESIAN_POINT('',(0.,0.033,0.00850000000000011));
#1150=CARTESIAN_POINT('',(0.,0.033,0.0085000000000001));
#1151=CARTESIAN_POINT('',(0.,0.033,-0.00310935912274963));
#1152=CARTESIAN_POINT('',(0.,0.033,-0.0147187182454994));
#1153=CARTESIAN_POINT('',(0.,0.033,-0.0263280773682491));
#1154=CARTESIAN_POINT('',(0.,0.033,-0.0263280773682491));
#1155=CARTESIAN_POINT('',(0.,0.0330000000000083,-0.0263280773682491));
#1156=CARTESIAN_POINT('',(0.,0.022666666666672,-0.0263280773682491));
#1157=CARTESIAN_POINT('',(0.,0.0123333333333358,-0.0263280773682491));
#1158=CARTESIAN_POINT('',(0.,0.0019999999999995,-0.0263280773682491));
#1159=CARTESIAN_POINT('',(0.,0.00199999999999951,-0.0263280773682491));
#1160=CARTESIAN_POINT('',(0.,0.002,-0.0263280773682498));
#1161=CARTESIAN_POINT('',(0.,0.002,-0.0252138120369127));
#1162=CARTESIAN_POINT('',(0.,0.002,-0.0240995467055756));
#1163=CARTESIAN_POINT('',(0.,0.002,-0.0229852813742384));
#1164=CARTESIAN_POINT('',(0.,0.002,-0.0229852813742384));
#1165=CARTESIAN_POINT('',(0.,0.002,-0.0229852813742384));
#1166=CARTESIAN_POINT('',(0.,0.00200000007678512,-0.0227009778261106));
#1167=CARTESIAN_POINT('',(0.,0.001975611927629,-0.0221492453514351));
#1168=CARTESIAN_POINT('',(0.,0.00187620040248106,-0.0214304639024319));
#1169=CARTESIAN_POINT('',(0.,0.00168295275562354,-0.0206459195216315));
#1170=CARTESIAN_POINT('',(0.,0.00141988060642107,-0.0199110989372987));
#1171=CARTESIAN_POINT('',(0.,0.00108766384186956,-0.0192084579560532));
#1172=CARTESIAN_POINT('',(0.,0.00066995160267458,-0.0185171578885034));
#1173=CARTESIAN_POINT('',(0.,0.000231532522180719,-0.0179376606263768));
#1174=CARTESIAN_POINT('',(0.,-0.000141812152088567,-0.0175297606144091));
#1175=CARTESIAN_POINT('',(0.,-0.0003431457505076,-0.0173284271247461));
#1176=CARTESIAN_POINT('',(0.,-0.000343145750507614,-0.0173284271247461));
#1177=CARTESIAN_POINT('',(0.,-0.000343145750507649,-0.0173284271247461));
#1178=CARTESIAN_POINT('',(0.,-0.00250490620858717,-0.0151666666666665));
#1179=CARTESIAN_POINT('',(0.,-0.00466666666666668,-0.013004906208587));
#1180=CARTESIAN_POINT('',(0.,-0.0068284271247462,-0.0108431457505075));
#1181=CARTESIAN_POINT('',(0.,-0.00682842712474619,-0.0108431457505075));
#1182=CARTESIAN_POINT('',(0.,-0.0068284271247462,-0.0108431457505075));
#1183=CARTESIAN_POINT('',(0.,-0.00702946003725073,-0.0106421127294137));
#1184=CARTESIAN_POINT('',(0.,-0.00743683883714771,-0.0102692239808161));
#1185=CARTESIAN_POINT('',(0.,-0.00801538863747961,-0.00983126330760099));
#1186=CARTESIAN_POINT('',(0.,-0.00870679201082984,-0.00941315337733387));
#1187=CARTESIAN_POINT('',(0.,-0.00941240872960696,-0.00907957685984094));
#1188=CARTESIAN_POINT('',(0.,-0.0101441636592295,-0.00881764738429913));
#1189=CARTESIAN_POINT('',(0.,-0.0109283537817402,-0.00862419157562115));
#1190=CARTESIAN_POINT('',(0.,-0.0116481293302992,-0.00852443423670895));
#1191=CARTESIAN_POINT('',(0.,-0.0122005527456985,-0.00849999992309717));
#1192=CARTESIAN_POINT('',(0.,-0.0124852813742386,-0.00849999999999987));
#1193=CARTESIAN_POINT('',(0.,-0.0124852813742386,-0.00849999999999987));
#1194=CARTESIAN_POINT('',(0.,-0.0124852813742386,-0.00849999999999987));
#1195=CARTESIAN_POINT('',(0.,-0.0146568542494924,-0.00849999999999987));
#1196=CARTESIAN_POINT('',(0.,-0.0168284271247462,-0.00849999999999987));
#1197=CARTESIAN_POINT('',(0.,-0.019,-0.00849999999999987));
#1198=CARTESIAN_POINT('',(0.,-0.019,-0.00849999999999987));
#1199=CARTESIAN_POINT('',(0.,-0.019,-0.00849999999999987));
#1200=CARTESIAN_POINT('',(0.,-0.0191883853245314,-0.008500000012408));
#1201=CARTESIAN_POINT('',(0.,-0.0194321452189041,-0.00849762592499058));
#1202=CARTESIAN_POINT('',(0.,-0.0197036883239784,-0.00848760526334053));
#1203=CARTESIAN_POINT('',(0.,-0.019832278414221,-0.00848087616062471));
#1204=CARTESIAN_POINT('',(0.,-0.0200791300453072,-0.00845807745382344));
#1205=CARTESIAN_POINT('',(0.,-0.0203578730916669,-0.00841752328190687));
#1206=CARTESIAN_POINT('',(0.,-0.0206714727038069,-0.00835396471865237));
#1207=CARTESIAN_POINT('',(0.,-0.0211500185026552,-0.00819963346322051));
#1208=CARTESIAN_POINT('',(0.,-0.0216662314709175,-0.00795001994228814));
#1209=CARTESIAN_POINT('',(0.,-0.0219889167144863,-0.00769654818834059));
#1210=CARTESIAN_POINT('',(0.,-0.022167317703881,-0.00750000000041491));
#1211=CARTESIAN_POINT('',(0.,-0.0221673177038837,-0.00749999999999987));
#1212=CARTESIAN_POINT('',(0.,-0.025,-0.00749999999999987));
#1213=CARTESIAN_POINT('',(0.00675,0.014,-0.00949999999999987));
#1214=CARTESIAN_POINT('',(0.00675,0.0015,-0.00949999999999987));
#1215=CARTESIAN_POINT('',(0.00675,0.0015,-0.00949999999999987));
#1216=CARTESIAN_POINT('',(0.00675,0.014,-0.00949999999999987));
#1217=CARTESIAN_POINT('',(0.00675,0.0265,-0.00949999999999987));
#1218=CARTESIAN_POINT('',(0.00675,0.0265,-0.00949999999999987));
#1219=CARTESIAN_POINT('',(0.015375,0.0015,-0.00949999999999987));
#1220=CARTESIAN_POINT('',(0.01825,0.0015,-0.00949999999999987));
#1221=CARTESIAN_POINT('',(0.01825,0.0015,-0.00949999999999987));
#1222=CARTESIAN_POINT('',(0.015375,0.0015,-0.00949999999999987));
#1223=CARTESIAN_POINT('',(0.01825,0.014,-0.00949999999999987));
#1224=CARTESIAN_POINT('',(0.01825,0.0265,-0.00949999999999987));
#1225=CARTESIAN_POINT('',(0.01825,0.0265,-0.00949999999999987));
#1226=CARTESIAN_POINT('',(0.01825,0.014,-0.00949999999999987));
#1227=CARTESIAN_POINT('',(0.0125,0.0265,-0.00949999999999987));
#1228=CARTESIAN_POINT('',(0.0125,0.0265,-0.00949999999999987));
#1229=CARTESIAN_POINT('',(0.0125,0.01325,-0.00949999999999987));
#1230=CARTESIAN_POINT('',(0.0125,-0.025,-0.00749999999999987));
#1231=CARTESIAN_POINT('',(0.00200000000000008,-0.0244990215864847,-0.00749999999999987));
#1232=CARTESIAN_POINT('',(0.00900000000000005,-0.0244990215864847,-0.00749999999999987));
#1233=CARTESIAN_POINT('',(0.016,-0.0244990215864847,-0.00749999999999987));
#1234=CARTESIAN_POINT('',(0.023,-0.0244990215864847,-0.00749999999999987));
#1235=CARTESIAN_POINT('',(0.00200000000000008,-0.0244990916159203,-0.00750003007733533));
#1236=CARTESIAN_POINT('',(0.023,-0.0244991045337884,-0.00749999999999987));
#1237=CARTESIAN_POINT('',(0.023,-0.024499187481092,-0.00749999999999987));
#1238=CARTESIAN_POINT('',(0.02309285472639,-0.0244991874831626,-0.00749999999999987));
#1239=CARTESIAN_POINT('',(0.0232656716597899,-0.0244946152031715,-0.00749999999999987));
#1240=CARTESIAN_POINT('',(0.0234286537672912,-0.0244831896511029,-0.00749999999999987));
#1241=CARTESIAN_POINT('',(0.023668089785568,-0.0244397478060085,-0.00749999999999987));
#1242=CARTESIAN_POINT('',(0.0239383896101963,-0.0243550258768875,-0.00749999999999987));
#1243=CARTESIAN_POINT('',(0.0242857209720403,-0.0241752839319061,-0.00749999999999987));
#1244=CARTESIAN_POINT('',(0.0245958836862647,-0.023863350058014,-0.00749999999999987));
#1245=CARTESIAN_POINT('',(0.0247686955748311,-0.023560013312086,-0.00749999999999987));
#1246=CARTESIAN_POINT('',(0.0248730740534149,-0.0232863584207617,-0.00749999999999987));
#1247=CARTESIAN_POINT('',(0.0249387209459909,-0.0230277971796858,-0.00749999999999987));
#1248=CARTESIAN_POINT('',(0.0249614216953873,-0.0228831345316052,-0.00749999999999987));
#1249=CARTESIAN_POINT('',(0.0249923504477251,-0.0225998503046524,-0.00749999999999987));
#1250=CARTESIAN_POINT('',(0.025,-0.0223538235194101,-0.00749999999999987));
#1251=CARTESIAN_POINT('',(0.025,-0.0221673177038837,-0.00749999999999987));
#1252=CARTESIAN_POINT('',(0.,-0.0221673177038837,-0.00749999999999987));
#1253=CARTESIAN_POINT('',(0.,-0.0223533401580306,-0.00749999999999987));
#1254=CARTESIAN_POINT('',(7.62506880079222E-6,-0.022598877868769,-0.00749999999999987));
#1255=CARTESIAN_POINT('',(3.84074859972517E-5,-0.0228817496547383,-0.00749999999999987));
#1256=CARTESIAN_POINT('',(6.1071085904663E-5,-0.0230266873548104,-0.00749999999999987));
#1257=CARTESIAN_POINT('',(0.000126235642372662,-0.0232842498163998,-0.00749999999999987));
#1258=CARTESIAN_POINT('',(0.000230154327989356,-0.0235575007015543,-0.00749999999999987));
#1259=CARTESIAN_POINT('',(0.000402899886403715,-0.0238615991992243,-0.00749999999999987));
#1260=CARTESIAN_POINT('',(0.000711192078611303,-0.0241730230953271,-0.00749999999999987));
#1261=CARTESIAN_POINT('',(0.0010593084146423,-0.0243540067728773,-0.00749999999999987));
#1262=CARTESIAN_POINT('',(0.00132793735218458,-0.0244387273979486,-0.00749999999999987));
#1263=CARTESIAN_POINT('',(0.00156765144974893,-0.024482765522458,-0.00749999999999987));
#1264=CARTESIAN_POINT('',(0.00173192233520632,-0.0244945367102909,-0.00749999999999987));
#1265=CARTESIAN_POINT('',(0.00190623510018325,-0.0244991874831833,-0.00749999999999987));
#1266=CARTESIAN_POINT('',(0.002,-0.0244991874810924,-0.00749999999999987));
#1267=CARTESIAN_POINT('',(0.0125,-0.025,-0.0104999999999999));
#1268=CARTESIAN_POINT('',(0.00199999999999966,-0.0124852813742386,-0.0104999999999999));
#1269=CARTESIAN_POINT('',(0.00899999999999808,-0.0124852813742386,-0.0104999999999999));
#1270=CARTESIAN_POINT('',(0.0159999999999965,-0.0124852813742386,-0.0104999999999999));
#1271=CARTESIAN_POINT('',(0.0229999999999949,-0.0124852813742386,-0.0104999999999999));
#1272=CARTESIAN_POINT('',(0.00199999999999966,-0.0124852813742386,-0.0104999999999999));
#1273=CARTESIAN_POINT('',(0.0229999999999949,-0.0124852813742386,-0.0104999999999999));
#1274=CARTESIAN_POINT('',(0.023,-0.0124852813742386,-0.0104999999999999));
#1275=CARTESIAN_POINT('',(0.023,-0.0146568542494924,-0.0104999999999999));
#1276=CARTESIAN_POINT('',(0.023,-0.0168284271247462,-0.0104999999999999));
#1277=CARTESIAN_POINT('',(0.023,-0.019,-0.0104999999999999));
#1278=CARTESIAN_POINT('',(0.023,-0.019,-0.0104999999999999));
#1279=CARTESIAN_POINT('',(0.023,-0.019,-0.0104999999999999));
#1280=CARTESIAN_POINT('',(0.0160000000000001,-0.019,-0.0104999999999999));
#1281=CARTESIAN_POINT('',(0.00900000000000022,-0.019,-0.0104999999999999));
#1282=CARTESIAN_POINT('',(0.00200000000000033,-0.019,-0.0104999999999999));
#1283=CARTESIAN_POINT('',(0.00200000000000032,-0.019,-0.0104999999999999));
#1284=CARTESIAN_POINT('',(0.002,-0.019,-0.0104999999999999));
#1285=CARTESIAN_POINT('',(0.002,-0.0168284271247462,-0.0104999999999999));
#1286=CARTESIAN_POINT('',(0.002,-0.0146568542494924,-0.0104999999999999));
#1287=CARTESIAN_POINT('',(0.002,-0.0124852813742386,-0.0104999999999999));
#1288=CARTESIAN_POINT('',(0.0125,-0.025,0.00750000000000013));
#1289=CARTESIAN_POINT('',(0.025,-0.0221673177038837,0.00750000000000013));
#1290=CARTESIAN_POINT('',(0.025,-0.0223533401580262,0.00750000000000013));
#1291=CARTESIAN_POINT('',(0.0249923749311991,-0.0225988778687616,0.00750000000000013));
#1292=CARTESIAN_POINT('',(0.0249615925140029,-0.0228817496547321,0.00750000000000013));
#1293=CARTESIAN_POINT('',(0.0249389289140949,-0.0230266873548118,0.00750000000000013));
#1294=CARTESIAN_POINT('',(0.0248737643576294,-0.0232842498163995,0.00750000000000013));
#1295=CARTESIAN_POINT('',(0.0247698456720131,-0.0235575007015545,0.00750000000000013));
#1296=CARTESIAN_POINT('',(0.0245971001135963,-0.0238615991992234,0.00750000000000013));
#1297=CARTESIAN_POINT('',(0.0242888079213843,-0.0241730230953255,0.00750000000000013));
#1298=CARTESIAN_POINT('',(0.0239406915853581,-0.0243540067728754,0.00750000000000013));
#1299=CARTESIAN_POINT('',(0.0236720626478142,-0.0244387273979484,0.00750000000000013));
#1300=CARTESIAN_POINT('',(0.023432348550252,-0.0244827655224568,0.00750000000000013));
#1301=CARTESIAN_POINT('',(0.02326807766479,-0.0244945367102901,0.00750000000000013));
#1302=CARTESIAN_POINT('',(0.0230937648998152,-0.0244991874831828,0.00750000000000013));
#1303=CARTESIAN_POINT('',(0.023,-0.0244991874810922,0.00750000000000013));
#1304=CARTESIAN_POINT('',(0.0229999999999996,-0.0244990916159199,0.00750003007733542));
#1305=CARTESIAN_POINT('',(0.0229999999999996,-0.0244990215864847,0.00750000000000013));
#1306=CARTESIAN_POINT('',(0.0159999999999997,-0.0244990215864847,0.00750000000000013));
#1307=CARTESIAN_POINT('',(0.00899999999999979,-0.0244990215864847,0.00750000000000013));
#1308=CARTESIAN_POINT('',(0.00199999999999989,-0.0244990215864847,0.00750000000000013));
#1309=CARTESIAN_POINT('',(0.00199999999999989,-0.0244991045337884,0.00750000000000013));
#1310=CARTESIAN_POINT('',(0.002,-0.0244991874810922,0.00750000000000013));
#1311=CARTESIAN_POINT('',(0.00190714527361255,-0.0244991874831624,0.00750000000000013));
#1312=CARTESIAN_POINT('',(0.00173432834021694,-0.0244946152031709,0.00750000000000013));
#1313=CARTESIAN_POINT('',(0.00157134623270419,-0.0244831896511013,0.00750000000000013));
#1314=CARTESIAN_POINT('',(0.00133191021444373,-0.0244397478060105,0.00750000000000013));
#1315=CARTESIAN_POINT('',(0.00106161038979728,-0.0243550258768846,0.00750000000000013));
#1316=CARTESIAN_POINT('',(0.000714279027960129,-0.0241752839319077,0.00750000000000013));
#1317=CARTESIAN_POINT('',(0.000404116313734999,-0.0238633500580135,0.00750000000000013));
#1318=CARTESIAN_POINT('',(0.000231304425169364,-0.0235600133120835,0.00750000000000013));
#1319=CARTESIAN_POINT('',(0.00012692594658543,-0.02328635842076,0.00750000000000013));
#1320=CARTESIAN_POINT('',(6.12790540088859E-5,-0.0230277971796854,0.00750000000000013));
#1321=CARTESIAN_POINT('',(3.85783046126709E-5,-0.0228831345316075,0.00750000000000013));
#1322=CARTESIAN_POINT('',(7.6495522749216E-6,-0.0225998503046555,0.00750000000000013));
#1323=CARTESIAN_POINT('',(0.,-0.0223538235194119,0.00750000000000013));
#1324=CARTESIAN_POINT('',(0.,-0.0221673177038837,0.00750000000000013));
#1325=CARTESIAN_POINT('',(0.0125,-0.01,-0.0104999999999999));
#1326=CARTESIAN_POINT('',(0.0019999999999999,-0.00175735931288072,-0.0187426406871191));
#1327=CARTESIAN_POINT('',(0.0089999999999994,-0.00175735931288072,-0.0187426406871191));
#1328=CARTESIAN_POINT('',(0.0159999999999989,-0.00175735931288071,-0.0187426406871191));
#1329=CARTESIAN_POINT('',(0.0229999999999984,-0.00175735931288071,-0.0187426406871192));
#1330=CARTESIAN_POINT('',(0.0019999999999999,-0.00175735931288072,-0.0187426406871191));
#1331=CARTESIAN_POINT('',(0.0229999999999984,-0.00175735931288072,-0.0187426406871191));
#1332=CARTESIAN_POINT('',(0.023,-0.00175735931288072,-0.0187426406871191));
#1333=CARTESIAN_POINT('',(0.023,-0.00391911977096024,-0.0165808802290396));
#1334=CARTESIAN_POINT('',(0.023,-0.00608088022903977,-0.0144191197709601));
#1335=CARTESIAN_POINT('',(0.023,-0.00824264068711929,-0.0122573593128806));
#1336=CARTESIAN_POINT('',(0.0229999999999974,-0.00824264068711928,-0.0122573593128806));
#1337=CARTESIAN_POINT('',(0.0229999999999975,-0.00824264068711928,-0.0122573593128806));
#1338=CARTESIAN_POINT('',(0.0159999999999981,-0.00824264068711928,-0.0122573593128806));
#1339=CARTESIAN_POINT('',(0.0089999999999987,-0.00824264068711928,-0.0122573593128806));
#1340=CARTESIAN_POINT('',(0.00199999999999932,-0.00824264068711928,-0.0122573593128806));
#1341=CARTESIAN_POINT('',(0.00199999999999931,-0.00824264068711928,-0.0122573593128806));
#1342=CARTESIAN_POINT('',(0.002,-0.00824264068711929,-0.0122573593128806));
#1343=CARTESIAN_POINT('',(0.002,-0.00608088022903977,-0.0144191197709601));
#1344=CARTESIAN_POINT('',(0.002,-0.00391911977096024,-0.0165808802290396));
#1345=CARTESIAN_POINT('',(0.002,-0.00175735931288072,-0.0187426406871191));
#1346=CARTESIAN_POINT('',(0.00199999999999979,1.92156736325853E-49,-0.0229852813742385));
#1347=CARTESIAN_POINT('',(0.023,1.92156736325853E-49,-0.0229852813742385));
#1348=CARTESIAN_POINT('',(0.00199999999999979,4.58399307835629E-34,-0.0226124891681027));
#1349=CARTESIAN_POINT('',(0.023,4.58399307835629E-34,-0.0226124891681027));
#1350=CARTESIAN_POINT('',(0.00199999999999979,5.88991981369446E-19,-0.0222396969619669));
#1351=CARTESIAN_POINT('',(0.023,5.88991981369446E-19,-0.0222396969619669));
#1352=CARTESIAN_POINT('',(0.00199999999999979,-0.000175735931288071,-0.021152691193458));
#1353=CARTESIAN_POINT('',(0.023,-0.000175735931288071,-0.021152691193458));
#1354=CARTESIAN_POINT('',(0.00199999999999979,-0.000585786437626901,-0.0201627416997969));
#1355=CARTESIAN_POINT('',(0.023,-0.000585786437626901,-0.0201627416997969));
#1356=CARTESIAN_POINT('',(0.00199999999999979,-0.0012301515190165,-0.0192698484809834));
#1357=CARTESIAN_POINT('',(0.023,-0.0012301515190165,-0.0192698484809834));
#1358=CARTESIAN_POINT('',(0.00199999999999979,-0.0014937554159486,-0.0190062445840513));
#1359=CARTESIAN_POINT('',(0.023,-0.0014937554159486,-0.0190062445840513));
#1360=CARTESIAN_POINT('',(0.00199999999999979,-0.00175735931288071,-0.0187426406871191));
#1361=CARTESIAN_POINT('',(0.023,-0.00175735931288071,-0.0187426406871191));
#1362=CARTESIAN_POINT('',(0.023,0.,-0.0229852813742384));
#1363=CARTESIAN_POINT('',(0.023,-2.15128475322869E-35,-0.0226746212024586));
#1364=CARTESIAN_POINT('',(0.023,-2.28822827197985E-5,-0.0219851139677946));
#1365=CARTESIAN_POINT('',(0.023,-0.000386710577964631,-0.020660180766106));
#1366=CARTESIAN_POINT('',(0.023,-0.00106631437474272,-0.0194660460598176));
#1367=CARTESIAN_POINT('',(0.023,-0.00153768939877062,-0.0189623106012292));
#1368=CARTESIAN_POINT('',(0.023,-0.00175735931288071,-0.0187426406871191));
#1369=CARTESIAN_POINT('',(0.002,-0.00175735931288071,-0.0187426406871191));
#1370=CARTESIAN_POINT('',(0.002,-0.00153768939877062,-0.0189623106012292));
#1371=CARTESIAN_POINT('',(0.002,-0.00106631437474272,-0.0194660460598176));
#1372=CARTESIAN_POINT('',(0.002,-0.000386710577964635,-0.020660180766106));
#1373=CARTESIAN_POINT('',(0.002,-2.28822827198013E-5,-0.0219851139677946));
#1374=CARTESIAN_POINT('',(0.002,-2.1512847532287E-35,-0.0226746212024586));
#1375=CARTESIAN_POINT('',(0.002,0.,-0.0229852813742384));
#1376=CARTESIAN_POINT('',(0.023,-0.0124852813742386,-0.0104999999999999));
#1377=CARTESIAN_POINT('',(0.00199999999999932,-0.0124852813742386,-0.0104999999999999));
#1378=CARTESIAN_POINT('',(0.023,-0.0121124891681028,-0.0104999999999999));
#1379=CARTESIAN_POINT('',(0.00199999999999932,-0.0121124891681028,-0.0104999999999999));
#1380=CARTESIAN_POINT('',(0.023,-0.011739696961967,-0.0104999999999999));
#1381=CARTESIAN_POINT('',(0.00199999999999931,-0.011739696961967,-0.0104999999999999));
#1382=CARTESIAN_POINT('',(0.023,-0.0106526911934581,-0.0106757359312879));
#1383=CARTESIAN_POINT('',(0.00199999999999931,-0.0106526911934581,-0.0106757359312879));
#1384=CARTESIAN_POINT('',(0.023,-0.00966274169979696,-0.0110857864376268));
#1385=CARTESIAN_POINT('',(0.00199999999999931,-0.00966274169979696,-0.0110857864376268));
#1386=CARTESIAN_POINT('',(0.023,-0.0087698484809835,-0.0117301515190164));
#1387=CARTESIAN_POINT('',(0.00199999999999931,-0.0087698484809835,-0.0117301515190164));
#1388=CARTESIAN_POINT('',(0.023,-0.00850624458405139,-0.0119937554159485));
#1389=CARTESIAN_POINT('',(0.00199999999999931,-0.00850624458405139,-0.0119937554159485));
#1390=CARTESIAN_POINT('',(0.023,-0.00824264068711929,-0.0122573593128806));
#1391=CARTESIAN_POINT('',(0.00199999999999931,-0.00824264068711929,-0.0122573593128806));
#1392=CARTESIAN_POINT('',(0.023,-0.00824264068711929,-0.0122573593128806));
#1393=CARTESIAN_POINT('',(0.023,-0.00846231060122937,-0.0120376893987705));
#1394=CARTESIAN_POINT('',(0.023,-0.00896604605981767,-0.0115663143747426));
#1395=CARTESIAN_POINT('',(0.023,-0.0101601807661061,-0.0108867105779645));
#1396=CARTESIAN_POINT('',(0.023,-0.0114851139677947,-0.0105228822827197));
#1397=CARTESIAN_POINT('',(0.023,-0.0121746212024588,-0.0104999999999999));
#1398=CARTESIAN_POINT('',(0.023,-0.0124852813742386,-0.0104999999999999));
#1399=CARTESIAN_POINT('',(0.002,-0.0124852813742386,-0.0104999999999999));
#1400=CARTESIAN_POINT('',(0.002,-0.0121746212024588,-0.0104999999999999));
#1401=CARTESIAN_POINT('',(0.002,-0.0114851139677948,-0.0105228822827197));
#1402=CARTESIAN_POINT('',(0.002,-0.0101601807661061,-0.0108867105779645));
#1403=CARTESIAN_POINT('',(0.002,-0.00896604605981768,-0.0115663143747426));
#1404=CARTESIAN_POINT('',(0.002,-0.00846231060122938,-0.0120376893987705));
#1405=CARTESIAN_POINT('',(0.002,-0.00824264068711929,-0.0122573593128806));
#1406=CARTESIAN_POINT('',(0.023,-0.019,-0.0104999999999999));
#1407=CARTESIAN_POINT('',(0.002,-0.019,-0.0104999999999999));
#1408=CARTESIAN_POINT('',(0.023,-0.0195137391768226,-0.0104999999999999));
#1409=CARTESIAN_POINT('',(0.002,-0.0195137391768226,-0.0104999999999999));
#1410=CARTESIAN_POINT('',(0.023,-0.020564686844419,-0.0104837740906013));
#1411=CARTESIAN_POINT('',(0.00199999999999999,-0.020564686844419,-0.0104837740906013));
#1412=CARTESIAN_POINT('',(0.023,-0.0222629933136074,-0.00998462083023563));
#1413=CARTESIAN_POINT('',(0.00200000000000001,-0.0222629933136074,-0.00998462083023563));
#1414=CARTESIAN_POINT('',(0.023,-0.0236767841634694,-0.00898200054644227));
#1415=CARTESIAN_POINT('',(0.00199999999999999,-0.0236767841634694,-0.00898200054644227));
#1416=CARTESIAN_POINT('',(0.023,-0.0242908301056136,-0.00799485190601967));
#1417=CARTESIAN_POINT('',(0.002,-0.0242908301056136,-0.00799485190601967));
#1418=CARTESIAN_POINT('',(0.023,-0.0245152396617862,-0.00746188356446344));
#1419=CARTESIAN_POINT('',(0.002,-0.0245152396617862,-0.00746188356446344));
#1420=CARTESIAN_POINT('',(0.023,-0.019,-0.0104999999999999));
#1421=CARTESIAN_POINT('',(0.023,-0.0195106751260662,-0.0104999999999999));
#1422=CARTESIAN_POINT('',(0.023,-0.0205549566046254,-0.0104841567593057));
#1423=CARTESIAN_POINT('',(0.023,-0.0222429404873047,-0.00999265606348146));
#1424=CARTESIAN_POINT('',(0.023,-0.0236548567048702,-0.00900323975366974));
#1425=CARTESIAN_POINT('',(0.023,-0.0242719638207952,-0.0080281213143272));
#1426=CARTESIAN_POINT('',(0.023,-0.0244990345382808,-0.00749996987522855));
#1427=CARTESIAN_POINT('',(0.002,-0.0244990216091676,-0.00749999994724189));
#1428=CARTESIAN_POINT('',(0.002,-0.0242719488073647,-0.0080281475563109));
#1429=CARTESIAN_POINT('',(0.002,-0.0236548393049734,-0.00900325648455059));
#1430=CARTESIAN_POINT('',(0.002,-0.0222429246211339,-0.00999266239253902));
#1431=CARTESIAN_POINT('',(0.002,-0.0205549489141742,-0.0104841570585489));
#1432=CARTESIAN_POINT('',(0.002,-0.0195106727029846,-0.0104999999999999));
#1433=CARTESIAN_POINT('',(0.002,-0.019,-0.0104999999999999));
#1434=CARTESIAN_POINT('',(0.00199999999999989,-0.019,0.0105000000000001));
#1435=CARTESIAN_POINT('',(0.023,-0.019,0.0105000000000001));
#1436=CARTESIAN_POINT('',(0.00199999999999989,-0.0195137391768226,0.0105000000000001));
#1437=CARTESIAN_POINT('',(0.023,-0.0195137391768226,0.0105000000000001));
#1438=CARTESIAN_POINT('',(0.00199999999999989,-0.0205646868444188,0.0104837740906016));
#1439=CARTESIAN_POINT('',(0.023,-0.0205646868444188,0.0104837740906016));
#1440=CARTESIAN_POINT('',(0.00199999999999989,-0.0222629933136073,0.00998462083023592));
#1441=CARTESIAN_POINT('',(0.023,-0.0222629933136073,0.00998462083023592));
#1442=CARTESIAN_POINT('',(0.00199999999999989,-0.0236767841634694,0.00898200054644255));
#1443=CARTESIAN_POINT('',(0.023,-0.0236767841634694,0.00898200054644255));
#1444=CARTESIAN_POINT('',(0.00199999999999989,-0.0242908301056136,0.00799485190601993));
#1445=CARTESIAN_POINT('',(0.023,-0.0242908301056136,0.00799485190601993));
#1446=CARTESIAN_POINT('',(0.00199999999999989,-0.0245152396617862,0.00746188356446368));
#1447=CARTESIAN_POINT('',(0.023,-0.0245152396617862,0.00746188356446368));
#1448=CARTESIAN_POINT('',(0.023,-0.0244990216091676,0.00749999994724215));
#1449=CARTESIAN_POINT('',(0.023,-0.0242719488073647,0.00802814755631117));
#1450=CARTESIAN_POINT('',(0.023,-0.0236548393049734,0.00900325648455085));
#1451=CARTESIAN_POINT('',(0.023,-0.0222429246211339,0.00999266239253929));
#1452=CARTESIAN_POINT('',(0.023,-0.0205549489141741,0.0104841570585492));
#1453=CARTESIAN_POINT('',(0.023,-0.0195106727029846,0.0105000000000001));
#1454=CARTESIAN_POINT('',(0.023,-0.019,0.0105000000000001));
#1455=CARTESIAN_POINT('',(0.002,-0.019,0.0105000000000001));
#1456=CARTESIAN_POINT('',(0.002,-0.0195106751260662,0.0105000000000001));
#1457=CARTESIAN_POINT('',(0.002,-0.0205549566046254,0.0104841567593059));
#1458=CARTESIAN_POINT('',(0.00200000000000001,-0.0222429404873047,0.00999265606348172));
#1459=CARTESIAN_POINT('',(0.002,-0.0236548567048702,0.00900323975367));
#1460=CARTESIAN_POINT('',(0.002,-0.0242719638207952,0.00802812131432744));
#1461=CARTESIAN_POINT('',(0.002,-0.0244990345382808,0.00749996987522879));
#1462=CARTESIAN_POINT('',(0.002,-0.019,0.0105000000000001));
#1463=CARTESIAN_POINT('',(0.002,-0.0191902651979245,0.0105000000000001));
#1464=CARTESIAN_POINT('',(0.002,-0.0196165994637611,0.0105013649934251));
#1465=CARTESIAN_POINT('',(0.002,-0.0203872350723703,0.0104494476877638));
#1466=CARTESIAN_POINT('',(0.002,-0.0212025738572759,0.0102949547105691));
#1467=CARTESIAN_POINT('',(0.002,-0.0220403178582198,0.0100073209246421));
#1468=CARTESIAN_POINT('',(0.002,-0.0228686766113456,0.00956885617908827));
#1469=CARTESIAN_POINT('',(0.002,-0.023700028447028,0.00885466380211673));
#1470=CARTESIAN_POINT('',(0.002,-0.0242144372397812,0.00810701926150215));
#1471=CARTESIAN_POINT('',(0.002,-0.0244380325683777,0.00764582260877568));
#1472=CARTESIAN_POINT('',(0.002,-0.0245152918887196,0.00746210689899943));
#1473=CARTESIAN_POINT('',(0.0019375,-0.019,0.0105000000000001));
#1474=CARTESIAN_POINT('',(0.00193749999999994,-0.0191902651979245,0.010500000002613));
#1475=CARTESIAN_POINT('',(0.00193750000000003,-0.0196165994637606,0.0105013649922123));
#1476=CARTESIAN_POINT('',(0.00193749999999999,-0.0203872350723719,0.0104494476880893));
#1477=CARTESIAN_POINT('',(0.0019375,-0.0212025738572703,0.01029495471048));
#1478=CARTESIAN_POINT('',(0.0019375,-0.022040317858241,0.010007320924673));
#1479=CARTESIAN_POINT('',(0.0019375,-0.0228686766112668,0.00956885617905363));
#1480=CARTESIAN_POINT('',(0.0019375,-0.0237000284473222,0.00885466380222435));
#1481=CARTESIAN_POINT('',(0.0019375,-0.0242144372388388,0.00810701926116252));
#1482=CARTESIAN_POINT('',(0.0019375,-0.0244380325697063,0.00764582260925405));
#1483=CARTESIAN_POINT('',(0.0019375,-0.0245152918899128,0.00746210689942907));
#1484=CARTESIAN_POINT('',(0.00187492540147569,-0.019,0.0104999491373699));
#1485=CARTESIAN_POINT('',(0.00187492540147558,-0.0191902651979249,0.0104999491419474));
#1486=CARTESIAN_POINT('',(0.00187492540147575,-0.0196165982981319,0.0105013141003881));
#1487=CARTESIAN_POINT('',(0.00187492540147568,-0.0203872286971602,0.0104493971038296));
#1488=CARTESIAN_POINT('',(0.0018749254014757,-0.0212025608766402,0.0102949053499108));
#1489=CARTESIAN_POINT('',(0.0018749254014757,-0.0220402975504036,0.0100072740725532));
#1490=CARTESIAN_POINT('',(0.00187492540147569,-0.0228686481236307,0.00956881352537264));
#1491=CARTESIAN_POINT('',(0.00187492540147569,-0.0236999900359664,0.0088546296395403));
#1492=CARTESIAN_POINT('',(0.0018749254014757,-0.0242143931879393,0.00810699343035185));
#1493=CARTESIAN_POINT('',(0.00187492540147569,-0.0244379863960212,0.00764580118767011));
#1494=CARTESIAN_POINT('',(0.00187492540147569,-0.0245152450087269,0.00746208716526788));
#1495=CARTESIAN_POINT('',(0.00174793836805556,-0.019,0.0104964599609376));
#1496=CARTESIAN_POINT('',(0.00174793836805534,-0.0191902651979508,0.0104964599685783));
#1497=CARTESIAN_POINT('',(0.00174793836805565,-0.0196165183360242,0.0104978229823767));
#1498=CARTESIAN_POINT('',(0.00174793836805553,-0.0203867913575651,0.0104459270072082));
#1499=CARTESIAN_POINT('',(0.00174793836805556,-0.0212016704056984,0.0102915192193569));
#1500=CARTESIAN_POINT('',(0.00174793836805556,-0.022038904431693,0.0100040600155737));
#1501=CARTESIAN_POINT('',(0.00174793836805556,-0.022866693875771,0.00956588748460306));
#1502=CARTESIAN_POINT('',(0.00174793836805555,-0.0236973550021348,0.00885228607398963));
#1503=CARTESIAN_POINT('',(0.00174793836805557,-0.0242113713437346,0.00810522145385909));
#1504=CARTESIAN_POINT('',(0.00174793836805554,-0.0244348188142591,0.00764433164290028));
#1505=CARTESIAN_POINT('',(0.00174793836805554,-0.0245120288992336,0.00746073338015384));
#1506=CARTESIAN_POINT('',(0.00168353949652778,-0.019,0.0104930284288196));
#1507=CARTESIAN_POINT('',(0.00168353949652752,-0.0191902651979762,0.0104930284375585));
#1508=CARTESIAN_POINT('',(0.0016835394965279,-0.0196164396949623,0.0104943895416447));
#1509=CARTESIAN_POINT('',(0.00168353949652774,-0.02038636124321,0.0104425142394471));
#1510=CARTESIAN_POINT('',(0.00168353949652778,-0.0212007946461368,0.0102881890307725));
#1511=CARTESIAN_POINT('',(0.00168353949652778,-0.0220375343285336,0.0100008990576664));
#1512=CARTESIAN_POINT('',(0.00168353949652778,-0.022864771913891,0.00956300978466847));
#1513=CARTESIAN_POINT('',(0.00168353949652777,-0.0236947635012026,0.00884998122615832));
#1514=CARTESIAN_POINT('',(0.0016835394965278,-0.0242083994237883,0.0081034787522511));
#1515=CARTESIAN_POINT('',(0.00168353949652775,-0.0244317035628063,0.00764288637597342));
#1516=CARTESIAN_POINT('',(0.00168353949652775,-0.0245088659218703,0.00745940196046548));
#1517=CARTESIAN_POINT('',(0.00148741319444444,-0.019,0.0104743923611112));
#1518=CARTESIAN_POINT('',(0.00148741319444406,-0.0191902651981141,0.0104743923723303));
#1519=CARTESIAN_POINT('',(0.00148741319444462,-0.0196160126087216,0.010475743110196));
#1520=CARTESIAN_POINT('',(0.00148741319444439,-0.0203840253652478,0.010423980077338));
#1521=CARTESIAN_POINT('',(0.00148741319444445,-0.0211960385448102,0.0102701033426896));
#1522=CARTESIAN_POINT('',(0.00148741319444444,-0.0220300935311101,0.00998373243246853));
#1523=CARTESIAN_POINT('',(0.00148741319444445,-0.0228543340656829,0.00954738148546511));
#1524=CARTESIAN_POINT('',(0.00148741319444443,-0.0236806894996998,0.00883746398917603));
#1525=CARTESIAN_POINT('',(0.00148741319444449,-0.0241922594329255,0.00809401443646134));
#1526=CARTESIAN_POINT('',(0.00148741319444438,-0.0244147851598643,0.00763503737629408));
#1527=CARTESIAN_POINT('',(0.00148741319444439,-0.0244916883278007,0.00745217124585382));
#1528=CARTESIAN_POINT('',(0.00135243055555556,-0.019,0.0104505208333335));
#1529=CARTESIAN_POINT('',(0.0013524305555551,-0.0191902651982909,0.0104505208451566));
#1530=CARTESIAN_POINT('',(0.00135243055555577,-0.0196154655404662,0.01045185830837));
#1531=CARTESIAN_POINT('',(0.0013524305555555,-0.020381033265382,0.0104002390833407));
#1532=CARTESIAN_POINT('',(0.00135243055555557,-0.0211899463043973,0.0102469368136464));
#1533=CARTESIAN_POINT('',(0.00135243055555555,-0.0220205623786399,0.00996174315998665));
#1534=CARTESIAN_POINT('',(0.00135243055555556,-0.0228409638962947,0.00952736270340467));
#1535=CARTESIAN_POINT('',(0.00135243055555553,-0.0236626616663353,0.00882143026484238));
#1536=CARTESIAN_POINT('',(0.00135243055555562,-0.0241715852097498,0.00808189129575501));
#1537=CARTESIAN_POINT('',(0.00135243055555546,-0.0243931138418326,0.00762498334421051));
#1538=CARTESIAN_POINT('',(0.00135243055555547,-0.0244696850038001,0.00744290919469096));
#1539=CARTESIAN_POINT('',(0.00108506944444444,-0.019,0.0103723958333335));
#1540=CARTESIAN_POINT('',(0.00108506944444391,-0.0191902651988696,0.0103723958458094));
#1541=CARTESIAN_POINT('',(0.00108506944444469,-0.0196136751352666,0.0103736898666451));
#1542=CARTESIAN_POINT('',(0.00108506944444438,-0.0203712409385479,0.010322541284639));
#1543=CARTESIAN_POINT('',(0.00108506944444446,-0.0211700080630489,0.0101711190822775));
#1544=CARTESIAN_POINT('',(0.00108506944444444,-0.0219893695159996,0.00988977826821211));
#1545=CARTESIAN_POINT('',(0.00108506944444445,-0.0227972069783368,0.00946184668940623));
#1546=CARTESIAN_POINT('',(0.00108506944444442,-0.023603661484266,0.00876895625787773));
#1547=CARTESIAN_POINT('',(0.00108506944444452,-0.0241039241161976,0.00804221556270641));
#1548=CARTESIAN_POINT('',(0.00108506944444433,-0.0243221895276013,0.00759207923896732));
#1549=CARTESIAN_POINT('',(0.00108506944444434,-0.0243976741246481,0.00741259702703114));
#1550=CARTESIAN_POINT('',(0.000953124999999999,-0.019,0.0103183593750001));
#1551=CARTESIAN_POINT('',(0.000953124999999462,-0.01919026519927,0.0103183593875084));
#1552=CARTESIAN_POINT('',(0.000953125000000249,-0.0196124367716703,0.0103196233613132));
#1553=CARTESIAN_POINT('',(0.00095312499999993,-0.0203644679124873,0.0102688003071514));
#1554=CARTESIAN_POINT('',(0.000953125000000017,-0.0211562174461172,0.0101186784847617));
#1555=CARTESIAN_POINT('',(0.000953124999999996,-0.02196779445267,0.00984000255139643));
#1556=CARTESIAN_POINT('',(0.000953125000000004,-0.0227669417767618,0.0094165314463962));
#1557=CARTESIAN_POINT('',(0.000953124999999974,-0.0235628530249542,0.00873266173637657));
#1558=CARTESIAN_POINT('',(0.000953125000000078,-0.0240571251933085,0.00801477318073562));
#1559=CARTESIAN_POINT('',(0.000953124999999885,-0.0242731335433781,0.00756932056609738));
#1560=CARTESIAN_POINT('',(0.000953124999999897,-0.02434786659971,0.00739163111099751));
#1561=CARTESIAN_POINT('',(0.000708984374999999,-0.019,0.0101806640625001));
#1562=CARTESIAN_POINT('',(0.000708984374999501,-0.0191902652002904,0.0101806640750486));
#1563=CARTESIAN_POINT('',(0.00070898437500023,-0.0196092811825061,0.0101818514832884));
#1564=CARTESIAN_POINT('',(0.000708984374999935,-0.0203472089364416,0.0101318579368013));
#1565=CARTESIAN_POINT('',(0.000708984375000016,-0.0211210762957431,0.00998504973326194));
#1566=CARTESIAN_POINT('',(0.000708984374999996,-0.0219128170322576,0.00971316442963066));
#1567=CARTESIAN_POINT('',(0.000708984375000002,-0.0226898202088945,0.00930105947173867));
#1568=CARTESIAN_POINT('',(0.000708984374999985,-0.023458865203932,0.00864017629905564));
#1569=CARTESIAN_POINT('',(0.000708984375000046,-0.0239378725163233,0.00794484470138178));
#1570=CARTESIAN_POINT('',(0.00070898437499993,-0.0241481294389808,0.00751132708040298));
#1571=CARTESIAN_POINT('',(0.000708984374999938,-0.0242209474246976,0.00733820591531451));
#1572=CARTESIAN_POINT('',(0.000597222222222221,-0.019,0.0100972222222223));
#1573=CARTESIAN_POINT('',(0.000597222222221771,-0.019190265200909,0.0100972222347622));
#1574=CARTESIAN_POINT('',(0.00059722222222243,-0.0196073689302859,0.0100983632451625));
#1575=CARTESIAN_POINT('',(0.000597222222222164,-0.0203367501873642,0.0100488723711556));
#1576=CARTESIAN_POINT('',(0.000597222222222235,-0.0210997811463044,0.00990407218408787));
#1577=CARTESIAN_POINT('',(0.000597222222222219,-0.0218795013220152,0.00963630192715756));
#1578=CARTESIAN_POINT('',(0.000597222222222221,-0.0226430853895968,0.00923108472901914));
#1579=CARTESIAN_POINT('',(0.000597222222222217,-0.0233958497316147,0.00858413114436571));
#1580=CARTESIAN_POINT('',(0.000597222222222237,-0.0238656067097144,0.0079024688143702));
#1581=CARTESIAN_POINT('',(0.000597222222222197,-0.0240723783307831,0.0074761836678682));
#1582=CARTESIAN_POINT('',(0.000597222222222199,-0.0241440358048367,0.00730583083612846));
#1583=CARTESIAN_POINT('',(0.000402777777777777,-0.019,0.0099027777777779));
#1584=CARTESIAN_POINT('',(0.00040277777777742,-0.0191902652023505,0.00990277779031688));
#1585=CARTESIAN_POINT('',(0.000402777777777941,-0.0196029128106779,0.00990381067984602));
#1586=CARTESIAN_POINT('',(0.000402777777777731,-0.0203123781739095,0.00985549118307328));
#1587=CARTESIAN_POINT('',(0.000402777777777787,-0.0210501570789519,0.00971537027495858));
#1588=CARTESIAN_POINT('',(0.000402777777777776,-0.021801865752764,0.00945718930761058));
#1589=CARTESIAN_POINT('',(0.000402777777777772,-0.0225341792827283,0.00906802264975568));
#1590=CARTESIAN_POINT('',(0.000402777777777793,-0.023249004833837,0.00845352917140895));
#1591=CARTESIAN_POINT('',(0.00040277777777773,-0.0236972057663485,0.00780372032343828));
#1592=CARTESIAN_POINT('',(0.00040277777777784,-0.0238958555923142,0.00739428900563201));
#1593=CARTESIAN_POINT('',(0.000402777777777834,-0.0239648087270941,0.00723038721857453));
#1594=CARTESIAN_POINT('',(0.000319335937499999,-0.019,0.00979101562500012));
#1595=CARTESIAN_POINT('',(0.000319335937499682,-0.0191902652031792,0.00979101563753859));
#1596=CARTESIAN_POINT('',(0.000319335937500145,-0.0196003515365727,0.00979198638170095));
#1597=CARTESIAN_POINT('',(0.000319335937499958,-0.0202983697063547,0.00974434016536972));
#1598=CARTESIAN_POINT('',(0.000319335937500008,-0.021021634317025,0.0096069087981711));
#1599=CARTESIAN_POINT('',(0.000319335937499999,-0.0217572426298127,0.00935423953186649));
#1600=CARTESIAN_POINT('',(0.000319335937499991,-0.0224715825806777,0.00897429835196474));
#1601=CARTESIAN_POINT('',(0.000319335937500024,-0.0231646017954938,0.00837846218918493));
#1602=CARTESIAN_POINT('',(0.000319335937499926,-0.0236004128134094,0.0077469619832263));
#1603=CARTESIAN_POINT('',(0.0003193359375001,-0.0237943944200915,0.00734721785490474));
#1604=CARTESIAN_POINT('',(0.000319335937500089,-0.0238617931634363,0.00718702397857422));
#1605=CARTESIAN_POINT('',(0.000181640624999999,-0.019,0.00954687500000013));
#1606=CARTESIAN_POINT('',(0.000181640624999706,-0.0191902652049895,0.0095468750125374));
#1607=CARTESIAN_POINT('',(0.000181640625000134,-0.0195947565203236,0.00954771000225787));
#1608=CARTESIAN_POINT('',(0.000181640624999962,-0.020267768684997,0.0095015345441726));
#1609=CARTESIAN_POINT('',(0.000181640625000007,-0.0209593273128157,0.009369978387713));
#1610=CARTESIAN_POINT('',(0.000181640624999999,-0.0216597649340453,0.00912934924504691));
#1611=CARTESIAN_POINT('',(0.00018164062499999,-0.0223348422121207,0.00876956080824668));
#1612=CARTESIAN_POINT('',(0.00018164062500003,-0.0229802262262975,0.00821448091733632));
#1613=CARTESIAN_POINT('',(0.000181640624999907,-0.0233889718967949,0.0076229753177147));
#1614=CARTESIAN_POINT('',(0.000181640625000126,-0.0235727559370808,0.00724439252564611));
#1615=CARTESIAN_POINT('',(0.000181640625000113,-0.0236367591651546,0.00709229845430168));
#1616=CARTESIAN_POINT('',(0.000127604166666665,-0.019,0.00941493055555568));
#1617=CARTESIAN_POINT('',(0.000127604166666358,-0.0191902652059678,0.00941493056809227));
#1618=CARTESIAN_POINT('',(0.000127604166666807,-0.0195917327248752,0.00941569219007887));
#1619=CARTESIAN_POINT('',(0.000127604166666627,-0.02025123053301,0.00937031159511674));
#1620=CARTESIAN_POINT('',(0.000127604166666674,-0.0209256538385408,0.00924193066366098));
#1621=CARTESIAN_POINT('',(0.000127604166666665,-0.0216070836549106,0.00900780853892574));
#1622=CARTESIAN_POINT('',(0.000127604166666657,-0.0222609416396028,0.00865891154017506));
#1623=CARTESIAN_POINT('',(0.000127604166666694,-0.0228805814742341,0.0081258581499728));
#1624=CARTESIAN_POINT('',(0.00012760416666658,-0.0232746998280824,0.00755596741315378));
#1625=CARTESIAN_POINT('',(0.000127604166666784,-0.0234529726502626,0.0071888211477001));
#1626=CARTESIAN_POINT('',(0.000127604166666771,-0.0235151407909721,0.00704110457096149));
#1627=CARTESIAN_POINT('',(4.94791666666652E-5,-0.019,0.00914756944444457));
#1628=CARTESIAN_POINT('',(4.94791666663247E-5,-0.0191902652079502,0.00914756945697963));
#1629=CARTESIAN_POINT('',(4.94791666668225E-5,-0.019585605560414,0.00914818241276887));
#1630=CARTESIAN_POINT('',(4.94791666666227E-5,-0.0202177190145098,0.00910441246150351));
#1631=CARTESIAN_POINT('',(4.94791666666756E-5,-0.0208574207459311,0.00898246553860822));
#1632=CARTESIAN_POINT('',(4.94791666666639E-5,-0.0215003347471902,0.00876152868704864));
#1633=CARTESIAN_POINT('',(4.94791666666602E-5,-0.0221111957426586,0.00843470118118781));
#1634=CARTESIAN_POINT('',(4.94791666666844E-5,-0.0226786697397897,0.00794628043715724));
#1635=CARTESIAN_POINT('',(4.94791666666086E-5,-0.0230431485309544,0.00742018823812244));
#1636=CARTESIAN_POINT('',(4.9479166666744E-5,-0.0232102538848676,0.00707621598712527));
#1637=CARTESIAN_POINT('',(4.94791666667359E-5,-0.0232687035590758,0.00693736959682476));
#1638=CARTESIAN_POINT('',(2.56076388888873E-5,-0.019,0.00901258680555569));
#1639=CARTESIAN_POINT('',(2.56076388885287E-5,-0.019190265208951,0.00901258681808989));
#1640=CARTESIAN_POINT('',(2.56076388890532E-5,-0.0195825121380968,0.00901312471675688));
#1641=CARTESIAN_POINT('',(2.56076388888427E-5,-0.0202008000498125,0.00897016793138385));
#1642=CARTESIAN_POINT('',(2.56076388888986E-5,-0.0208229718956039,0.00885146934722606));
#1643=CARTESIAN_POINT('',(2.56076388888853E-5,-0.021446440412286,0.00863718934624706));
#1644=CARTESIAN_POINT('',(2.56076388888845E-5,-0.0220355935122209,0.0083215040681277));
#1645=CARTESIAN_POINT('',(2.56076388888997E-5,-0.0225767305361985,0.00785561701396626));
#1646=CARTESIAN_POINT('',(2.56076388888513E-5,-0.0229262451975019,0.00735163738839072));
#1647=CARTESIAN_POINT('',(2.56076388889374E-5,-0.0230877124302606,0.0070193650050818));
#1648=CARTESIAN_POINT('',(2.56076388889322E-5,-0.0231442847618035,0.00688499690696027));
#1649=CARTESIAN_POINT('',(6.97157118055387E-6,-0.019,0.00881646050347235));
#1650=CARTESIAN_POINT('',(6.97157118024525E-6,-0.0191902652104051,0.0088164605160052));
#1651=CARTESIAN_POINT('',(6.9715711806969E-6,-0.0195780174750434,0.00881688935860446));
#1652=CARTESIAN_POINT('',(6.97157118051554E-6,-0.0201762172293218,0.00877511408235545));
#1653=CARTESIAN_POINT('',(6.97157118056383E-6,-0.0207729186022224,0.00866113525082474));
#1654=CARTESIAN_POINT('',(6.97157118055173E-6,-0.0213681333300195,0.00845652748250198));
#1655=CARTESIAN_POINT('',(6.97157118055307E-6,-0.0219257454161468,0.00815703157467419));
#1656=CARTESIAN_POINT('',(6.97157118055896E-6,-0.0224286154956107,0.00772388539224787));
#1657=CARTESIAN_POINT('',(6.97157118053956E-6,-0.0227563876611551,0.00725203476709646));
#1658=CARTESIAN_POINT('',(6.9715711805738E-6,-0.0229096628489083,0.0069367619905773));
#1659=CARTESIAN_POINT('',(6.97157118057174E-6,-0.0229635074498502,0.0068089007357946));
#1660=CARTESIAN_POINT('',(3.54003906249829E-6,-0.019,0.00875206163194458));
#1661=CARTESIAN_POINT('',(3.54003906221955E-6,-0.0191902652108825,0.00875206164447696));
#1662=CARTESIAN_POINT('',(3.54003906262753E-6,-0.0195765416340907,0.00875245467807143));
#1663=CARTESIAN_POINT('',(3.54003906246368E-6,-0.0201681453599104,0.00871106735516411));
#1664=CARTESIAN_POINT('',(3.54003906250736E-6,-0.0207564833991121,0.00859863827366613));
#1665=CARTESIAN_POINT('',(3.54003906249625E-6,-0.0213424208800471,0.0083972064224009));
#1666=CARTESIAN_POINT('',(3.54003906249799E-6,-0.0218896763455963,0.00810302636036456));
#1667=CARTESIAN_POINT('',(3.54003906250144E-6,-0.0223799813176916,0.00768063077676246));
#1668=CARTESIAN_POINT('',(3.54003906248968E-6,-0.0227006142460394,0.00721932983999375));
#1669=CARTESIAN_POINT('',(3.54003906251027E-6,-0.0228511995423896,0.00690963895372616));
#1670=CARTESIAN_POINT('',(3.54003906250904E-6,-0.0229041484818589,0.00678391424750313));
#1671=CARTESIAN_POINT('',(5.08626302065981E-8,-0.019,0.00862507459852444));
#1672=CARTESIAN_POINT('',(5.08626300305886E-8,-0.0191902652118239,0.00862507461105587));
#1673=CARTESIAN_POINT('',(5.0862630288261E-8,-0.0195736314485557,0.00862539703348626));
#1674=CARTESIAN_POINT('',(5.08626301847411E-8,-0.0201522285786625,0.00858477470913863));
#1675=CARTESIAN_POINT('',(5.0862630212393E-8,-0.0207240751031726,0.00847540155322647));
#1676=CARTESIAN_POINT('',(5.08626302052088E-8,-0.0212917189396792,0.00828023223849265));
#1677=CARTESIAN_POINT('',(5.08626302067948E-8,-0.0218185523622288,0.00799653440186121));
#1678=CARTESIAN_POINT('',(5.08626302072387E-8,-0.0222840804139915,0.00759533774022452));
#1679=CARTESIAN_POINT('',(5.08626302051592E-8,-0.022590635602606,0.00715483955355754));
#1680=CARTESIAN_POINT('',(5.08626302085885E-8,-0.0227359167481011,0.00685615550121589));
#1681=CARTESIAN_POINT('',(5.08626302083853E-8,-0.0227870995480301,0.00673464381855855));
#1682=CARTESIAN_POINT('',(-1.7347234759768E-18,-0.019,0.00856250000000013));
#1683=CARTESIAN_POINT('',(-1.04877701079047E-16,-0.0191902652122878,0.00856250001253108));
#1684=CARTESIAN_POINT('',(4.61323349254104E-17,-0.0195721974148076,0.00856278764034409));
#1685=CARTESIAN_POINT('',(-1.45549614762265E-17,-0.0201443853668829,0.00852254227950566));
#1686=CARTESIAN_POINT('',(1.67917012363442E-18,-0.0207081054718438,0.00841467497274602));
#1687=CARTESIAN_POINT('',(-2.57005987417205E-18,-0.0212667348647112,0.00822259160859031));
#1688=CARTESIAN_POINT('',(-1.54572152074714E-18,-0.021783505046099,0.00794405903197548));
#1689=CARTESIAN_POINT('',(-1.65539489870026E-18,-0.0222368239312977,0.00755330842924266));
#1690=CARTESIAN_POINT('',(-1.7460013662406E-18,-0.0225364421210061,0.00712306108237214));
#1691=CARTESIAN_POINT('',(-1.73977232192964E-18,-0.0226791095735804,0.00682980079807505));
#1692=CARTESIAN_POINT('',(-1.73726009791159E-18,-0.0227294220840815,0.00671036514043456));
#1693=CARTESIAN_POINT('',(-1.7347234759768E-18,-0.019,0.00850000000000013));
#1694=CARTESIAN_POINT('',(-1.7347234759768E-18,-0.0191902652127511,0.0085000000125306));
#1695=CARTESIAN_POINT('',(-1.73472347597681E-18,-0.0195707650906479,0.00850025288720674));
#1696=CARTESIAN_POINT('',(-1.73472347597681E-18,-0.0201365515054153,0.00846038404047917));
#1697=CARTESIAN_POINT('',(-1.7347234759768E-18,-0.0206921548787662,0.00835402078766875));
#1698=CARTESIAN_POINT('',(-1.73472347597681E-18,-0.0212417805745948,0.00816501969516449));
#1699=CARTESIAN_POINT('',(-1.73472347597681E-18,-0.0217484995117484,0.00789164622078366));
#1700=CARTESIAN_POINT('',(-1.7347234759768E-18,-0.0221896237855834,0.0075113292236494));
#1701=CARTESIAN_POINT('',(-1.73472347597681E-18,-0.0224823132463529,0.00709132049600119));
#1702=CARTESIAN_POINT('',(-1.73472347597681E-18,-0.0226223701219294,0.00680347751378481));
#1703=CARTESIAN_POINT('',(-1.73472347597681E-18,-0.0226718133805212,0.00668611540622076));
#1704=CARTESIAN_POINT('',(0.,-0.019,0.00850000000000015));
#1705=CARTESIAN_POINT('',(0.,-0.019,0.00875000000000014));
#1706=CARTESIAN_POINT('',(2.60416666666552E-5,-0.019,0.00928645833333343));
#1707=CARTESIAN_POINT('',(0.000440104166666649,-0.019,0.0100598958333335));
#1708=CARTESIAN_POINT('',(0.00121354166666666,-0.019,0.0104739583333335));
#1709=CARTESIAN_POINT('',(0.00175,-0.019,0.0105000000000002));
#1710=CARTESIAN_POINT('',(0.002,-0.019,0.0105000000000002));
#1711=CARTESIAN_POINT('',(-8.67361737988404E-19,-0.019,-0.00849999999999987));
#1712=CARTESIAN_POINT('',(-8.67361737988404E-19,-0.0191902652127501,-0.00850000001253183));
#1713=CARTESIAN_POINT('',(2.6568541896887E-18,-0.0195707650906484,-0.00850025288720578));
#1714=CARTESIAN_POINT('',(-1.9169141503223E-19,-0.0201365515054151,-0.0084603840404791));
#1715=CARTESIAN_POINT('',(-1.89008852955978E-18,-0.0206921548787663,-0.00835402078766842));
#1716=CARTESIAN_POINT('',(-5.42101086242758E-20,-0.0212417805745947,-0.00816501969516434));
#1717=CARTESIAN_POINT('',(2.10692896405688E-18,-0.0217484995117485,-0.00789164622078307));
#1718=CARTESIAN_POINT('',(-5.67250105707626E-19,-0.0221896237855831,-0.00751132922365041));
#1719=CARTESIAN_POINT('',(8.06441343587884E-20,-0.0224823132463543,-0.00709132049599622));
#1720=CARTESIAN_POINT('',(3.61024803261383E-20,-0.0226223701219289,-0.00680347751378872));
#1721=CARTESIAN_POINT('',(1.81384705236874E-20,-0.022671813380521,-0.00668611540622329));
#1722=CARTESIAN_POINT('',(-8.67361737988404E-19,-0.019,-0.00856249999999987));
#1723=CARTESIAN_POINT('',(3.35136307963681E-17,-0.0191902652122868,-0.00856250001253228));
#1724=CARTESIAN_POINT('',(-1.33043565715019E-17,-0.0195721974148081,-0.00856278764034314));
#1725=CARTESIAN_POINT('',(4.10105744760005E-18,-0.0201443853668827,-0.00852254227950558));
#1726=CARTESIAN_POINT('',(-3.0998732188983E-18,-0.0207081054718438,-0.00841467497274569));
#1727=CARTESIAN_POINT('',(4.92179786097518E-19,-0.0212667348647111,-0.00822259160859016));
#1728=CARTESIAN_POINT('',(1.13115407450821E-18,-0.0217835050460991,-0.0079440590319749));
#1729=CARTESIAN_POINT('',(2.4213918751255E-18,-0.0222368239312974,-0.00755330842924364));
#1730=CARTESIAN_POINT('',(-9.76836440742569E-18,-0.0225364421210075,-0.00712306108236719));
#1731=CARTESIAN_POINT('',(1.39080379809459E-17,-0.0226791095735798,-0.00682980079807887));
#1732=CARTESIAN_POINT('',(1.24466245199598E-17,-0.0227294220840813,-0.00671036514043699));
#1733=CARTESIAN_POINT('',(5.08626302074633E-8,-0.019,-0.00862507459852418));
#1734=CARTESIAN_POINT('',(5.08626302711229E-8,-0.0191902652118229,-0.00862507461105703));
#1735=CARTESIAN_POINT('',(5.08626301814324E-8,-0.0195736314485561,-0.00862539703348534));
#1736=CARTESIAN_POINT('',(5.0862630216082E-8,-0.0201522285786623,-0.00858477470913854));
#1737=CARTESIAN_POINT('',(5.08626302041814E-8,-0.0207240751031727,-0.00847540155322615));
#1738=CARTESIAN_POINT('',(5.08626302093236E-8,-0.0212917189396791,-0.00828023223849251));
#1739=CARTESIAN_POINT('',(5.08626302085034E-8,-0.0218185523622289,-0.00799653440186063));
#1740=CARTESIAN_POINT('',(5.08626302136917E-8,-0.0222840804139912,-0.0075953377402255));
#1741=CARTESIAN_POINT('',(5.08626301888902E-8,-0.0225906356026074,-0.00715483955355263));
#1742=CARTESIAN_POINT('',(5.08626302358391E-8,-0.0227359167481006,-0.00685615550121963));
#1743=CARTESIAN_POINT('',(5.08626302329605E-8,-0.02278709954803,-0.00673464381856089));
#1744=CARTESIAN_POINT('',(3.54003906249914E-6,-0.019,-0.00875206163194431));
#1745=CARTESIAN_POINT('',(3.54003906261473E-6,-0.0191902652108816,-0.00875206164447804));
#1746=CARTESIAN_POINT('',(3.54003906244898E-6,-0.0195765416340911,-0.00875245467807054));
#1747=CARTESIAN_POINT('',(3.54003906251422E-6,-0.0201681453599102,-0.00871106735516401));
#1748=CARTESIAN_POINT('',(3.54003906249393E-6,-0.0207564833991121,-0.00859863827366581));
#1749=CARTESIAN_POINT('',(3.54003906250199E-6,-0.021342420880047,-0.00839720642240075));
#1750=CARTESIAN_POINT('',(3.54003906249802E-6,-0.0218896763455964,-0.00810302636036399));
#1751=CARTESIAN_POINT('',(3.5400390625121E-6,-0.0223799813176913,-0.00768063077676341));
#1752=CARTESIAN_POINT('',(3.54003906245848E-6,-0.0227006142460407,-0.00721932983998888));
#1753=CARTESIAN_POINT('',(3.54003906255851E-6,-0.0228511995423892,-0.00690963895372972));
#1754=CARTESIAN_POINT('',(3.54003906255242E-6,-0.0229041484818589,-0.00678391424750528));
#1755=CARTESIAN_POINT('',(6.9715711805547E-6,-0.019,-0.00881646050347209));
#1756=CARTESIAN_POINT('',(6.97157118069293E-6,-0.0191902652104042,-0.00881646051600625));
#1757=CARTESIAN_POINT('',(6.97157118049402E-6,-0.0195780174750439,-0.00881688935860359));
#1758=CARTESIAN_POINT('',(6.9715711805726E-6,-0.0201762172293217,-0.00877511408235535));
#1759=CARTESIAN_POINT('',(6.97157118054863E-6,-0.0207729186022224,-0.00866113525082442));
#1760=CARTESIAN_POINT('',(6.97157118055805E-6,-0.0213681333300194,-0.00845652748250182));
#1761=CARTESIAN_POINT('',(6.97157118055239E-6,-0.0219257454161469,-0.00815703157467363));
#1762=CARTESIAN_POINT('',(6.97157118057145E-6,-0.0224286154956104,-0.0077238853922488));
#1763=CARTESIAN_POINT('',(6.97157118050167E-6,-0.0227563876611564,-0.00725203476709162));
#1764=CARTESIAN_POINT('',(6.97157118063142E-6,-0.022909662848908,-0.00693676199058077));
#1765=CARTESIAN_POINT('',(6.97157118062354E-6,-0.0229635074498502,-0.00680890073579665));
#1766=CARTESIAN_POINT('',(2.56076388888881E-5,-0.019,-0.00901258680555543));
#1767=CARTESIAN_POINT('',(2.56076388890864E-5,-0.0191902652089504,-0.00901258681809084));
#1768=CARTESIAN_POINT('',(2.56076388887995E-5,-0.0195825121380971,-0.00901312471675606));
#1769=CARTESIAN_POINT('',(2.56076388889134E-5,-0.0202008000498124,-0.00897016793138374));
#1770=CARTESIAN_POINT('',(2.56076388888796E-5,-0.0208229718956039,-0.00885146934722574));
#1771=CARTESIAN_POINT('',(2.56076388888929E-5,-0.0214464404122859,-0.0086371893462469));
#1772=CARTESIAN_POINT('',(2.56076388888819E-5,-0.022035593512221,-0.00832150406812715));
#1773=CARTESIAN_POINT('',(2.56076388889174E-5,-0.0225767305361982,-0.00785561701396716));
#1774=CARTESIAN_POINT('',(2.56076388887942E-5,-0.0229262451975032,-0.00735163738838598));
#1775=CARTESIAN_POINT('',(2.56076388890221E-5,-0.0230877124302604,-0.00701936500508499));
#1776=CARTESIAN_POINT('',(2.56076388890083E-5,-0.0231442847618036,-0.00688499690696202));
#1777=CARTESIAN_POINT('',(4.94791666666659E-5,-0.019,-0.00914756944444431));
#1778=CARTESIAN_POINT('',(4.9479166666894E-5,-0.01919026520795,-0.00914756945698051));
#1779=CARTESIAN_POINT('',(4.94791666665634E-5,-0.0195856055604142,-0.00914818241276809));
#1780=CARTESIAN_POINT('',(4.9479166666695E-5,-0.0202177190145098,-0.0091044124615034));
#1781=CARTESIAN_POINT('',(4.94791666666561E-5,-0.0208574207459312,-0.0089824655386079));
#1782=CARTESIAN_POINT('',(4.94791666666717E-5,-0.0215003347471902,-0.00876152868704849));
#1783=CARTESIAN_POINT('',(4.94791666666566E-5,-0.0221111957426587,-0.00843470118118727));
#1784=CARTESIAN_POINT('',(4.94791666667052E-5,-0.0226786697397894,-0.0079462804371581));
#1785=CARTESIAN_POINT('',(4.94791666665393E-5,-0.0230431485309557,-0.00742018823811776));
#1786=CARTESIAN_POINT('',(4.94791666668457E-5,-0.0232102538848674,-0.00707621598712826));
#1787=CARTESIAN_POINT('',(4.94791666668273E-5,-0.023268703559076,-0.0069373695968263));
#1788=CARTESIAN_POINT('',(0.000127604166666666,-0.019,-0.00941493055555542));
#1789=CARTESIAN_POINT('',(0.000127604166666931,-0.0191902652059684,-0.00941493056809306));
#1790=CARTESIAN_POINT('',(0.000127604166666546,-0.019591732724875,-0.00941569219007813));
#1791=CARTESIAN_POINT('',(0.0001276041666667,-0.02025123053301,-0.00937031159511661));
#1792=CARTESIAN_POINT('',(0.000127604166666655,-0.0209256538385408,-0.00924193066366067));
#1793=CARTESIAN_POINT('',(0.000127604166666673,-0.0216070836549105,-0.00900780853892558));
#1794=CARTESIAN_POINT('',(0.000127604166666652,-0.0222609416396029,-0.00865891154017454));
#1795=CARTESIAN_POINT('',(0.000127604166666722,-0.0228805814742338,-0.0081258581499736));
#1796=CARTESIAN_POINT('',(0.000127604166666486,-0.0232746998280837,-0.00755596741314922));
#1797=CARTESIAN_POINT('',(0.000127604166666921,-0.0234529726502625,-0.0071888211477027));
#1798=CARTESIAN_POINT('',(0.000127604166666895,-0.0235151407909724,-0.00704110457096261));
#1799=CARTESIAN_POINT('',(0.000181640624999999,-0.019,-0.00954687499999987));
#1800=CARTESIAN_POINT('',(0.000181640625000271,-0.0191902652049904,-0.00954687501253816));
#1801=CARTESIAN_POINT('',(0.000181640624999877,-0.0195947565203232,-0.00954771000225715));
#1802=CARTESIAN_POINT('',(0.000181640625000034,-0.0202677686849971,-0.00950153454417247));
#1803=CARTESIAN_POINT('',(0.000181640624999988,-0.0209593273128157,-0.00936997838771269));
#1804=CARTESIAN_POINT('',(0.000181640625000007,-0.0216597649340453,-0.00912934924504674));
#1805=CARTESIAN_POINT('',(0.000181640624999983,-0.0223348422121208,-0.00876956080824617));
#1806=CARTESIAN_POINT('',(0.000181640625000061,-0.0229802262262972,-0.00821448091733709));
#1807=CARTESIAN_POINT('',(0.0001816406249998,-0.0233889718967962,-0.0076229753177102));
#1808=CARTESIAN_POINT('',(0.000181640625000282,-0.0235727559370808,-0.00724439252564852));
#1809=CARTESIAN_POINT('',(0.000181640625000253,-0.023636759165155,-0.0070922984543026));
#1810=CARTESIAN_POINT('',(0.0003193359375,-0.019,-0.00979101562499987));
#1811=CARTESIAN_POINT('',(0.00031933593750026,-0.0191902652031809,-0.00979101563753937));
#1812=CARTESIAN_POINT('',(0.000319335937499882,-0.0196003515365719,-0.00979198638170022));
#1813=CARTESIAN_POINT('',(0.000319335937500032,-0.0202983697063549,-0.00974434016536958));
#1814=CARTESIAN_POINT('',(0.000319335937499989,-0.021021634317025,-0.00960690879817078));
#1815=CARTESIAN_POINT('',(0.000319335937500007,-0.0217572426298127,-0.00935423953186633));
#1816=CARTESIAN_POINT('',(0.000319335937499983,-0.0224715825806778,-0.00897429835196425));
#1817=CARTESIAN_POINT('',(0.000319335937500062,-0.0231646017954936,-0.00837846218918566));
#1818=CARTESIAN_POINT('',(0.000319335937499796,-0.0236004128134107,-0.00774696198322189));
#1819=CARTESIAN_POINT('',(0.000319335937500288,-0.0237943944200917,-0.00734721785490683));
#1820=CARTESIAN_POINT('',(0.000319335937500258,-0.0238617931634369,-0.0071870239785748));
#1821=CARTESIAN_POINT('',(0.000402777777777777,-0.019,-0.00990277777777765));
#1822=CARTESIAN_POINT('',(0.00040277777777802,-0.0191902652023525,-0.0099027777903177));
#1823=CARTESIAN_POINT('',(0.000402777777777667,-0.0196029128106769,-0.00990381067984526));
#1824=CARTESIAN_POINT('',(0.000402777777777809,-0.0203123781739098,-0.00985549118307315));
#1825=CARTESIAN_POINT('',(0.000402777777777767,-0.0210501570789519,-0.00971537027495827));
#1826=CARTESIAN_POINT('',(0.000402777777777784,-0.021801865752764,-0.00945718930761041));
#1827=CARTESIAN_POINT('',(0.000402777777777762,-0.0225341792827283,-0.00906802264975519));
#1828=CARTESIAN_POINT('',(0.000402777777777835,-0.0232490048338368,-0.00845352917140967));
#1829=CARTESIAN_POINT('',(0.000402777777777591,-0.0236972057663497,-0.0078037203234339));
#1830=CARTESIAN_POINT('',(0.000402777777778042,-0.0238958555923145,-0.00739428900563398));
#1831=CARTESIAN_POINT('',(0.000402777777778015,-0.0239648087270949,-0.00723038721857496));
#1832=CARTESIAN_POINT('',(0.000597222222222222,-0.019,-0.0100972222222221));
#1833=CARTESIAN_POINT('',(0.000597222222222431,-0.0191902652009111,-0.0100972222347632));
#1834=CARTESIAN_POINT('',(0.000597222222222127,-0.0196073689302849,-0.0100983632451617));
#1835=CARTESIAN_POINT('',(0.000597222222222249,-0.0203367501873644,-0.0100488723711555));
#1836=CARTESIAN_POINT('',(0.000597222222222214,-0.0210997811463044,-0.00990407218408756));
#1837=CARTESIAN_POINT('',(0.000597222222222227,-0.0218795013220152,-0.00963630192715739));
#1838=CARTESIAN_POINT('',(0.000597222222222211,-0.0226430853895968,-0.00923108472901865));
#1839=CARTESIAN_POINT('',(0.000597222222222262,-0.0233958497316145,-0.0085841311443664));
#1840=CARTESIAN_POINT('',(0.000597222222222091,-0.0238656067097154,-0.00790246881436585));
#1841=CARTESIAN_POINT('',(0.000597222222222408,-0.0240723783307838,-0.00747618366786996));
#1842=CARTESIAN_POINT('',(0.000597222222222389,-0.0241440358048378,-0.00730583083612867));
#1843=CARTESIAN_POINT('',(0.000708984375,-0.019,-0.0101806640624999));
#1844=CARTESIAN_POINT('',(0.000708984375000198,-0.0191902652002925,-0.0101806640750496));
#1845=CARTESIAN_POINT('',(0.00070898437499991,-0.0196092811825051,-0.0101818514832875));
#1846=CARTESIAN_POINT('',(0.000708984375000025,-0.0203472089364418,-0.0101318579368012));
#1847=CARTESIAN_POINT('',(0.000708984374999994,-0.021121076295743,-0.00998504973326162));
#1848=CARTESIAN_POINT('',(0.000708984375000004,-0.0219128170322575,-0.00971316442963049));
#1849=CARTESIAN_POINT('',(0.000708984374999992,-0.0226898202088945,-0.00930105947173819));
#1850=CARTESIAN_POINT('',(0.00070898437500003,-0.0234588652039319,-0.00864017629905632));
#1851=CARTESIAN_POINT('',(0.000708984374999904,-0.0239378725163242,-0.00794484470137742));
#1852=CARTESIAN_POINT('',(0.000708984375000137,-0.0241481294389816,-0.00751132708040466));
#1853=CARTESIAN_POINT('',(0.000708984375000122,-0.0242209474246988,-0.00733820591531462));
#1854=CARTESIAN_POINT('',(0.000953125,-0.019,-0.0103183593749999));
#1855=CARTESIAN_POINT('',(0.000953125000000205,-0.0191902651992716,-0.0103183593875095));
#1856=CARTESIAN_POINT('',(0.000953124999999906,-0.0196124367716695,-0.0103196233613123));
#1857=CARTESIAN_POINT('',(0.000953125000000026,-0.0203644679124875,-0.0102688003071513));
#1858=CARTESIAN_POINT('',(0.000953124999999997,-0.0211562174461171,-0.0101186784847614));
#1859=CARTESIAN_POINT('',(0.000953125000000002,-0.02196779445267,-0.00984000255139626));
#1860=CARTESIAN_POINT('',(0.000953124999999996,-0.0227669417767618,-0.00941653144639572));
#1861=CARTESIAN_POINT('',(0.000953125000000014,-0.0235628530249541,-0.00873266173637724));
#1862=CARTESIAN_POINT('',(0.00095312499999996,-0.0240571251933094,-0.00801477318073127));
#1863=CARTESIAN_POINT('',(0.000953125000000059,-0.0242731335433791,-0.00756932056609896));
#1864=CARTESIAN_POINT('',(0.000953125000000052,-0.0243478665997113,-0.0073916311109975));
#1865=CARTESIAN_POINT('',(0.00108506944444444,-0.019,-0.0103723958333332));
#1866=CARTESIAN_POINT('',(0.00108506944444467,-0.019190265198871,-0.0103723958458105));
#1867=CARTESIAN_POINT('',(0.00108506944444434,-0.019613675135266,-0.0103736898666442));
#1868=CARTESIAN_POINT('',(0.00108506944444447,-0.020371240938548,-0.0103225412846389));
#1869=CARTESIAN_POINT('',(0.00108506944444444,-0.0211700080630488,-0.0101711190822772));
#1870=CARTESIAN_POINT('',(0.00108506944444445,-0.0219893695159996,-0.00988977826821193));
#1871=CARTESIAN_POINT('',(0.00108506944444444,-0.0227972069783368,-0.00946184668940576));
#1872=CARTESIAN_POINT('',(0.00108506944444445,-0.0236036614842659,-0.00876895625787839));
#1873=CARTESIAN_POINT('',(0.00108506944444442,-0.0241039241161985,-0.00804221556270206));
#1874=CARTESIAN_POINT('',(0.00108506944444447,-0.0243221895276022,-0.00759207923896886));
#1875=CARTESIAN_POINT('',(0.00108506944444447,-0.0243976741246494,-0.00741259702703108));
#1876=CARTESIAN_POINT('',(0.00135243055555556,-0.019,-0.0104505208333332));
#1877=CARTESIAN_POINT('',(0.00135243055555582,-0.0191902651982918,-0.0104505208451577));
#1878=CARTESIAN_POINT('',(0.00135243055555543,-0.0196154655404658,-0.0104518583083691));
#1879=CARTESIAN_POINT('',(0.00135243055555559,-0.0203810332653821,-0.0104002390833406));
#1880=CARTESIAN_POINT('',(0.00135243055555556,-0.0211899463043972,-0.0102469368136461));
#1881=CARTESIAN_POINT('',(0.00135243055555556,-0.0220205623786398,-0.00996174315998647));
#1882=CARTESIAN_POINT('',(0.00135243055555555,-0.0228409638962947,-0.0095273627034042));
#1883=CARTESIAN_POINT('',(0.00135243055555556,-0.0236626616663351,-0.00882143026484305));
#1884=CARTESIAN_POINT('',(0.00135243055555556,-0.0241715852097508,-0.00808189129575064));
#1885=CARTESIAN_POINT('',(0.00135243055555555,-0.0243931138418335,-0.00762498334421202));
#1886=CARTESIAN_POINT('',(0.00135243055555555,-0.0244696850038013,-0.00744290919469085));
#1887=CARTESIAN_POINT('',(0.00148741319444444,-0.019,-0.010474392361111));
#1888=CARTESIAN_POINT('',(0.00148741319444474,-0.0191902651981148,-0.0104743923723314));
#1889=CARTESIAN_POINT('',(0.00148741319444431,-0.0196160126087213,-0.0104757431101952));
#1890=CARTESIAN_POINT('',(0.00148741319444448,-0.0203840253652478,-0.0104239800773379));
#1891=CARTESIAN_POINT('',(0.00148741319444444,-0.0211960385448101,-0.0102701033426893));
#1892=CARTESIAN_POINT('',(0.00148741319444445,-0.02203009353111,-0.00998373243246834));
#1893=CARTESIAN_POINT('',(0.00148741319444444,-0.022854334065683,-0.00954738148546464));
#1894=CARTESIAN_POINT('',(0.00148741319444444,-0.0236806894996996,-0.0088374639891767));
#1895=CARTESIAN_POINT('',(0.00148741319444445,-0.0241922594329266,-0.00809401443645696));
#1896=CARTESIAN_POINT('',(0.00148741319444444,-0.024414785159865,-0.00763503737629559));
#1897=CARTESIAN_POINT('',(0.00148741319444444,-0.0244916883278018,-0.00745217124585371));
#1898=CARTESIAN_POINT('',(0.00168353949652778,-0.019,-0.0104930284288193));
#1899=CARTESIAN_POINT('',(0.00168353949652809,-0.0191902651979766,-0.0104930284375593));
#1900=CARTESIAN_POINT('',(0.00168353949652763,-0.0196164396949621,-0.010494389541644));
#1901=CARTESIAN_POINT('',(0.00168353949652782,-0.02038636124321,-0.010442514239447));
#1902=CARTESIAN_POINT('',(0.00168353949652778,-0.0212007946461368,-0.0102881890307721));
#1903=CARTESIAN_POINT('',(0.00168353949652778,-0.0220375343285335,-0.0100008990576662));
#1904=CARTESIAN_POINT('',(0.00168353949652778,-0.022864771913891,-0.009563009784668));
#1905=CARTESIAN_POINT('',(0.00168353949652778,-0.0236947635012024,-0.00884998122615898));
#1906=CARTESIAN_POINT('',(0.00168353949652778,-0.0242083994237896,-0.00810347875224674));
#1907=CARTESIAN_POINT('',(0.00168353949652777,-0.0244317035628068,-0.0076428863759749));
#1908=CARTESIAN_POINT('',(0.00168353949652777,-0.0245088659218712,-0.00745940196046533));
#1909=CARTESIAN_POINT('',(0.00174793836805556,-0.019,-0.0104964599609374));
#1910=CARTESIAN_POINT('',(0.00174793836805588,-0.0191902651979511,-0.010496459968579));
#1911=CARTESIAN_POINT('',(0.00174793836805541,-0.019616518336024,-0.010497822982376));
#1912=CARTESIAN_POINT('',(0.00174793836805559,-0.0203867913575651,-0.0104459270072081));
#1913=CARTESIAN_POINT('',(0.00174793836805556,-0.0212016704056983,-0.0102915192193566));
#1914=CARTESIAN_POINT('',(0.00174793836805556,-0.0220389044316929,-0.0100040600155735));
#1915=CARTESIAN_POINT('',(0.00174793836805556,-0.022866693875771,-0.0095658874846026));
#1916=CARTESIAN_POINT('',(0.00174793836805556,-0.0236973550021346,-0.00885228607399028));
#1917=CARTESIAN_POINT('',(0.00174793836805556,-0.0242113713437359,-0.00810522145385474));
#1918=CARTESIAN_POINT('',(0.00174793836805555,-0.0244348188142595,-0.00764433164290173));
#1919=CARTESIAN_POINT('',(0.00174793836805555,-0.0245120288992344,-0.00746073338015367));
#1920=CARTESIAN_POINT('',(0.00187492540147569,-0.019,-0.0104999491373697));
#1921=CARTESIAN_POINT('',(0.00187492540147602,-0.0191902651979253,-0.0104999491419477));
#1922=CARTESIAN_POINT('',(0.00187492540147554,-0.0196165982981318,-0.0105013141003876));
#1923=CARTESIAN_POINT('',(0.00187492540147573,-0.0203872286971602,-0.0104493971038294));
#1924=CARTESIAN_POINT('',(0.00187492540147569,-0.0212025608766402,-0.0102949053499105));
#1925=CARTESIAN_POINT('',(0.00187492540147569,-0.0220402975504035,-0.010007274072553));
#1926=CARTESIAN_POINT('',(0.00187492540147569,-0.0228686481236308,-0.00956881352537218));
#1927=CARTESIAN_POINT('',(0.00187492540147569,-0.0236999900359661,-0.00885462963954094));
#1928=CARTESIAN_POINT('',(0.0018749254014757,-0.0242143931879409,-0.00810699343034755));
#1929=CARTESIAN_POINT('',(0.00187492540147569,-0.0244379863960214,-0.0076458011876715));
#1930=CARTESIAN_POINT('',(0.00187492540147569,-0.0245152450087274,-0.00746208716526765));
#1931=CARTESIAN_POINT('',(0.0019375,-0.019,-0.0104999999999999));
#1932=CARTESIAN_POINT('',(0.00193750000000033,-0.0191902651979249,-0.0105000000026131));
#1933=CARTESIAN_POINT('',(0.00193749999999985,-0.0196165994637605,-0.0105013649922119));
#1934=CARTESIAN_POINT('',(0.00193750000000004,-0.0203872350723719,-0.0104494476880891));
#1935=CARTESIAN_POINT('',(0.0019375,-0.0212025738572703,-0.0102949547104797));
#1936=CARTESIAN_POINT('',(0.0019375,-0.0220403178582409,-0.0100073209246728));
#1937=CARTESIAN_POINT('',(0.0019375,-0.0228686766112668,-0.00956885617905317));
#1938=CARTESIAN_POINT('',(0.0019375,-0.0237000284473219,-0.00885466380222498));
#1939=CARTESIAN_POINT('',(0.0019375,-0.0242144372388405,-0.00810701926115825));
#1940=CARTESIAN_POINT('',(0.0019375,-0.0244380325697062,-0.00764582260925538));
#1941=CARTESIAN_POINT('',(0.0019375,-0.0245152918899132,-0.0074621068994288));
#1942=CARTESIAN_POINT('',(0.002,-0.019,-0.0104999999999999));
#1943=CARTESIAN_POINT('',(0.00200000000000033,-0.0191902651979249,-0.0104999999999999));
#1944=CARTESIAN_POINT('',(0.00199999999999985,-0.0196165994637609,-0.0105013649934249));
#1945=CARTESIAN_POINT('',(0.00200000000000004,-0.0203872350723703,-0.0104494476877636));
#1946=CARTESIAN_POINT('',(0.002,-0.021202573857276,-0.0102949547105688));
#1947=CARTESIAN_POINT('',(0.002,-0.0220403178582198,-0.0100073209246419));
#1948=CARTESIAN_POINT('',(0.002,-0.0228686766113457,-0.00956885617908781));
#1949=CARTESIAN_POINT('',(0.002,-0.0237000284470276,-0.00885466380211735));
#1950=CARTESIAN_POINT('',(0.002,-0.024214437239783,-0.00810701926149793));
#1951=CARTESIAN_POINT('',(0.002,-0.0244380325683774,-0.00764582260877694));
#1952=CARTESIAN_POINT('',(0.002,-0.0245152918887199,-0.00746210689899909));
#1953=CARTESIAN_POINT('',(0.002,-0.019,-0.0104999999999999));
#1954=CARTESIAN_POINT('',(0.00175,-0.019,-0.0104999999999999));
#1955=CARTESIAN_POINT('',(0.00121354166666667,-0.019,-0.0104739583333332));
#1956=CARTESIAN_POINT('',(0.000440104166666667,-0.019,-0.0100598958333332));
#1957=CARTESIAN_POINT('',(2.60416666666667E-5,-0.019,-0.00928645833333321));
#1958=CARTESIAN_POINT('',(-7.65801494178494E-32,-0.019,-0.00874999999999987));
#1959=CARTESIAN_POINT('',(0.,-0.019,-0.00849999999999987));
#1960=CARTESIAN_POINT('',(0.00200000000000001,0.0333191010151814,0.0105000000000002));
#1961=CARTESIAN_POINT('',(0.00200000000000001,-0.019,0.0105000000000002));
#1962=CARTESIAN_POINT('',(0.00170000000000001,0.0333191010151814,0.0105000000000002));
#1963=CARTESIAN_POINT('',(0.00170000000000001,-0.019,0.0105000000000002));
#1964=CARTESIAN_POINT('',(0.00140000000000002,0.0333191010151814,0.0105000000000002));
#1965=CARTESIAN_POINT('',(0.00140000000000002,-0.019,0.0105000000000002));
#1966=CARTESIAN_POINT('',(0.000666666666666665,0.0333191010151814,0.0103000000000002));
#1967=CARTESIAN_POINT('',(0.000666666666666665,-0.019,0.0103000000000002));
#1968=CARTESIAN_POINT('',(0.000199999999999996,0.0333191010151814,0.0098333333333335));
#1969=CARTESIAN_POINT('',(0.000199999999999996,-0.019,0.0098333333333335));
#1970=CARTESIAN_POINT('',(-3.17367659929962E-18,0.0333191010151814,0.00910000000000014));
#1971=CARTESIAN_POINT('',(-3.17367659929962E-18,-0.019,0.00910000000000014));
#1972=CARTESIAN_POINT('',(2.0222264416066E-33,0.0333191010151814,0.00880000000000014));
#1973=CARTESIAN_POINT('',(2.0222264416066E-33,-0.019,0.00880000000000014));
#1974=CARTESIAN_POINT('',(0.,0.0333191010151814,0.00850000000000014));
#1975=CARTESIAN_POINT('',(0.,-0.019,0.00850000000000014));
#1976=CARTESIAN_POINT('',(0.00199999860333007,0.0330000455800797,0.0105000000000002));
#1977=CARTESIAN_POINT('',(0.00194087889320144,0.0329982416761416,0.0105000000000001));
#1978=CARTESIAN_POINT('',(0.0018064215425261,0.0329963402668302,0.0105018334037853));
#1979=CARTESIAN_POINT('',(0.00148176664869128,0.0330009926279805,0.0104780653298717));
#1980=CARTESIAN_POINT('',(0.0012127822890465,0.0330059936259785,0.0104133062015978));
#1981=CARTESIAN_POINT('',(0.00107175149875496,0.0330072545828358,0.0103639846857677));
#1982=CARTESIAN_POINT('',(0.000913312821735553,0.0330066174715146,0.0102966499419861));
#1983=CARTESIAN_POINT('',(0.000738926782224367,0.0330040016358519,0.0101994422620906));
#1984=CARTESIAN_POINT('',(0.000594653258761361,0.0330010852026796,0.0100894258360817));
#1985=CARTESIAN_POINT('',(0.000525710652400837,0.0330001683354077,0.0100250290143008));
#1986=CARTESIAN_POINT('',(0.000511667625962058,0.0329999626709656,0.0100126539007249));
#1987=CARTESIAN_POINT('',(0.000425706229001419,0.0329999801773347,0.00992244217062438));
#1988=CARTESIAN_POINT('',(0.000344819676163638,0.0329999372809442,0.00982067883122956));
#1989=CARTESIAN_POINT('',(0.000209138856086924,0.0329999167988463,0.00961562351547052));
#1990=CARTESIAN_POINT('',(0.000101736434487796,0.0329999581113503,0.00934756976260328));
#1991=CARTESIAN_POINT('',(4.04332223354349E-5,0.0329999831913196,0.00909905964982601));
#1992=CARTESIAN_POINT('',(4.8859769929043E-6,0.0330002262922671,0.0088447438633642));
#1993=CARTESIAN_POINT('',(-6.94909308142892E-7,0.0329969612401036,0.00858601809761747));
#1994=CARTESIAN_POINT('',(9.57010887322103E-16,0.0329985227843797,0.0085234260806307));
#1995=CARTESIAN_POINT('',(9.2343830977948E-20,0.0330001004895256,0.00850000677996837));
#1996=CARTESIAN_POINT('',(0.002,-0.019,-0.0104999999999999));
#1997=CARTESIAN_POINT('',(0.002,-0.0124852813742386,-0.0104999999999999));
#1998=CARTESIAN_POINT('',(0.0017,-0.019,-0.0104999999999999));
#1999=CARTESIAN_POINT('',(0.0017,-0.0124852813742386,-0.0104999999999999));
#2000=CARTESIAN_POINT('',(0.0014,-0.019,-0.0104999999999999));
#2001=CARTESIAN_POINT('',(0.0014,-0.0124852813742386,-0.0104999999999999));
#2002=CARTESIAN_POINT('',(0.000666666666666666,-0.019,-0.0102999999999999));
#2003=CARTESIAN_POINT('',(0.000666666666666666,-0.0124852813742386,-0.0102999999999999));
#2004=CARTESIAN_POINT('',(0.000199999999999999,-0.019,-0.00983333333333321));
#2005=CARTESIAN_POINT('',(0.000199999999999999,-0.0124852813742386,-0.00983333333333321));
#2006=CARTESIAN_POINT('',(-4.6473241921428E-19,-0.019,-0.00909999999999987));
#2007=CARTESIAN_POINT('',(-4.6473241921428E-19,-0.0124852813742386,-0.00909999999999987));
#2008=CARTESIAN_POINT('',(-9.1636178758927E-32,-0.019,-0.00879999999999987));
#2009=CARTESIAN_POINT('',(-9.1636178758927E-32,-0.0124852813742386,-0.00879999999999987));
#2010=CARTESIAN_POINT('',(3.67290914887863E-46,-0.019,-0.00849999999999987));
#2011=CARTESIAN_POINT('',(3.67290914887863E-46,-0.0124852813742386,-0.00849999999999987));
#2012=CARTESIAN_POINT('',(0.,-0.0124852813742386,-0.00849999999999987));
#2013=CARTESIAN_POINT('',(-7.65801494178493E-32,-0.0124852813742386,-0.00874999999999987));
#2014=CARTESIAN_POINT('',(2.60416666666648E-5,-0.0124852813742386,-0.0092864583333332));
#2015=CARTESIAN_POINT('',(0.000440104166666664,-0.0124852813742386,-0.0100598958333332));
#2016=CARTESIAN_POINT('',(0.00121354166666667,-0.0124852813742386,-0.0104739583333332));
#2017=CARTESIAN_POINT('',(0.00175,-0.0124852813742386,-0.0104999999999999));
#2018=CARTESIAN_POINT('',(0.002,-0.0124852813742386,-0.0104999999999999));
#2019=CARTESIAN_POINT('',(0.025,-0.019,0.00850000000000013));
#2020=CARTESIAN_POINT('',(0.025,-0.0191902652127521,0.00850000001253357));
#2021=CARTESIAN_POINT('',(0.025,-0.0195707650906475,0.00850025288720534));
#2022=CARTESIAN_POINT('',(0.025,-0.0201365515054153,0.00846038404047956));
#2023=CARTESIAN_POINT('',(0.025,-0.0206921548787662,0.00835402078766863));
#2024=CARTESIAN_POINT('',(0.025,-0.0212417805745947,0.00816501969516459));
#2025=CARTESIAN_POINT('',(0.025,-0.0217484995117486,0.00789164622078339));
#2026=CARTESIAN_POINT('',(0.025,-0.022189623785583,0.00751132922365038));
#2027=CARTESIAN_POINT('',(0.025,-0.0224823132463542,0.00709132049599808));
#2028=CARTESIAN_POINT('',(0.025,-0.0226223701219276,0.00680347751378916));
#2029=CARTESIAN_POINT('',(0.025,-0.0226718133805196,0.00668611540622465));
#2030=CARTESIAN_POINT('',(0.025,-0.019,0.00856250000000013));
#2031=CARTESIAN_POINT('',(0.0250000000000007,-0.0191902652122887,0.00856250001253388));
#2032=CARTESIAN_POINT('',(0.0249999999999997,-0.0195721974148072,0.00856278764034277));
#2033=CARTESIAN_POINT('',(0.0250000000000001,-0.0201443853668829,0.00852254227950602));
#2034=CARTESIAN_POINT('',(0.025,-0.0207081054718438,0.0084146749727459));
#2035=CARTESIAN_POINT('',(0.025,-0.0212667348647112,0.00822259160859041));
#2036=CARTESIAN_POINT('',(0.025,-0.0217835050460991,0.00794405903197522));
#2037=CARTESIAN_POINT('',(0.025,-0.0222368239312973,0.00755330842924359));
#2038=CARTESIAN_POINT('',(0.025,-0.0225364421210074,0.00712306108236915));
#2039=CARTESIAN_POINT('',(0.025,-0.0226791095735785,0.00682980079807922));
#2040=CARTESIAN_POINT('',(0.025,-0.0227294220840799,0.00671036514043829));
#2041=CARTESIAN_POINT('',(0.0249999491373698,-0.019,0.00862507459852444));
#2042=CARTESIAN_POINT('',(0.024999949137371,-0.0191902652118249,0.0086250746110585));
#2043=CARTESIAN_POINT('',(0.0249999491373692,-0.0195736314485552,0.00862539703348502));
#2044=CARTESIAN_POINT('',(0.0249999491373699,-0.0201522285786626,0.00858477470913897));
#2045=CARTESIAN_POINT('',(0.0249999491373698,-0.0207240751031726,0.00847540155322637));
#2046=CARTESIAN_POINT('',(0.0249999491373698,-0.0212917189396791,0.00828023223849275));
#2047=CARTESIAN_POINT('',(0.0249999491373698,-0.021818552362229,0.00799653440186097));
#2048=CARTESIAN_POINT('',(0.0249999491373698,-0.022284080413991,0.00759533774022542));
#2049=CARTESIAN_POINT('',(0.0249999491373698,-0.0225906356026073,0.00715483955355469));
#2050=CARTESIAN_POINT('',(0.0249999491373698,-0.0227359167480993,0.00685615550121989));
#2051=CARTESIAN_POINT('',(0.0249999491373698,-0.0227870995480285,0.00673464381856212));
#2052=CARTESIAN_POINT('',(0.0249964599609375,-0.019,0.00875206163194458));
#2053=CARTESIAN_POINT('',(0.0249964599609395,-0.0191902652108835,0.00875206164447928));
#2054=CARTESIAN_POINT('',(0.0249964599609366,-0.0195765416340902,0.00875245467807034));
#2055=CARTESIAN_POINT('',(0.0249964599609377,-0.0201681453599105,0.0087110673551644));
#2056=CARTESIAN_POINT('',(0.0249964599609375,-0.0207564833991121,0.00859863827366603));
#2057=CARTESIAN_POINT('',(0.0249964599609375,-0.021342420880047,0.00839720642240099));
#2058=CARTESIAN_POINT('',(0.0249964599609375,-0.0218896763455965,0.00810302636036434));
#2059=CARTESIAN_POINT('',(0.0249964599609375,-0.0223799813176911,0.00768063077676329));
#2060=CARTESIAN_POINT('',(0.0249964599609375,-0.0227006142460406,0.00721932983999113));
#2061=CARTESIAN_POINT('',(0.0249964599609375,-0.0228511995423879,0.00690963895372983));
#2062=CARTESIAN_POINT('',(0.0249964599609375,-0.0229041484818573,0.00678391424750641));
#2063=CARTESIAN_POINT('',(0.0249930284288195,-0.019,0.00881646050347235));
#2064=CARTESIAN_POINT('',(0.0249930284288217,-0.0191902652104061,0.00881646051600739));
#2065=CARTESIAN_POINT('',(0.0249930284288184,-0.019578017475043,0.00881688935860342));
#2066=CARTESIAN_POINT('',(0.0249930284288197,-0.0201762172293219,0.00877511408235573));
#2067=CARTESIAN_POINT('',(0.0249930284288194,-0.0207729186022224,0.00866113525082464));
#2068=CARTESIAN_POINT('',(0.0249930284288195,-0.0213681333300194,0.00845652748250207));
#2069=CARTESIAN_POINT('',(0.0249930284288195,-0.0219257454161469,0.00815703157467398));
#2070=CARTESIAN_POINT('',(0.0249930284288194,-0.0224286154956103,0.00772388539224866));
#2071=CARTESIAN_POINT('',(0.0249930284288195,-0.0227563876611563,0.00725203476709395));
#2072=CARTESIAN_POINT('',(0.0249930284288194,-0.0229096628489066,0.0069367619905808));
#2073=CARTESIAN_POINT('',(0.0249930284288194,-0.0229635074498487,0.00680890073579773));
#2074=CARTESIAN_POINT('',(0.0249743923611111,-0.019,0.00901258680555569));
#2075=CARTESIAN_POINT('',(0.0249743923611138,-0.0191902652089522,0.00901258681809177));
#2076=CARTESIAN_POINT('',(0.0249743923611099,-0.0195825121380963,0.00901312471675599));
#2077=CARTESIAN_POINT('',(0.0249743923611114,-0.0202008000498126,0.00897016793138409));
#2078=CARTESIAN_POINT('',(0.0249743923611111,-0.0208229718956038,0.00885146934722597));
#2079=CARTESIAN_POINT('',(0.0249743923611111,-0.0214464404122859,0.00863718934624714));
#2080=CARTESIAN_POINT('',(0.0249743923611111,-0.022035593512221,0.00832150406812751));
#2081=CARTESIAN_POINT('',(0.0249743923611111,-0.0225767305361981,0.00785561701396696));
#2082=CARTESIAN_POINT('',(0.0249743923611111,-0.022926245197503,0.00735163738838854));
#2083=CARTESIAN_POINT('',(0.0249743923611111,-0.023087712430259,0.00701936500508485));
#2084=CARTESIAN_POINT('',(0.0249743923611111,-0.023144284761802,0.00688499690696298));
#2085=CARTESIAN_POINT('',(0.0249505208333333,-0.019,0.00914756944444457));
#2086=CARTESIAN_POINT('',(0.024950520833336,-0.0191902652079515,0.00914756945698141));
#2087=CARTESIAN_POINT('',(0.0249505208333321,-0.0195856055604134,0.00914818241276803));
#2088=CARTESIAN_POINT('',(0.0249505208333336,-0.02021771901451,0.00910441246150375));
#2089=CARTESIAN_POINT('',(0.0249505208333333,-0.0208574207459311,0.00898246553860813));
#2090=CARTESIAN_POINT('',(0.0249505208333333,-0.0215003347471902,0.00876152868704872));
#2091=CARTESIAN_POINT('',(0.0249505208333333,-0.0221111957426588,0.00843470118118764));
#2092=CARTESIAN_POINT('',(0.0249505208333333,-0.0226786697397893,0.00794628043715788));
#2093=CARTESIAN_POINT('',(0.0249505208333334,-0.0230431485309556,0.00742018823812046));
#2094=CARTESIAN_POINT('',(0.0249505208333333,-0.0232102538848659,0.00707621598712805));
#2095=CARTESIAN_POINT('',(0.0249505208333333,-0.0232687035590744,0.00693736959682723));
#2096=CARTESIAN_POINT('',(0.0248723958333333,-0.019,0.00941493055555568));
#2097=CARTESIAN_POINT('',(0.0248723958333356,-0.0191902652059694,0.00941493056809407));
#2098=CARTESIAN_POINT('',(0.0248723958333323,-0.0195917327248745,0.00941569219007803));
#2099=CARTESIAN_POINT('',(0.0248723958333336,-0.0202512305330101,0.00937031159511697));
#2100=CARTESIAN_POINT('',(0.0248723958333333,-0.0209256538385408,0.0092419306636609));
#2101=CARTESIAN_POINT('',(0.0248723958333333,-0.0216070836549106,0.00900780853892582));
#2102=CARTESIAN_POINT('',(0.0248723958333333,-0.0222609416396029,0.00865891154017491));
#2103=CARTESIAN_POINT('',(0.0248723958333333,-0.0228805814742337,0.00812585814997333));
#2104=CARTESIAN_POINT('',(0.0248723958333334,-0.0232746998280835,0.00755596741315214));
#2105=CARTESIAN_POINT('',(0.0248723958333332,-0.023452972650261,0.00718882114770238));
#2106=CARTESIAN_POINT('',(0.0248723958333332,-0.0235151407909706,0.00704110457096352));
#2107=CARTESIAN_POINT('',(0.024818359375,-0.019,0.00954687500000013));
#2108=CARTESIAN_POINT('',(0.024818359375002,-0.0191902652049912,0.0095468750125393));
#2109=CARTESIAN_POINT('',(0.0248183593749991,-0.0195947565203228,0.00954771000225697));
#2110=CARTESIAN_POINT('',(0.0248183593750002,-0.0202677686849972,0.00950153454417285));
#2111=CARTESIAN_POINT('',(0.024818359375,-0.0209593273128157,0.00936997838771292));
#2112=CARTESIAN_POINT('',(0.024818359375,-0.0216597649340453,0.00912934924504697));
#2113=CARTESIAN_POINT('',(0.024818359375,-0.0223348422121208,0.00876956080824656));
#2114=CARTESIAN_POINT('',(0.024818359375,-0.0229802262262971,0.0082144809173368));
#2115=CARTESIAN_POINT('',(0.0248183593750001,-0.0233889718967961,0.00762297531771322));
#2116=CARTESIAN_POINT('',(0.0248183593749999,-0.0235727559370792,0.00724439252564817));
#2117=CARTESIAN_POINT('',(0.0248183593749999,-0.0236367591651531,0.00709229845430351));
#2118=CARTESIAN_POINT('',(0.0246806640625,-0.019,0.00979101562500012));
#2119=CARTESIAN_POINT('',(0.0246806640625017,-0.0191902652031812,0.00979101563754072));
#2120=CARTESIAN_POINT('',(0.0246806640624992,-0.0196003515365718,0.00979198638169994));
#2121=CARTESIAN_POINT('',(0.0246806640625002,-0.0202983697063549,0.00974434016536999));
#2122=CARTESIAN_POINT('',(0.0246806640625,-0.021021634317025,0.00960690879817101));
#2123=CARTESIAN_POINT('',(0.0246806640625,-0.0217572426298127,0.00935423953186656));
#2124=CARTESIAN_POINT('',(0.0246806640625,-0.0224715825806779,0.00897429835196465));
#2125=CARTESIAN_POINT('',(0.0246806640625,-0.0231646017954934,0.00837846218918532));
#2126=CARTESIAN_POINT('',(0.0246806640625001,-0.0236004128134105,0.00774696198322512));
#2127=CARTESIAN_POINT('',(0.0246806640624999,-0.02379439442009,0.00734721785490637));
#2128=CARTESIAN_POINT('',(0.0246806640624999,-0.0238617931634349,0.00718702397857566));
#2129=CARTESIAN_POINT('',(0.0245972222222222,-0.019,0.0099027777777779));
#2130=CARTESIAN_POINT('',(0.0245972222222238,-0.0191902652023526,0.00990277779031914));
#2131=CARTESIAN_POINT('',(0.0245972222222215,-0.0196029128106769,0.00990381067984496));
#2132=CARTESIAN_POINT('',(0.0245972222222224,-0.0203123781739098,0.00985549118307356));
#2133=CARTESIAN_POINT('',(0.0245972222222222,-0.0210501570789519,0.00971537027495849));
#2134=CARTESIAN_POINT('',(0.0245972222222222,-0.021801865752764,0.00945718930761064));
#2135=CARTESIAN_POINT('',(0.0245972222222222,-0.0225341792827284,0.0090680226497556));
#2136=CARTESIAN_POINT('',(0.0245972222222222,-0.0232490048338366,0.0084535291714093));
#2137=CARTESIAN_POINT('',(0.0245972222222223,-0.0236972057663496,0.00780372032343725));
#2138=CARTESIAN_POINT('',(0.0245972222222222,-0.0238958555923128,0.00739428900563343));
#2139=CARTESIAN_POINT('',(0.0245972222222222,-0.0239648087270929,0.00723038721857578));
#2140=CARTESIAN_POINT('',(0.0244027777777778,-0.019,0.0100972222222223));
#2141=CARTESIAN_POINT('',(0.0244027777777793,-0.0191902652009111,0.0100972222347646));
#2142=CARTESIAN_POINT('',(0.024402777777777,-0.0196073689302849,0.0100983632451614));
#2143=CARTESIAN_POINT('',(0.024402777777778,-0.0203367501873645,0.0100488723711559));
#2144=CARTESIAN_POINT('',(0.0244027777777778,-0.0210997811463044,0.00990407218408778));
#2145=CARTESIAN_POINT('',(0.0244027777777778,-0.0218795013220152,0.00963630192715761));
#2146=CARTESIAN_POINT('',(0.0244027777777778,-0.0226430853895969,0.00923108472901907));
#2147=CARTESIAN_POINT('',(0.0244027777777778,-0.0233958497316144,0.00858413114436598));
#2148=CARTESIAN_POINT('',(0.0244027777777777,-0.0238656067097152,0.00790246881436944));
#2149=CARTESIAN_POINT('',(0.0244027777777778,-0.024072378330782,0.00747618366786924));
#2150=CARTESIAN_POINT('',(0.0244027777777778,-0.0241440358048357,0.00730583083612937));
#2151=CARTESIAN_POINT('',(0.024291015625,-0.019,0.0101806640625001));
#2152=CARTESIAN_POINT('',(0.0242910156250017,-0.0191902652002926,0.010180664075051));
#2153=CARTESIAN_POINT('',(0.0242910156249992,-0.0196092811825051,0.0101818514832872));
#2154=CARTESIAN_POINT('',(0.0242910156250002,-0.0203472089364418,0.0101318579368016));
#2155=CARTESIAN_POINT('',(0.024291015625,-0.021121076295743,0.00998504973326185));
#2156=CARTESIAN_POINT('',(0.024291015625,-0.0219128170322575,0.0097131644296307));
#2157=CARTESIAN_POINT('',(0.024291015625,-0.0226898202088945,0.00930105947173861));
#2158=CARTESIAN_POINT('',(0.024291015625,-0.0234588652039318,0.00864017629905587));
#2159=CARTESIAN_POINT('',(0.0242910156249999,-0.0239378725163239,0.00794484470138112));
#2160=CARTESIAN_POINT('',(0.0242910156250001,-0.0241481294389798,0.00751132708040385));
#2161=CARTESIAN_POINT('',(0.0242910156250001,-0.0242209474246968,0.00733820591531527));
#2162=CARTESIAN_POINT('',(0.024046875,-0.019,0.0103183593750001));
#2163=CARTESIAN_POINT('',(0.0240468750000019,-0.0191902651992721,0.0103183593875108));
#2164=CARTESIAN_POINT('',(0.0240468749999991,-0.0196124367716693,0.0103196233613121));
#2165=CARTESIAN_POINT('',(0.0240468750000002,-0.0203644679124876,0.0102688003071517));
#2166=CARTESIAN_POINT('',(0.024046875,-0.0211562174461171,0.0101186784847616));
#2167=CARTESIAN_POINT('',(0.024046875,-0.02196779445267,0.00984000255139647));
#2168=CARTESIAN_POINT('',(0.024046875,-0.0227669417767619,0.00941653144639615));
#2169=CARTESIAN_POINT('',(0.024046875,-0.023562853024954,0.00873266173637676));
#2170=CARTESIAN_POINT('',(0.0240468749999999,-0.0240571251933089,0.00801477318073514));
#2171=CARTESIAN_POINT('',(0.0240468750000002,-0.0242731335433776,0.007569320566098));
#2172=CARTESIAN_POINT('',(0.0240468750000001,-0.0243478665997095,0.00739163111099805));
#2173=CARTESIAN_POINT('',(0.0239149305555556,-0.019,0.0103723958333335));
#2174=CARTESIAN_POINT('',(0.0239149305555575,-0.0191902651988718,0.0103723958458117));
#2175=CARTESIAN_POINT('',(0.0239149305555546,-0.0196136751352657,0.010373689866644));
#2176=CARTESIAN_POINT('',(0.0239149305555558,-0.0203712409385481,0.0103225412846392));
#2177=CARTESIAN_POINT('',(0.0239149305555555,-0.0211700080630488,0.0101711190822774));
#2178=CARTESIAN_POINT('',(0.0239149305555556,-0.0219893695159996,0.00988977826821215));
#2179=CARTESIAN_POINT('',(0.0239149305555555,-0.0227972069783368,0.00946184668940619));
#2180=CARTESIAN_POINT('',(0.0239149305555556,-0.0236036614842658,0.00876895625787789));
#2181=CARTESIAN_POINT('',(0.0239149305555555,-0.0241039241161979,0.00804221556270601));
#2182=CARTESIAN_POINT('',(0.0239149305555557,-0.0243221895276009,0.00759207923896786));
#2183=CARTESIAN_POINT('',(0.0239149305555557,-0.0243976741246478,0.0074125970270316));
#2184=CARTESIAN_POINT('',(0.0236475694444444,-0.019,0.0104505208333335));
#2185=CARTESIAN_POINT('',(0.0236475694444466,-0.019190265198293,0.0104505208451588));
#2186=CARTESIAN_POINT('',(0.0236475694444434,-0.0196154655404652,0.010451858308369));
#2187=CARTESIAN_POINT('',(0.0236475694444447,-0.0203810332653822,0.0104002390833409));
#2188=CARTESIAN_POINT('',(0.0236475694444444,-0.0211899463043972,0.0102469368136463));
#2189=CARTESIAN_POINT('',(0.0236475694444444,-0.0220205623786399,0.00996174315998668));
#2190=CARTESIAN_POINT('',(0.0236475694444444,-0.0228409638962947,0.00952736270340463));
#2191=CARTESIAN_POINT('',(0.0236475694444445,-0.0236626616663352,0.00882143026484252));
#2192=CARTESIAN_POINT('',(0.0236475694444444,-0.0241715852097498,0.00808189129575471));
#2193=CARTESIAN_POINT('',(0.0236475694444445,-0.0243931138418326,0.00762498334421091));
#2194=CARTESIAN_POINT('',(0.0236475694444445,-0.0244696850038001,0.0074429091946913));
#2195=CARTESIAN_POINT('',(0.0235125868055556,-0.019,0.0104743923611112));
#2196=CARTESIAN_POINT('',(0.0235125868055578,-0.0191902651981162,0.0104743923723323));
#2197=CARTESIAN_POINT('',(0.0235125868055545,-0.0196160126087207,0.0104757431101951));
#2198=CARTESIAN_POINT('',(0.0235125868055558,-0.020384025365248,0.0104239800773383));
#2199=CARTESIAN_POINT('',(0.0235125868055555,-0.0211960385448101,0.0102701033426895));
#2200=CARTESIAN_POINT('',(0.0235125868055556,-0.0220300935311101,0.00998373243246855));
#2201=CARTESIAN_POINT('',(0.0235125868055556,-0.022854334065683,0.00954738148546508));
#2202=CARTESIAN_POINT('',(0.0235125868055556,-0.0236806894996997,0.00883746398917615));
#2203=CARTESIAN_POINT('',(0.0235125868055555,-0.0241922594329255,0.00809401443646108));
#2204=CARTESIAN_POINT('',(0.0235125868055556,-0.0244147851598643,0.00763503737629442));
#2205=CARTESIAN_POINT('',(0.0235125868055556,-0.0244916883278007,0.00745217124585411));
#2206=CARTESIAN_POINT('',(0.0233164605034722,-0.019,0.0104930284288196));
#2207=CARTESIAN_POINT('',(0.0233164605034745,-0.0191902651979782,0.0104930284375601));
#2208=CARTESIAN_POINT('',(0.0233164605034711,-0.0196164396949614,0.010494389541644));
#2209=CARTESIAN_POINT('',(0.0233164605034725,-0.0203863612432102,0.0104425142394473));
#2210=CARTESIAN_POINT('',(0.0233164605034722,-0.0212007946461368,0.0102881890307724));
#2211=CARTESIAN_POINT('',(0.0233164605034722,-0.0220375343285336,0.0100008990576664));
#2212=CARTESIAN_POINT('',(0.0233164605034722,-0.022864771913891,0.00956300978466844));
#2213=CARTESIAN_POINT('',(0.0233164605034722,-0.0236947635012025,0.00884998122615841));
#2214=CARTESIAN_POINT('',(0.0233164605034722,-0.0242083994237882,0.00810347875225092));
#2215=CARTESIAN_POINT('',(0.0233164605034722,-0.0244317035628064,0.00764288637597366));
#2216=CARTESIAN_POINT('',(0.0233164605034722,-0.0245088659218704,0.00745940196046567));
#2217=CARTESIAN_POINT('',(0.0232520616319444,-0.019,0.0104964599609376));
#2218=CARTESIAN_POINT('',(0.0232520616319467,-0.0191902651979528,0.0104964599685798));
#2219=CARTESIAN_POINT('',(0.0232520616319434,-0.0196165183360233,0.010497822982376));
#2220=CARTESIAN_POINT('',(0.0232520616319447,-0.0203867913575653,0.0104459270072084));
#2221=CARTESIAN_POINT('',(0.0232520616319444,-0.0212016704056983,0.0102915192193568));
#2222=CARTESIAN_POINT('',(0.0232520616319445,-0.022038904431693,0.0100040600155737));
#2223=CARTESIAN_POINT('',(0.0232520616319444,-0.022866693875771,0.00956588748460304));
#2224=CARTESIAN_POINT('',(0.0232520616319445,-0.0236973550021348,0.00885228607398971));
#2225=CARTESIAN_POINT('',(0.0232520616319444,-0.0242113713437345,0.00810522145385894));
#2226=CARTESIAN_POINT('',(0.0232520616319445,-0.0244348188142592,0.00764433164290047));
#2227=CARTESIAN_POINT('',(0.0232520616319445,-0.0245120288992337,0.00746073338015399));
#2228=CARTESIAN_POINT('',(0.0231250745985243,-0.019,0.0104999491373699));
#2229=CARTESIAN_POINT('',(0.0231250745985266,-0.0191902651979269,0.0104999491419483));
#2230=CARTESIAN_POINT('',(0.0231250745985232,-0.019616598298131,0.0105013141003876));
#2231=CARTESIAN_POINT('',(0.0231250745985246,-0.0203872286971604,0.0104493971038297));
#2232=CARTESIAN_POINT('',(0.0231250745985243,-0.0212025608766401,0.0102949053499108));
#2233=CARTESIAN_POINT('',(0.0231250745985243,-0.0220402975504036,0.0100072740725532));
#2234=CARTESIAN_POINT('',(0.0231250745985243,-0.0228686481236307,0.00956881352537263));
#2235=CARTESIAN_POINT('',(0.0231250745985243,-0.0236999900359664,0.00885462963954035));
#2236=CARTESIAN_POINT('',(0.0231250745985243,-0.0242143931879393,0.00810699343035177));
#2237=CARTESIAN_POINT('',(0.0231250745985243,-0.0244379863960213,0.00764580118767022));
#2238=CARTESIAN_POINT('',(0.0231250745985243,-0.0245152450087269,0.00746208716526795));
#2239=CARTESIAN_POINT('',(0.0230625,-0.019,0.0105000000000001));
#2240=CARTESIAN_POINT('',(0.0230625000000023,-0.0191902651979265,0.0105000000026136));
#2241=CARTESIAN_POINT('',(0.0230624999999989,-0.0196165994637597,0.0105013649922121));
#2242=CARTESIAN_POINT('',(0.0230625000000003,-0.0203872350723721,0.0104494476880894));
#2243=CARTESIAN_POINT('',(0.0230625,-0.0212025738572702,0.01029495471048));
#2244=CARTESIAN_POINT('',(0.0230625,-0.022040317858241,0.010007320924673));
#2245=CARTESIAN_POINT('',(0.0230625,-0.0228686766112668,0.00956885617905361));
#2246=CARTESIAN_POINT('',(0.0230625,-0.0237000284473221,0.0088546638022244));
#2247=CARTESIAN_POINT('',(0.0230625,-0.0242144372388388,0.00810701926116247));
#2248=CARTESIAN_POINT('',(0.0230625,-0.0244380325697063,0.0076458226092541));
#2249=CARTESIAN_POINT('',(0.0230625,-0.0245152918899128,0.0074621068994291));
#2250=CARTESIAN_POINT('',(0.023,-0.019,0.0105000000000001));
#2251=CARTESIAN_POINT('',(0.0230000000000023,-0.0191902651979265,0.0105000000000001));
#2252=CARTESIAN_POINT('',(0.022999999999999,-0.0196165994637602,0.0105013649934251));
#2253=CARTESIAN_POINT('',(0.0230000000000003,-0.0203872350723705,0.0104494476877638));
#2254=CARTESIAN_POINT('',(0.023,-0.0212025738572759,0.0102949547105691));
#2255=CARTESIAN_POINT('',(0.023,-0.0220403178582198,0.0100073209246421));
#2256=CARTESIAN_POINT('',(0.023,-0.0228686766113456,0.00956885617908825));
#2257=CARTESIAN_POINT('',(0.023,-0.023700028447028,0.00885466380211677));
#2258=CARTESIAN_POINT('',(0.023,-0.0242144372397812,0.00810701926150213));
#2259=CARTESIAN_POINT('',(0.023,-0.0244380325683777,0.00764582260877568));
#2260=CARTESIAN_POINT('',(0.023,-0.0245152918887196,0.00746210689899941));
#2261=CARTESIAN_POINT('',(0.023,-0.019,0.0105000000000001));
#2262=CARTESIAN_POINT('',(0.02325,-0.019,0.0105000000000001));
#2263=CARTESIAN_POINT('',(0.0237864583333334,-0.019,0.0104739583333335));
#2264=CARTESIAN_POINT('',(0.0245598958333333,-0.019,0.0100598958333335));
#2265=CARTESIAN_POINT('',(0.0249739583333333,-0.019,0.00928645833333349));
#2266=CARTESIAN_POINT('',(0.025,-0.019,0.00875000000000014));
#2267=CARTESIAN_POINT('',(0.025,-0.019,0.00850000000000015));
#2268=CARTESIAN_POINT('',(-8.67361737988404E-19,-0.00682842712474619,-0.0108431457505075));
#2269=CARTESIAN_POINT('',(-8.67361737988404E-19,-0.00692161700523177,-0.0107499558196848));
#2270=CARTESIAN_POINT('',(-7.14922307930407E-19,-0.00710896352540354,-0.0105647924073054));
#2271=CARTESIAN_POINT('',(-1.1722405981044E-18,-0.00730525298910411,-0.0103908255035592));
#2272=CARTESIAN_POINT('',(-1.55864662473902E-18,-0.00760636396282427,-0.0101382916088489));
#2273=CARTESIAN_POINT('',(-1.01478904918503E-18,-0.00781606171530466,-0.00998130256824165));
#2274=CARTESIAN_POINT('',(-7.19934426791782E-19,-0.00825233341732737,-0.00968784096127634));
#2275=CARTESIAN_POINT('',(-1.37875355250339E-18,-0.00870545942343552,-0.00941483785203197));
#2276=CARTESIAN_POINT('',(7.01368646019098E-19,-0.00941189933073904,-0.00907918011005313));
#2277=CARTESIAN_POINT('',(-1.426721031573E-18,-0.0101475338420954,-0.00881754990875231));
#2278=CARTESIAN_POINT('',(-4.07745726091627E-18,-0.01065947790566,-0.00869036593671739));
#2279=CARTESIAN_POINT('',(6.08010308962588E-19,-0.0111757581331698,-0.00858925003778019));
#2280=CARTESIAN_POINT('',(5.6466106235416E-18,-0.0114360305653396,-0.00855176656532566));
#2281=CARTESIAN_POINT('',(1.07982250917707E-18,-0.0118280641739191,-0.00851733535792702));
#2282=CARTESIAN_POINT('',(-3.57567733754797E-18,-0.012090050975308,-0.00850154478559264));
#2283=CARTESIAN_POINT('',(2.60208521396521E-18,-0.0123534906667563,-0.00849999996440436));
#2284=CARTESIAN_POINT('',(2.60208521396521E-18,-0.0124852813742386,-0.00849999999999987));
#2285=CARTESIAN_POINT('',(-8.67361737988404E-19,-0.00687262129857035,-0.0108873399243317));
#2286=CARTESIAN_POINT('',(-8.67361737988404E-19,-0.00696581116913407,-0.0107941500034366));
#2287=CARTESIAN_POINT('',(-7.3786396159293E-19,-0.00715171526485065,-0.0106104278883978));
#2288=CARTESIAN_POINT('',(-1.20040115624133E-18,-0.00734628887585826,-0.0104379803507426));
#2289=CARTESIAN_POINT('',(-1.55457634861456E-18,-0.00764477442380005,-0.0101876491730129));
#2290=CARTESIAN_POINT('',(-8.80087196272253E-19,-0.00785269785509308,-0.0100319815135554));
#2291=CARTESIAN_POINT('',(-8.54636279704556E-19,-0.00828547390401279,-0.00974087422545566));
#2292=CARTESIAN_POINT('',(-2.33581881037058E-18,-0.00873513931629629,-0.00946995511989478));
#2293=CARTESIAN_POINT('',(4.25314982792343E-18,-0.00943585632336142,-0.00913702560324556));
#2294=CARTESIAN_POINT('',(-1.46767805013232E-17,-0.0101655248504798,-0.0088775085642787));
#2295=CARTESIAN_POINT('',(2.4471494047231E-17,-0.0106735602359864,-0.00875129651706442));
#2296=CARTESIAN_POINT('',(-2.79409409991839E-17,-0.0111857019985239,-0.00865098869530935));
#2297=CARTESIAN_POINT('',(-7.38913864250235E-17,-0.011443777892889,-0.00861382717419171));
#2298=CARTESIAN_POINT('',(4.08488210334581E-17,-0.0118323928348355,-0.00857969554749451));
#2299=CARTESIAN_POINT('',(1.13473933967725E-16,-0.0120920902681477,-0.00856404398878043));
#2300=CARTESIAN_POINT('',(-2.71266135920855E-16,-0.0123534906807919,-0.00856249996440843));
#2301=CARTESIAN_POINT('',(2.60208521396521E-18,-0.0124852813742386,-0.00856249999999987));
#2302=CARTESIAN_POINT('',(5.08626302074619E-8,-0.00691686822151691,-0.0109315868472782));
#2303=CARTESIAN_POINT('',(5.08626302090143E-8,-0.00701005808214695,-0.0108383969363226));
#2304=CARTESIAN_POINT('',(5.08626302069146E-8,-0.00719451803176454,-0.010656117838923));
#2305=CARTESIAN_POINT('',(5.08626302068903E-8,-0.00738737374207793,-0.0104851914808381));
#2306=CARTESIAN_POINT('',(5.08626302072404E-8,-0.00768323073059514,-0.0102370656492));
#2307=CARTESIAN_POINT('',(5.08626302077232E-8,-0.00788937772291294,-0.0100827209480616));
#2308=CARTESIAN_POINT('',(5.08626302072153E-8,-0.00831865394640063,-0.00979397078888694));
#2309=CARTESIAN_POINT('',(5.08626302053399E-8,-0.0087648546343764,-0.00952513817442714));
#2310=CARTESIAN_POINT('',(5.08626302152205E-8,-0.00945984191048454,-0.00919494013945287));
#2311=CARTESIAN_POINT('',(5.08626301836868E-8,-0.010183537332507,-0.00893753878504064));
#2312=CARTESIAN_POINT('',(5.08626302543076E-8,-0.0106876593746496,-0.00881229982271353));
#2313=CARTESIAN_POINT('',(5.08626301589029E-8,-0.0111956577326409,-0.00871280104264242));
#2314=CARTESIAN_POINT('',(5.08626300745567E-8,-0.0114515344674656,-0.00867596185713519));
#2315=CARTESIAN_POINT('',(5.08626302791266E-8,-0.0118367266623394,-0.00864213016871189));
#2316=CARTESIAN_POINT('',(5.086263040994E-8,-0.0120941319950392,-0.00862661778954146));
#2317=CARTESIAN_POINT('',(5.08626297308747E-8,-0.0123534906948443,-0.00862507456293682));
#2318=CARTESIAN_POINT('',(5.08626302109338E-8,-0.0124852813742386,-0.00862507459852418));
#2319=CARTESIAN_POINT('',(3.54003906249913E-6,-0.00700666161397106,-0.0110213802397324));
#2320=CARTESIAN_POINT('',(3.54003906250749E-6,-0.00709985145444196,-0.0109281903489476));
#2321=CARTESIAN_POINT('',(3.54003906249563E-6,-0.00728138069681957,-0.0107488396687251));
#2322=CARTESIAN_POINT('',(3.54003906249754E-6,-0.0074707501504407,-0.0105810003473213));
#2323=CARTESIAN_POINT('',(3.54003906250093E-6,-0.00776127281846098,-0.0103373499796004));
#2324=CARTESIAN_POINT('',(3.54003906250028E-6,-0.0079638147582361,-0.0101856900508177));
#2325=CARTESIAN_POINT('',(3.540039062498E-6,-0.00838598853984513,-0.00990172337913845));
#2326=CARTESIAN_POINT('',(3.54003906249618E-6,-0.00882515801912225,-0.00963712502780508));
#2327=CARTESIAN_POINT('',(3.5400390625109E-6,-0.00950851754924908,-0.00931247018068859));
#2328=CARTESIAN_POINT('',(3.54003906245988E-6,-0.0102200913290346,-0.00905936233373115));
#2329=CARTESIAN_POINT('',(3.54003906257943E-6,-0.0107162717482781,-0.00893609812099893));
#2330=CARTESIAN_POINT('',(3.54003906241716E-6,-0.0112158616040336,-0.00883824118611394));
#2331=CARTESIAN_POINT('',(3.5400390622731E-6,-0.0114672754297444,-0.00880205613892953));
#2332=CARTESIAN_POINT('',(3.54003906261735E-6,-0.0118455216032747,-0.00876883313633899));
#2333=CARTESIAN_POINT('',(3.54003906283865E-6,-0.0120982754150071,-0.00875360320400449));
#2334=CARTESIAN_POINT('',(3.54003906170199E-6,-0.0123534907233618,-0.00875206159636522));
#2335=CARTESIAN_POINT('',(3.54003906250259E-6,-0.0124852813742386,-0.00875206163194431));
#2336=CARTESIAN_POINT('',(6.97157118055469E-6,-0.00705219849272911,-0.0110669171184904));
#2337=CARTESIAN_POINT('',(6.97157118056829E-6,-0.00714538832297672,-0.0109737272379349));
#2338=CARTESIAN_POINT('',(6.97157118054892E-6,-0.00732543131723946,-0.0107958616444688));
#2339=CARTESIAN_POINT('',(6.97157118055233E-6,-0.00751303278722644,-0.0106295878504521));
#2340=CARTESIAN_POINT('',(6.97157118055804E-6,-0.00780085026392822,-0.0103882071225367));
#2341=CARTESIAN_POINT('',(6.97157118055646E-6,-0.00800156397518822,-0.0102379087210324));
#2342=CARTESIAN_POINT('',(6.97157118055295E-6,-0.00842013589895589,-0.00995636789700378));
#2343=CARTESIAN_POINT('',(6.97157118055157E-6,-0.00885573964483901,-0.00969391686543802));
#2344=CARTESIAN_POINT('',(6.97157118056783E-6,-0.00953320240189038,-0.00937207313244156));
#2345=CARTESIAN_POINT('',(6.97157118050993E-6,-0.0102386289392362,-0.00912114264979871));
#2346=CARTESIAN_POINT('',(6.97157118064693E-6,-0.010730781927182,-0.00899887989085303));
#2347=CARTESIAN_POINT('',(6.9715711804608E-6,-0.0112261075833525,-0.00890185558410623));
#2348=CARTESIAN_POINT('',(6.97157118029542E-6,-0.011475258136169,-0.00886600226976633));
#2349=CARTESIAN_POINT('',(6.97157118068951E-6,-0.0118499817773266,-0.00883308794972148));
#2350=CARTESIAN_POINT('',(6.97157118094311E-6,-0.0121003766655286,-0.00881800125451135));
#2351=CARTESIAN_POINT('',(6.97157117964323E-6,-0.0123534907378239,-0.00881646046789718));
#2352=CARTESIAN_POINT('',(6.97157118055815E-6,-0.0124852813742386,-0.00881646050347209));
#2353=CARTESIAN_POINT('',(2.56076388888881E-5,-0.00719088073090128,-0.0112055993566626));
#2354=CARTESIAN_POINT('',(2.56076388889208E-5,-0.00728407053001391,-0.0111124095072602));
#2355=CARTESIAN_POINT('',(2.5607638888874E-5,-0.00745958716628573,-0.0109390667348761));
#2356=CARTESIAN_POINT('',(2.56076388888829E-5,-0.00764180425477525,-0.0107775607433062));
#2357=CARTESIAN_POINT('',(2.5607638888897E-5,-0.00792138309068816,-0.0105430921871658));
#2358=CARTESIAN_POINT('',(2.5607638888892E-5,-0.00811652894509721,-0.0103969403072382));
#2359=CARTESIAN_POINT('',(2.56076388888841E-5,-0.00852413143660154,-0.0101227873848582));
#2360=CARTESIAN_POINT('',(2.56076388888849E-5,-0.00894887576696719,-0.00986687600026793));
#2361=CARTESIAN_POINT('',(2.56076388889041E-5,-0.00960837994384341,-0.00955359349519385));
#2362=CARTESIAN_POINT('',(2.5607638888831E-5,-0.0102950850983591,-0.00930929415997918));
#2363=CARTESIAN_POINT('',(2.5607638889007E-5,-0.0107749725731278,-0.00919008132136914));
#2364=CARTESIAN_POINT('',(2.56076388887675E-5,-0.0112573116399975,-0.00909559277765476));
#2365=CARTESIAN_POINT('',(2.56076388885545E-5,-0.0114995694114216,-0.00906074975331733));
#2366=CARTESIAN_POINT('',(2.56076388890599E-5,-0.0118635652054628,-0.00902877552375491));
#2367=CARTESIAN_POINT('',(2.56076388893856E-5,-0.0121067760089449,-0.00901412505618136));
#2368=CARTESIAN_POINT('',(2.56076388877214E-5,-0.012353490781868,-0.00901258676999325));
#2369=CARTESIAN_POINT('',(2.56076388888915E-5,-0.0124852813742386,-0.00901258680555543));
#2370=CARTESIAN_POINT('',(4.94791666666659E-5,-0.00728632787020206,-0.0113010464959634));
#2371=CARTESIAN_POINT('',(4.94791666667161E-5,-0.00737951764788623,-0.0112078566680018));
#2372=CARTESIAN_POINT('',(4.94791666666442E-5,-0.00755191904800832,-0.0110376266975133));
#2373=CARTESIAN_POINT('',(4.94791666666581E-5,-0.00773043037130677,-0.0108794021146536));
#2374=CARTESIAN_POINT('',(4.947916666668E-5,-0.00800433901682335,-0.0106496908153254));
#2375=CARTESIAN_POINT('',(4.94791666666716E-5,-0.0081956528303347,-0.010506392751631));
#2376=CARTESIAN_POINT('',(4.947916666666E-5,-0.0085957056821513,-0.0102373245040233));
#2377=CARTESIAN_POINT('',(4.94791666666633E-5,-0.00901297609113175,-0.00998591398849941));
#2378=CARTESIAN_POINT('',(4.94791666666824E-5,-0.00966012039318757,-0.00967852369229696));
#2379=CARTESIAN_POINT('',(4.94791666666062E-5,-0.0103339406789671,-0.0094387882007341));
#2380=CARTESIAN_POINT('',(4.94791666667908E-5,-0.0108053864948742,-0.00932167444975754));
#2381=CARTESIAN_POINT('',(4.94791666665394E-5,-0.0112787876269775,-0.00922893112829065));
#2382=CARTESIAN_POINT('',(4.94791666663157E-5,-0.0115163014868928,-0.00919478342940997));
#2383=CARTESIAN_POINT('',(4.94791666668459E-5,-0.0118729139106364,-0.00916345621094583));
#2384=CARTESIAN_POINT('',(4.94791666671878E-5,-0.0121111803150085,-0.00914910597417722));
#2385=CARTESIAN_POINT('',(4.94791666654425E-5,-0.0123534908121811,-0.00914756940889088));
#2386=CARTESIAN_POINT('',(4.94791666666692E-5,-0.0124852813742386,-0.00914756944444431));
#2387=CARTESIAN_POINT('',(0.000127604166666666,-0.0074753807248943,-0.0114900993506556));
#2388=CARTESIAN_POINT('',(0.000127604166666739,-0.00756857046013489,-0.0113969095651621));
#2389=CARTESIAN_POINT('',(0.000127604166666635,-0.00773480148897655,-0.0112328451444089));
#2390=CARTESIAN_POINT('',(0.000127604166666655,-0.00790597277575507,-0.0110811200720491));
#2391=CARTESIAN_POINT('',(0.000127604166666687,-0.00816865043321971,-0.0108608315064711));
#2392=CARTESIAN_POINT('',(0.000127604166666674,-0.00835237409498516,-0.0107231860176953));
#2393=CARTESIAN_POINT('',(0.000127604166666658,-0.00873747331963893,-0.0104641890230126));
#2394=CARTESIAN_POINT('',(0.000127604166666664,-0.00913994007725834,-0.0102216934121348));
#2395=CARTESIAN_POINT('',(0.000127604166666683,-0.00976260308384997,-0.00992597385762015));
#2396=CARTESIAN_POINT('',(0.000127604166666604,-0.0104109022148336,-0.00969527800493033));
#2397=CARTESIAN_POINT('',(0.000127604166666796,-0.0108656275746034,-0.0095823219323532));
#2398=CARTESIAN_POINT('',(0.000127604166666534,-0.0113213252732145,-0.00949303538549872));
#2399=CARTESIAN_POINT('',(0.0001276041666663,-0.0115494428325207,-0.00946026492289248));
#2400=CARTESIAN_POINT('',(0.000127604166666853,-0.0118914309601122,-0.0094302192440957));
#2401=CARTESIAN_POINT('',(0.00012760416666721,-0.0121199039566007,-0.00941646367670277));
#2402=CARTESIAN_POINT('',(0.000127604166665391,-0.0123534908722225,-0.0094149305200193));
#2403=CARTESIAN_POINT('',(0.000127604166666669,-0.0124852813742386,-0.00941493055555542));
#2404=CARTESIAN_POINT('',(0.000181640624999999,-0.00756867953630086,-0.0115833981620622));
#2405=CARTESIAN_POINT('',(0.000181640625000076,-0.00766186925059525,-0.0114902083975269));
#2406=CARTESIAN_POINT('',(0.000181640624999966,-0.00782505516114271,-0.0113291867156041));
#2407=CARTESIAN_POINT('',(0.000181640624999988,-0.00799260409223605,-0.0111806691938807));
#2408=CARTESIAN_POINT('',(0.000181640625000021,-0.00824973918416857,-0.010965030808595));
#2409=CARTESIAN_POINT('',(0.000181640625000008,-0.00842971705676071,-0.0108301749022465));
#2410=CARTESIAN_POINT('',(0.00018164062499999,-0.00880743656930816,-0.0105761481362801));
#2411=CARTESIAN_POINT('',(0.000181640624999998,-0.00920259762885328,-0.010338052088734));
#2412=CARTESIAN_POINT('',(0.000181640625000016,-0.00981317895716388,-0.0100480921210264));
#2413=CARTESIAN_POINT('',(0.000181640624999938,-0.010448883232534,-0.00982185738881937));
#2414=CARTESIAN_POINT('',(0.000181640625000129,-0.0108953569386256,-0.00971095315753029));
#2415=CARTESIAN_POINT('',(0.000181640624999868,-0.0113423178778509,-0.00962337255139361));
#2416=CARTESIAN_POINT('',(0.000181640624999636,-0.0115657983017916,-0.00959128176383191));
#2417=CARTESIAN_POINT('',(0.000181640625000186,-0.011900569244269,-0.00956186853318265));
#2418=CARTESIAN_POINT('',(0.000181640625000541,-0.0121242091303734,-0.00954840643898811));
#2419=CARTESIAN_POINT('',(0.00018164062499873,-0.0123534909018533,-0.00954687496447229));
#2420=CARTESIAN_POINT('',(0.000181640625000002,-0.0124852813742386,-0.00954687499999987));
#2421=CARTESIAN_POINT('',(0.0003193359375,-0.00774131302780148,-0.0117560316535628));
#2422=CARTESIAN_POINT('',(0.000319335937500054,-0.00783450270333851,-0.0116628419278071));
#2423=CARTESIAN_POINT('',(0.000319335937499976,-0.00799205414335803,-0.0115074503136215));
#2424=CARTESIAN_POINT('',(0.000319335937499991,-0.00815290052486945,-0.0113648678156908));
#2425=CARTESIAN_POINT('',(0.000319335937500014,-0.00839978004735518,-0.0111578337936104));
#2426=CARTESIAN_POINT('',(0.000319335937500005,-0.00857282697780921,-0.0110281395323782));
#2427=CARTESIAN_POINT('',(0.000319335937499993,-0.0089368915954231,-0.0107833093244806));
#2428=CARTESIAN_POINT('',(0.000319335937499997,-0.00931853471034062,-0.0105533539163231));
#2429=CARTESIAN_POINT('',(0.000319335937500016,-0.00990676095959505,-0.0102740510788094));
#2430=CARTESIAN_POINT('',(0.000319335937499938,-0.0105191606090356,-0.0100560708869693));
#2431=CARTESIAN_POINT('',(0.000319335937500128,-0.0109503660414627,-0.00994896323701092));
#2432=CARTESIAN_POINT('',(0.000319335937499869,-0.0113811611018904,-0.00986453918236689));
#2433=CARTESIAN_POINT('',(0.000319335937499639,-0.0115960613000313,-0.00983370601721491));
#2434=CARTESIAN_POINT('',(0.000319335937500184,-0.0119174780759738,-0.00980546302368069));
#2435=CARTESIAN_POINT('',(0.000319335937500536,-0.0121321751180286,-0.00979254395144041));
#2436=CARTESIAN_POINT('',(0.000319335937498742,-0.0123534909566801,-0.00979101558948814));
#2437=CARTESIAN_POINT('',(0.000319335937500002,-0.0124852813742386,-0.00979101562499987));
#2438=CARTESIAN_POINT('',(0.000402777777777777,-0.00782034080391065,-0.011835059429672));
#2439=CARTESIAN_POINT('',(0.000402777777777805,-0.00791353046170543,-0.0117418697216688));
#2440=CARTESIAN_POINT('',(0.000402777777777765,-0.00806850256632772,-0.0115890554273806));
#2441=CARTESIAN_POINT('',(0.000402777777777773,-0.00822628066958607,-0.0114491898514527));
#2442=CARTESIAN_POINT('',(0.000402777777777784,-0.00846846542028061,-0.0112460947156397));
#2443=CARTESIAN_POINT('',(0.00040277777777778,-0.00863833951944475,-0.0111187633408385));
#2444=CARTESIAN_POINT('',(0.000402777777777773,-0.00899615322960015,-0.0108781431128568));
#2445=CARTESIAN_POINT('',(0.000402777777777774,-0.00937160812986594,-0.0106519143085083));
#2446=CARTESIAN_POINT('',(0.000402777777777794,-0.00994960072070798,-0.0103774900683722));
#2447=CARTESIAN_POINT('',(0.000402777777777716,-0.0105513320302785,-0.010163288621678));
#2448=CARTESIAN_POINT('',(0.000402777777777905,-0.010975547986317,-0.0100579189622843));
#2449=CARTESIAN_POINT('',(0.000402777777777648,-0.0113989426666728,-0.009974939906768));
#2450=CARTESIAN_POINT('',(0.000402777777777419,-0.0116099150281144,-0.00994468245320802));
#2451=CARTESIAN_POINT('',(0.000402777777777961,-0.0119252185633764,-0.0099169751682198));
#2452=CARTESIAN_POINT('',(0.00040277777777831,-0.0121358217701552,-0.009904304679363));
#2453=CARTESIAN_POINT('',(0.000402777777776527,-0.0123534909817785,-0.0099027777422732));
#2454=CARTESIAN_POINT('',(0.00040277777777778,-0.0124852813742386,-0.00990277777777765));
#2455=CARTESIAN_POINT('',(0.000597222222222222,-0.00795783378914137,-0.0119725524149027));
#2456=CARTESIAN_POINT('',(0.000597222222222179,-0.00805102341606807,-0.0118793627377854));
#2457=CARTESIAN_POINT('',(0.00059722222222224,-0.00820150797794099,-0.0117310324796683));
#2458=CARTESIAN_POINT('',(0.000597222222222227,-0.00835394787282119,-0.0115958938204677));
#2459=CARTESIAN_POINT('',(0.000597222222222208,-0.00858796463220524,-0.0113996515819275));
#2460=CARTESIAN_POINT('',(0.000597222222222218,-0.00875231862100872,-0.0112764311707034));
#2461=CARTESIAN_POINT('',(0.000597222222222225,-0.0090992569659548,-0.0110431354903036));
#2462=CARTESIAN_POINT('',(0.000597222222222215,-0.00946394557432164,-0.0108233902529704));
#2463=CARTESIAN_POINT('',(0.00059722222222224,-0.0100241335866443,-0.0105574538249709));
#2464=CARTESIAN_POINT('',(0.000597222222222161,-0.0106073040563633,-0.0103498266610934));
#2465=CARTESIAN_POINT('',(0.000597222222222348,-0.0110193596806655,-0.0102474807678084));
#2466=CARTESIAN_POINT('',(0.000597222222222093,-0.0114298791366634,-0.0101670157301921));
#2467=CARTESIAN_POINT('',(0.000597222222221867,-0.0116340178249347,-0.0101377599030135));
#2468=CARTESIAN_POINT('',(0.000597222222222404,-0.0119386855084496,-0.0101109846468742));
#2469=CARTESIAN_POINT('',(0.00059722222222275,-0.0121421662367677,-0.0100987466448361));
#2470=CARTESIAN_POINT('',(0.000597222222220981,-0.012353491025445,-0.0100972221867303));
#2471=CARTESIAN_POINT('',(0.000597222222222224,-0.0124852813742386,-0.0100972222222221));
#2472=CARTESIAN_POINT('',(0.000708984375,-0.00801683608023647,-0.0120315547059978));
#2473=CARTESIAN_POINT('',(0.000708984374999917,-0.00811002569390043,-0.0119383650421182));
#2474=CARTESIAN_POINT('',(0.000708984375000034,-0.00825858451898067,-0.0117919590160643));
#2475=CARTESIAN_POINT('',(0.000708984375000011,-0.00840873363135471,-0.011658848816102));
#2476=CARTESIAN_POINT('',(0.000708984374999973,-0.00863924526499627,-0.0114655473576902));
#2477=CARTESIAN_POINT('',(0.000708984374999991,-0.00880123041180093,-0.0113440910820667));
#2478=CARTESIAN_POINT('',(0.000708984375000008,-0.00914350181710423,-0.0111139385808503));
#2479=CARTESIAN_POINT('',(0.00070898437499999,-0.00950357029239364,-0.0108969756331544));
#2480=CARTESIAN_POINT('',(0.000708984375000018,-0.0100561178354754,-0.0106346815754314));
#2481=CARTESIAN_POINT('',(0.000708984374999938,-0.010631323301932,-0.0104298756300155));
#2482=CARTESIAN_POINT('',(0.000708984375000126,-0.0110381605695907,-0.0103288273238644));
#2483=CARTESIAN_POINT('',(0.000708984374999871,-0.0114431548874573,-0.0102494411253979));
#2484=CARTESIAN_POINT('',(0.000708984374999646,-0.0116443610452219,-0.0102206151256075));
#2485=CARTESIAN_POINT('',(0.00070898437500018,-0.0119444645713745,-0.0101942398305189));
#2486=CARTESIAN_POINT('',(0.000708984375000525,-0.0121448888343263,-0.0101821874213241));
#2487=CARTESIAN_POINT('',(0.000708984374998764,-0.0123534910441835,-0.0101806640269905));
#2488=CARTESIAN_POINT('',(0.000708984375000002,-0.0124852813742386,-0.0101806640624999));
#2489=CARTESIAN_POINT('',(0.000953125,-0.00811420136944282,-0.0121289199952041));
#2490=CARTESIAN_POINT('',(0.000953124999999857,-0.0082073909613292,-0.012035730353278));
#2491=CARTESIAN_POINT('',(0.00095312500000006,-0.00835277194491526,-0.0118924996853112));
#2492=CARTESIAN_POINT('',(0.000953125000000019,-0.0084991408193481,-0.011762736838791));
#2493=CARTESIAN_POINT('',(0.000953124999999956,-0.0087238683118572,-0.0115742882412626));
#2494=CARTESIAN_POINT('',(0.000953124999999985,-0.0088819444072808,-0.0114557431334694));
#2495=CARTESIAN_POINT('',(0.000953125000000014,-0.00921651445182455,-0.0112307774909869));
#2496=CARTESIAN_POINT('',(0.000953124999999988,-0.00956895880635645,-0.011018405863919));
#2497=CARTESIAN_POINT('',(0.000953125000000018,-0.0101088980848455,-0.0107621224276185));
#2498=CARTESIAN_POINT('',(0.000953124999999939,-0.0106709597422791,-0.010561972042978));
#2499=CARTESIAN_POINT('',(0.000953125000000123,-0.0110691857035909,-0.0104630650086794));
#2500=CARTESIAN_POINT('',(0.000953124999999873,-0.0114650624658155,-0.0103854591052788));
#2501=CARTESIAN_POINT('',(0.000953124999999651,-0.0116614293762291,-0.010357342404549));
#2502=CARTESIAN_POINT('',(0.000953125000000177,-0.011954001152456,-0.0103316271231431));
#2503=CARTESIAN_POINT('',(0.000953125000000517,-0.0121493816513639,-0.0103198809782979));
#2504=CARTESIAN_POINT('',(0.000953124999998784,-0.0123534910751058,-0.0103183593396148));
#2505=CARTESIAN_POINT('',(0.000953125000000001,-0.0124852813742386,-0.0103183593749999));
#2506=CARTESIAN_POINT('',(0.00108506944444444,-0.00815241091556163,-0.0121671295413229));
#2507=CARTESIAN_POINT('',(0.00108506944444428,-0.00824560049893496,-0.0120739399080454));
#2508=CARTESIAN_POINT('',(0.00108506944444451,-0.00838973438628436,-0.0119319553616445));
#2509=CARTESIAN_POINT('',(0.00108506944444447,-0.00853461976309482,-0.0118035061337422));
#2510=CARTESIAN_POINT('',(0.00108506944444439,-0.00875707735626146,-0.0116169619686317));
#2511=CARTESIAN_POINT('',(0.00108506944444443,-0.00891361940314633,-0.0114995593049454));
#2512=CARTESIAN_POINT('',(0.00108506944444446,-0.00924516716426452,-0.0112766291673019));
#2513=CARTESIAN_POINT('',(0.00108506944444443,-0.00959461954706214,-0.0110660593350956));
#2514=CARTESIAN_POINT('',(0.00108506944444446,-0.0101296109013828,-0.010812134676939));
#2515=CARTESIAN_POINT('',(0.00108506944444438,-0.0106865144682784,-0.0106138112972399));
#2516=CARTESIAN_POINT('',(0.00108506944444457,-0.0110813610516855,-0.0105157445729282));
#2517=CARTESIAN_POINT('',(0.00108506944444432,-0.0114736597660695,-0.0104388373196105));
#2518=CARTESIAN_POINT('',(0.0010850694444441,-0.0116681275865062,-0.0104109989726579));
#2519=CARTESIAN_POINT('',(0.00108506944444462,-0.01195774364054,-0.0103855427036932));
#2520=CARTESIAN_POINT('',(0.00108506944444495,-0.0121511447899649,-0.0103739167476812));
#2521=CARTESIAN_POINT('',(0.00108506944444324,-0.0123534910872408,-0.010372395798044));
#2522=CARTESIAN_POINT('',(0.00108506944444445,-0.0124852813742386,-0.0103723958333332));
#2523=CARTESIAN_POINT('',(0.00135243055555556,-0.00820765363284183,-0.0122223722586031));
#2524=CARTESIAN_POINT('',(0.00135243055555538,-0.0083008432051188,-0.0121291826390412));
#2525=CARTESIAN_POINT('',(0.00135243055555563,-0.00844317406003509,-0.0119889997124518));
#2526=CARTESIAN_POINT('',(0.00135243055555558,-0.00858591462134786,-0.0118624496925318));
#2527=CARTESIAN_POINT('',(0.0013524305555555,-0.00880509043286047,-0.0116786589242159));
#2528=CARTESIAN_POINT('',(0.00135243055555554,-0.008959414578018,-0.0115629079867227));
#2529=CARTESIAN_POINT('',(0.00135243055555557,-0.00928659277248516,-0.0113429207473908));
#2530=CARTESIAN_POINT('',(0.00135243055555555,-0.00963171941320128,-0.0111349559199937));
#2531=CARTESIAN_POINT('',(0.00135243055555557,-0.0101595571421438,-0.0108844415433887));
#2532=CARTESIAN_POINT('',(0.0013524305555555,-0.0107090032287634,-0.0106887596167418));
#2533=CARTESIAN_POINT('',(0.00135243055555567,-0.011098963964594,-0.0105919077981701));
#2534=CARTESIAN_POINT('',(0.00135243055555544,-0.0114860895977615,-0.0105160106417138));
#2535=CARTESIAN_POINT('',(0.00135243055555523,-0.0116778117459428,-0.0104885747342769));
#2536=CARTESIAN_POINT('',(0.00135243055555572,-0.0119631544666855,-0.0104634929403844));
#2537=CARTESIAN_POINT('',(0.00135243055555604,-0.0121536939060145,-0.0104520407508765));
#2538=CARTESIAN_POINT('',(0.00135243055555441,-0.0123534911047853,-0.0104505207998962));
#2539=CARTESIAN_POINT('',(0.00135243055555556,-0.0124852813742386,-0.0104505208333332));
#2540=CARTESIAN_POINT('',(0.00148741319444444,-0.00822453335201078,-0.0122392519777721));
#2541=CARTESIAN_POINT('',(0.00148741319444428,-0.00831772292170623,-0.0121460623632101));
#2542=CARTESIAN_POINT('',(0.00148741319444451,-0.00845950284889093,-0.0120064299304082));
#2543=CARTESIAN_POINT('',(0.00148741319444447,-0.00860158805014103,-0.0118804602242667));
#2544=CARTESIAN_POINT('',(0.00148741319444439,-0.00881976109538957,-0.0116975107719904));
#2545=CARTESIAN_POINT('',(0.00148741319444443,-0.00897340754820201,-0.0115822645284607));
#2546=CARTESIAN_POINT('',(0.00148741319444446,-0.0092992505971349,-0.0113631765078898));
#2547=CARTESIAN_POINT('',(0.00148741319444444,-0.0096430554834496,-0.0111560076543113));
#2548=CARTESIAN_POINT('',(0.00148741319444446,-0.0101687073823659,-0.0109065353081119));
#2549=CARTESIAN_POINT('',(0.00148741319444439,-0.01071587479447,-0.0107116604922033));
#2550=CARTESIAN_POINT('',(0.00148741319444456,-0.0111043426324276,-0.010615179894653));
#2551=CARTESIAN_POINT('',(0.00148741319444433,-0.0114898876018892,-0.010539591379142));
#2552=CARTESIAN_POINT('',(0.00148741319444413,-0.0116807707946595,-0.0105122784395483));
#2553=CARTESIAN_POINT('',(0.00148741319444461,-0.0119648077746745,-0.0104873110680961));
#2554=CARTESIAN_POINT('',(0.00148741319444491,-0.0121544728025852,-0.010475911973586));
#2555=CARTESIAN_POINT('',(0.00148741319444334,-0.0123534911101462,-0.0104743923293841));
#2556=CARTESIAN_POINT('',(0.00148741319444444,-0.0124852813742386,-0.010474392361111));
#2557=CARTESIAN_POINT('',(0.00168353949652778,-0.00823771104186199,-0.0122524296676233));
#2558=CARTESIAN_POINT('',(0.00168353949652766,-0.00833090061355798,-0.0121592400609806));
#2559=CARTESIAN_POINT('',(0.00168353949652783,-0.00847225043574724,-0.0120200373829373));
#2560=CARTESIAN_POINT('',(0.00168353949652779,-0.00861382401044527,-0.0118945207183449));
#2561=CARTESIAN_POINT('',(0.00168353949652774,-0.00883121421605303,-0.0117122280679531));
#2562=CARTESIAN_POINT('',(0.00168353949652777,-0.00898433160602567,-0.0115973758290742));
#2563=CARTESIAN_POINT('',(0.00168353949652779,-0.00930913233027806,-0.011378989811409));
#2564=CARTESIAN_POINT('',(0.00168353949652777,-0.00965190534757639,-0.0111724423607483));
#2565=CARTESIAN_POINT('',(0.00168353949652778,-0.0101758508084871,-0.0109237835084007));
#2566=CARTESIAN_POINT('',(0.00168353949652773,-0.0107212393008936,-0.0107295387895854));
#2567=CARTESIAN_POINT('',(0.00168353949652788,-0.0111085416606133,-0.010633347996658));
#2568=CARTESIAN_POINT('',(0.00168353949652767,-0.011492852634655,-0.0105580004327016));
#2569=CARTESIAN_POINT('',(0.00168353949652748,-0.0116830808701916,-0.0105307834929265));
#2570=CARTESIAN_POINT('',(0.00168353949652793,-0.0119660984821614,-0.0105059054465192));
#2571=CARTESIAN_POINT('',(0.00168353949652822,-0.0121550808729762,-0.0104945478007056));
#2572=CARTESIAN_POINT('',(0.00168353949652674,-0.0123534911143313,-0.0104930284041071));
#2573=CARTESIAN_POINT('',(0.00168353949652778,-0.0124852813742386,-0.0104930284288193));
#2574=CARTESIAN_POINT('',(0.00174793836805556,-0.00824013750149253,-0.0122548561272538));
#2575=CARTESIAN_POINT('',(0.00174793836805545,-0.00833332707483962,-0.0121616665233521));
#2576=CARTESIAN_POINT('',(0.0017479383680556,-0.008474597698281,-0.0120225429759042));
#2577=CARTESIAN_POINT('',(0.00174793836805557,-0.00861607706554064,-0.0118971097319882));
#2578=CARTESIAN_POINT('',(0.00174793836805552,-0.00883332312437889,-0.0117149380216579));
#2579=CARTESIAN_POINT('',(0.00174793836805555,-0.00898634309570041,-0.0116001583321584));
#2580=CARTESIAN_POINT('',(0.00174793836805557,-0.00931095189236066,-0.0113819015767713));
#2581=CARTESIAN_POINT('',(0.00174793836805555,-0.00965353490777242,-0.0111754685476643));
#2582=CARTESIAN_POINT('',(0.00174793836805556,-0.0101771661554928,-0.0109269594870163));
#2583=CARTESIAN_POINT('',(0.00174793836805551,-0.010722227088471,-0.0107328307905784));
#2584=CARTESIAN_POINT('',(0.00174793836805566,-0.0111093148441154,-0.0106366933602303));
#2585=CARTESIAN_POINT('',(0.00174793836805545,-0.0114933985977474,-0.010561390164004));
#2586=CARTESIAN_POINT('',(0.00174793836805527,-0.0116835062334445,-0.0105341909013897));
#2587=CARTESIAN_POINT('',(0.0017479383680557,-0.0119663361451848,-0.0105093293019625));
#2588=CARTESIAN_POINT('',(0.00174793836805599,-0.0121551928393582,-0.0104979792877477));
#2589=CARTESIAN_POINT('',(0.00174793836805454,-0.0123534911151019,-0.010496459939331));
#2590=CARTESIAN_POINT('',(0.00174793836805556,-0.0124852813742386,-0.0104964599609374));
#2591=CARTESIAN_POINT('',(0.00187492540147569,-0.00824260472180856,-0.0122573233475699));
#2592=CARTESIAN_POINT('',(0.00187492540147564,-0.00833579430072657,-0.0121641337503472));
#2593=CARTESIAN_POINT('',(0.00187492540147572,-0.00847698438945077,-0.0120250906572081));
#2594=CARTESIAN_POINT('',(0.0018749254014757,-0.00861836796783429,-0.0118997422364024));
#2595=CARTESIAN_POINT('',(0.00187492540147568,-0.00883546746016074,-0.0117176934994304));
#2596=CARTESIAN_POINT('',(0.00187492540147569,-0.0089883883756272,-0.0116029875772982));
#2597=CARTESIAN_POINT('',(0.0018749254014757,-0.00931280201980375,-0.0113848622547852));
#2598=CARTESIAN_POINT('',(0.00187492540147569,-0.00965519184219166,-0.0111785455699435));
#2599=CARTESIAN_POINT('',(0.00187492540147569,-0.0101785035981981,-0.0109301888169296));
#2600=CARTESIAN_POINT('',(0.00187492540147565,-0.0107232314693315,-0.0107361780922633));
#2601=CARTESIAN_POINT('',(0.00187492540147579,-0.0111101010158798,-0.0106400949200496));
#2602=CARTESIAN_POINT('',(0.00187492540147559,-0.0114939537321545,-0.010564836838005));
#2603=CARTESIAN_POINT('',(0.00187492540147542,-0.0116839387421274,-0.0105376555505264));
#2604=CARTESIAN_POINT('',(0.00187492540147583,-0.0119665778005714,-0.0105128106719648));
#2605=CARTESIAN_POINT('',(0.0018749254014761,-0.0121553066865984,-0.0105014684159943));
#2606=CARTESIAN_POINT('',(0.00187492540147473,-0.0123534911158855,-0.0104999491244257));
#2607=CARTESIAN_POINT('',(0.00187492540147569,-0.0124852813742386,-0.0104999491373697));
#2608=CARTESIAN_POINT('',(0.0019375,-0.00824264068711929,-0.0122573593128806));
#2609=CARTESIAN_POINT('',(0.00193749999999997,-0.00833583026995719,-0.012164169719594));
#2610=CARTESIAN_POINT('',(0.00193750000000001,-0.00847701917922661,-0.0120251277937788));
#2611=CARTESIAN_POINT('',(0.0019375,-0.00861840136235404,-0.011899780610545));
#2612=CARTESIAN_POINT('',(0.00193749999999999,-0.00883549871981468,-0.0117177336678595));
#2613=CARTESIAN_POINT('',(0.0019375,-0.00898841819060356,-0.0116030288203362));
#2614=CARTESIAN_POINT('',(0.0019375,-0.00931282898919139,-0.0113849054129594));
#2615=CARTESIAN_POINT('',(0.0019375,-0.00965521599594035,-0.0111785904247003));
#2616=CARTESIAN_POINT('',(0.0019375,-0.0101785230943977,-0.0109302358915895));
#2617=CARTESIAN_POINT('',(0.00193749999999995,-0.0107232461104654,-0.0107362268870245));
#2618=CARTESIAN_POINT('',(0.0019375000000001,-0.0111101124761115,-0.0106401445049057));
#2619=CARTESIAN_POINT('',(0.0019374999999999,-0.0114939618244909,-0.0105648870816302));
#2620=CARTESIAN_POINT('',(0.00193749999999973,-0.0116839450469185,-0.0105377060571924));
#2621=CARTESIAN_POINT('',(0.00193750000000014,-0.0119665813232448,-0.0105128614200104));
#2622=CARTESIAN_POINT('',(0.0019375000000004,-0.0121553083461791,-0.0105015192756017));
#2623=CARTESIAN_POINT('',(0.00193749999999907,-0.0123534911158969,-0.0104999999926112));
#2624=CARTESIAN_POINT('',(0.0019375,-0.0124852813742386,-0.0104999999999999));
#2625=CARTESIAN_POINT('',(0.002,-0.00824264068711929,-0.0122573593128806));
#2626=CARTESIAN_POINT('',(0.002,-0.00833583027518155,-0.0121641697248183));
#2627=CARTESIAN_POINT('',(0.002,-0.00847701917699375,-0.0120251277915458));
#2628=CARTESIAN_POINT('',(0.002,-0.00861840136159539,-0.0118997806097866));
#2629=CARTESIAN_POINT('',(0.002,-0.00883549872133196,-0.0117177336693764));
#2630=CARTESIAN_POINT('',(0.002,-0.00898841819114816,-0.0116030288208771));
#2631=CARTESIAN_POINT('',(0.002,-0.00931282898864679,-0.0113849054124185));
#2632=CARTESIAN_POINT('',(0.002,-0.00965521599619311,-0.0111785904249789));
#2633=CARTESIAN_POINT('',(0.002,-0.01017852309433,-0.0109302358914259));
#2634=CARTESIAN_POINT('',(0.00199999999999995,-0.0107232461104836,-0.0107362268874002));
#2635=CARTESIAN_POINT('',(0.00200000000000009,-0.0111101124761142,-0.0106401445041381));
#2636=CARTESIAN_POINT('',(0.0019999999999999,-0.0114939618244883,-0.0105648870823978));
#2637=CARTESIAN_POINT('',(0.00199999999999974,-0.0116839450469182,-0.010537706059338));
#2638=CARTESIAN_POINT('',(0.00200000000000013,-0.0119665813232449,-0.0105128614189376));
#2639=CARTESIAN_POINT('',(0.00200000000000039,-0.012155308346179,-0.0105015192724437));
#2640=CARTESIAN_POINT('',(0.00199999999999909,-0.0123534911158969,-0.0104999999999999));
#2641=CARTESIAN_POINT('',(0.002,-0.0124852813742386,-0.0104999999999999));
#2642=CARTESIAN_POINT('',(0.002,-0.0082426406871193,-0.0122573593128806));
#2643=CARTESIAN_POINT('',(0.00174999999999843,-0.00824264068711868,-0.01225735931288));
#2644=CARTESIAN_POINT('',(0.00121354166666355,-0.00822422644802319,-0.0122389450737882));
#2645=CARTESIAN_POINT('',(0.000440104166668174,-0.00793144004643942,-0.0119461586722103));
#2646=CARTESIAN_POINT('',(2.60416666673343E-5,-0.00738453714536728,-0.0113992557711301));
#2647=CARTESIAN_POINT('',(4.39459759706671E-17,-0.0070052038200438,-0.0110199224458041));
#2648=CARTESIAN_POINT('',(1.81439636023425E-28,-0.00682842712474619,-0.0108431457505075));
#2649=CARTESIAN_POINT('',(0.023,-0.019,0.0105000000000001));
#2650=CARTESIAN_POINT('',(0.023,0.0333191010154781,0.0105000000000001));
#2651=CARTESIAN_POINT('',(0.0233,-0.019,0.0105000000000001));
#2652=CARTESIAN_POINT('',(0.0233,0.0333191010154781,0.0105000000000001));
#2653=CARTESIAN_POINT('',(0.0236000000000001,-0.019,0.0105000000000002));
#2654=CARTESIAN_POINT('',(0.0236000000000001,0.0333191010154781,0.0105000000000002));
#2655=CARTESIAN_POINT('',(0.0243333333333333,-0.019,0.0103000000000002));
#2656=CARTESIAN_POINT('',(0.0243333333333333,0.0333191010154781,0.0103000000000002));
#2657=CARTESIAN_POINT('',(0.0248,-0.019,0.00983333333333349));
#2658=CARTESIAN_POINT('',(0.0248,0.0333191010154781,0.00983333333333349));
#2659=CARTESIAN_POINT('',(0.025,-0.019,0.00910000000000017));
#2660=CARTESIAN_POINT('',(0.025,0.0333191010154781,0.00910000000000017));
#2661=CARTESIAN_POINT('',(0.025,-0.019,0.00880000000000013));
#2662=CARTESIAN_POINT('',(0.025,0.0333191010154781,0.00880000000000013));
#2663=CARTESIAN_POINT('',(0.025,-0.019,0.00850000000000014));
#2664=CARTESIAN_POINT('',(0.025,0.0333191010154781,0.00850000000000014));
#2665=CARTESIAN_POINT('',(0.025,0.0330000455800976,0.00850000139667019));
#2666=CARTESIAN_POINT('',(0.0249999999999999,0.0329982416762206,0.00855912110667797));
#2667=CARTESIAN_POINT('',(0.0250018334038665,0.0329963402670193,0.00869357845710175));
#2668=CARTESIAN_POINT('',(0.0249780653295752,0.0330009926283773,0.009018233353128));
#2669=CARTESIAN_POINT('',(0.0249133062017911,0.0330059936263874,0.0092872177100666));
#2670=CARTESIAN_POINT('',(0.0248639846854404,0.0330072545832011,0.00942824850244459));
#2671=CARTESIAN_POINT('',(0.0247966499402308,0.0330066174717521,0.0095866871818422));
#2672=CARTESIAN_POINT('',(0.0246994422613288,0.0330040016359973,0.00976107321859227));
#2673=CARTESIAN_POINT('',(0.0245894258372742,0.0330010852027491,0.00990534673977117));
#2674=CARTESIAN_POINT('',(0.0245250290154404,0.0330001683354402,0.00997428934642448));
#2675=CARTESIAN_POINT('',(0.0245126539004209,0.0329999626709894,0.00998833237435129));
#2676=CARTESIAN_POINT('',(0.0244224421707067,0.0329999801773225,0.0100742937709141));
#2677=CARTESIAN_POINT('',(0.0243206788311888,0.0329999372809036,0.0101551803238797));
#2678=CARTESIAN_POINT('',(0.0241156235155149,0.0329999167987712,0.0102908611438736));
#2679=CARTESIAN_POINT('',(0.0238475697626034,0.0329999581112896,0.0103982635655125));
#2680=CARTESIAN_POINT('',(0.0235990596498649,0.0329999831913117,0.0104595667776595));
#2681=CARTESIAN_POINT('',(0.023344743863322,0.0330002262923467,0.010495114023006));
#2682=CARTESIAN_POINT('',(0.0230860180979254,0.0329969612400836,0.0105006949093041));
#2683=CARTESIAN_POINT('',(0.0230234260809322,0.0329985227843772,0.0104999999999992));
#2684=CARTESIAN_POINT('',(0.0230000067799696,0.0330001004895449,0.0105000000000001));
#2685=CARTESIAN_POINT('',(0.0231337604251243,0.033,0.0105000000000001));
#2686=CARTESIAN_POINT('',(0.00187294634769908,0.033,0.0105000000000001));
#2687=CARTESIAN_POINT('',(0.0231337604251243,0.0333,0.0105000000000001));
#2688=CARTESIAN_POINT('',(0.00187294634769908,0.0333,0.0105000000000001));
#2689=CARTESIAN_POINT('',(0.0231337604251243,0.0336,0.0105000000000001));
#2690=CARTESIAN_POINT('',(0.00187294634769908,0.0336,0.0105000000000001));
#2691=CARTESIAN_POINT('',(0.0231337604251243,0.0343333333333333,0.0103000000000001));
#2692=CARTESIAN_POINT('',(0.00187294634769908,0.0343333333333333,0.0103000000000001));
#2693=CARTESIAN_POINT('',(0.0231337604251243,0.0348,0.00983333333333348));
#2694=CARTESIAN_POINT('',(0.00187294634769908,0.0348,0.00983333333333348));
#2695=CARTESIAN_POINT('',(0.0231337604251243,0.035,0.00910000000000014));
#2696=CARTESIAN_POINT('',(0.00187294634769908,0.035,0.00910000000000014));
#2697=CARTESIAN_POINT('',(0.0231337604251243,0.035,0.00880000000000013));
#2698=CARTESIAN_POINT('',(0.00187294634769908,0.035,0.00880000000000013));
#2699=CARTESIAN_POINT('',(0.0231337604251243,0.035,0.00850000000000013));
#2700=CARTESIAN_POINT('',(0.00187294634769908,0.035,0.00850000000000013));
#2701=CARTESIAN_POINT('',(0.00200000000256055,0.035,0.00849999999648307));
#2702=CARTESIAN_POINT('',(0.00200000000256055,0.035,0.00875407622432374));
#2703=CARTESIAN_POINT('',(0.00200084799391927,0.0349772281698643,0.00916520114365515));
#2704=CARTESIAN_POINT('',(0.00199855280107349,0.034791230220885,0.00961251220392295));
#2705=CARTESIAN_POINT('',(0.00199988779387381,0.03464220146965,0.00984092350790629));
#2706=CARTESIAN_POINT('',(0.00200009245234914,0.0344829876274046,0.0100337687587571));
#2707=CARTESIAN_POINT('',(0.00199891205210043,0.0342146770405925,0.0102332921318072));
#2708=CARTESIAN_POINT('',(0.00199930438775241,0.0340303195025799,0.010322677878547));
#2709=CARTESIAN_POINT('',(0.00199977330918496,0.0338672505864658,0.0103858706241278));
#2710=CARTESIAN_POINT('',(0.00199995402064197,0.0337618878841886,0.010417253480418));
#2711=CARTESIAN_POINT('',(0.00200000488027342,0.0337033176147688,0.0104339111670341));
#2712=CARTESIAN_POINT('',(0.002000054721345,0.0335338216135596,0.0104693950301504));
#2713=CARTESIAN_POINT('',(0.00200043258706077,0.0334123019428378,0.0104845426445436));
#2714=CARTESIAN_POINT('',(0.00200109034924869,0.0333222823159371,0.010491869582208));
#2715=CARTESIAN_POINT('',(0.00200150428863885,0.0332855495872265,0.0104943235120004));
#2716=CARTESIAN_POINT('',(0.00200296764997786,0.0331826162295265,0.0104989828138452));
#2717=CARTESIAN_POINT('',(0.00200405475241546,0.0330862327088383,0.0104999002084633));
#2718=CARTESIAN_POINT('',(0.00200252762536157,0.0330253962388544,0.0104999999999964));
#2719=CARTESIAN_POINT('',(0.00199987621901327,0.0330000129255428,0.0105000000000001));
#2720=CARTESIAN_POINT('',(0.023000257365536,0.0330000452221311,0.0105000000000001));
#2721=CARTESIAN_POINT('',(0.0229982280003019,0.0330115951193492,0.0104999999999791));
#2722=CARTESIAN_POINT('',(0.0229969492264061,0.0330541550955297,0.0105006898914912));
#2723=CARTESIAN_POINT('',(0.0229992618204932,0.0332393695964007,0.0104976957091232));
#2724=CARTESIAN_POINT('',(0.0229998528024415,0.0333562471735639,0.0104895021609469));
#2725=CARTESIAN_POINT('',(0.0230000285035139,0.0334277352271729,0.010482472506688));
#2726=CARTESIAN_POINT('',(0.0230000663949688,0.0335598457040931,0.0104647087995196));
#2727=CARTESIAN_POINT('',(0.0230001728833654,0.0337394550909518,0.0104272524411777));
#2728=CARTESIAN_POINT('',(0.0230002861076106,0.0338823115079596,0.0103790027739227));
#2729=CARTESIAN_POINT('',(0.0230002085395763,0.0338878234964556,0.0103772894280911));
#2730=CARTESIAN_POINT('',(0.0230006783703617,0.0340133330663708,0.010329910156047));
#2731=CARTESIAN_POINT('',(0.0230008213997668,0.0341668875928867,0.0102555215881897));
#2732=CARTESIAN_POINT('',(0.0230002990432583,0.0343594511718639,0.0101324780272747));
#2733=CARTESIAN_POINT('',(0.022999772070865,0.0345395879299122,0.00996534141363012));
#2734=CARTESIAN_POINT('',(0.0229998157026994,0.0346357640561413,0.00984864015986287));
#2735=CARTESIAN_POINT('',(0.0230000955324541,0.0347517699552605,0.00967395937368072));
#2736=CARTESIAN_POINT('',(0.023001367603172,0.0348426116856249,0.00948973143918665));
#2737=CARTESIAN_POINT('',(0.0229996472683457,0.0349041681766666,0.00930771741705583));
#2738=CARTESIAN_POINT('',(0.0230001544560276,0.0349145903879098,0.00927116841376243));
#2739=CARTESIAN_POINT('',(0.0230051629685993,0.0349428006674006,0.00916594584933466));
#2740=CARTESIAN_POINT('',(0.0230072242938616,0.0349594732961106,0.00908397470291082));
#2741=CARTESIAN_POINT('',(0.0230077647994934,0.0349765385303259,0.00897640360048697));
#2742=CARTESIAN_POINT('',(0.02300683381283,0.0349886094542666,0.00887551266857323));
#2743=CARTESIAN_POINT('',(0.0230039152624152,0.0349971442619873,0.00874055104658246));
#2744=CARTESIAN_POINT('',(0.0230007593094104,0.0350006648020991,0.00858155482764971));
#2745=CARTESIAN_POINT('',(0.0229999999964829,0.035,0.00852300237317783));
#2746=CARTESIAN_POINT('',(0.0229999999964829,0.035,0.0084999999974394));
#2747=CARTESIAN_POINT('',(0.002,0.035,-0.0265380994847604));
#2748=CARTESIAN_POINT('',(0.002,0.035,0.00871672888933126));
#2749=CARTESIAN_POINT('',(0.0017,0.035,-0.0265380994847604));
#2750=CARTESIAN_POINT('',(0.0017,0.035,0.00871672888933126));
#2751=CARTESIAN_POINT('',(0.0014,0.035,-0.0265380994847604));
#2752=CARTESIAN_POINT('',(0.0014,0.035,0.00871672888933126));
#2753=CARTESIAN_POINT('',(0.000666666666666667,0.0348,-0.0265380994847604));
#2754=CARTESIAN_POINT('',(0.000666666666666667,0.0348,0.00871672888933126));
#2755=CARTESIAN_POINT('',(0.0002,0.0343333333333333,-0.0265380994847604));
#2756=CARTESIAN_POINT('',(0.0002,0.0343333333333333,0.00871672888933126));
#2757=CARTESIAN_POINT('',(-2.54747869281146E-33,0.0336,-0.0265380994847604));
#2758=CARTESIAN_POINT('',(-2.54747869281146E-33,0.0336,0.00871672888933126));
#2759=CARTESIAN_POINT('',(-2.54747869281146E-33,0.0333,-0.0265380994847604));
#2760=CARTESIAN_POINT('',(-2.54747869281146E-33,0.0333,0.00871672888933126));
#2761=CARTESIAN_POINT('',(0.,0.033,-0.0265380994847604));
#2762=CARTESIAN_POINT('',(0.,0.033,0.00871672888933126));
#2763=CARTESIAN_POINT('',(2.74012609782829E-17,0.0330000452221305,0.00850025736553267));
#2764=CARTESIAN_POINT('',(2.10224068510006E-14,0.0330115951193436,0.0084982280003));
#2765=CARTESIAN_POINT('',(-6.89891474392631E-7,0.0330541550959343,0.00849694922640939));
#2766=CARTESIAN_POINT('',(2.30429084925265E-6,0.0332393695957313,0.00849926182048517));
#2767=CARTESIAN_POINT('',(1.04978390378987E-5,0.0333562471732495,0.00849985280243492));
#2768=CARTESIAN_POINT('',(1.75274932330553E-5,0.0334277352266398,0.00850002850351183));
#2769=CARTESIAN_POINT('',(3.52912009140205E-5,0.0335598457071261,0.00850006639498073));
#2770=CARTESIAN_POINT('',(7.27475603974608E-5,0.033739455097231,0.00850017288338999));
#2771=CARTESIAN_POINT('',(0.00012099722849866,0.0338823115147139,0.00850028610763851));
#2772=CARTESIAN_POINT('',(0.000122710571828601,0.0338878234962168,0.00850020853957522));
#2773=CARTESIAN_POINT('',(0.000170089844093885,0.034013333066745,0.00850067837037027));
#2774=CARTESIAN_POINT('',(0.000244478411965063,0.0341668875931562,0.00850082139977664));
#2775=CARTESIAN_POINT('',(0.000367521972754451,0.0343594511717848,0.00850029904325575));
#2776=CARTESIAN_POINT('',(0.00053465858526189,0.0345395879288705,0.00849977207085609));
#2777=CARTESIAN_POINT('',(0.00065135984012699,0.0346357640561915,0.00849981570269687));
#2778=CARTESIAN_POINT('',(0.000826040626326376,0.0347517699552495,0.00850009553246511));
#2779=CARTESIAN_POINT('',(0.0010102685608162,0.0348426116856303,0.00850136760316541));
#2780=CARTESIAN_POINT('',(0.00119228258294771,0.034904168176666,0.00849964726834901));
#2781=CARTESIAN_POINT('',(0.00122883158623316,0.0349145903879103,0.0085001544560288));
#2782=CARTESIAN_POINT('',(0.00133405415099817,0.0349428006674848,0.00850516296859284));
#2783=CARTESIAN_POINT('',(0.00141602529742648,0.0349594732961655,0.00850722429385341));
#2784=CARTESIAN_POINT('',(0.00152359639946767,0.0349765385303175,0.00850776479949135));
#2785=CARTESIAN_POINT('',(0.00162448733143091,0.0349886094542688,0.00850683381282711));
#2786=CARTESIAN_POINT('',(0.00175944895347008,0.0349971442619889,0.00850391526241149));
#2787=CARTESIAN_POINT('',(0.00191844517227986,0.0350006648020975,0.00850075930941019));
#2788=CARTESIAN_POINT('',(0.00197699762678294,0.035,0.00849999999648307));
#2789=CARTESIAN_POINT('',(0.00200000000256072,0.035,0.00849999999648307));
#2790=CARTESIAN_POINT('',(0.00200000000351706,0.035,-0.0263280773656884));
#2791=CARTESIAN_POINT('',(0.00174592377567918,0.035,-0.0263280773656884));
#2792=CARTESIAN_POINT('',(0.00133479885645995,0.0349772281698841,-0.0263272293743265));
#2793=CARTESIAN_POINT('',(0.000887487796030636,0.0347912302208907,-0.0263295245671791));
#2794=CARTESIAN_POINT('',(0.00065907649172354,0.034642201469389,-0.0263281895743711));
#2795=CARTESIAN_POINT('',(0.000466231240842646,0.0344829876269839,-0.0263279849158908));
#2796=CARTESIAN_POINT('',(0.00026670786744245,0.0342146770396821,-0.0263291653161648));
#2797=CARTESIAN_POINT('',(0.000177322121470573,0.03403031950195,-0.0263287729804946));
#2798=CARTESIAN_POINT('',(0.000114129378544318,0.0338672505939601,-0.0263283040590711));
#2799=CARTESIAN_POINT('',(8.27465215857762E-5,0.033761887891607,-0.0263281233476126));
#2800=CARTESIAN_POINT('',(6.60888328914958E-5,0.0337033176147498,-0.0263280724879789));
#2801=CARTESIAN_POINT('',(3.0604969756182E-5,0.0335338216129549,-0.0263280226468915));
#2802=CARTESIAN_POINT('',(1.545735537377E-5,0.0334123019420902,-0.0263276447811736));
#2803=CARTESIAN_POINT('',(8.13041775602809E-6,0.0333222823153515,-0.0263269870189891));
#2804=CARTESIAN_POINT('',(5.67648800561816E-6,0.0332855495873334,-0.0263265730796104));
#2805=CARTESIAN_POINT('',(1.01718614408278E-6,0.0331826162292556,-0.0263251097182717));
#2806=CARTESIAN_POINT('',(9.97915431270622E-8,0.0330862327088707,-0.0263240226158337));
#2807=CARTESIAN_POINT('',(3.77019444000464E-15,0.0330253962388725,-0.0263255497428872));
#2808=CARTESIAN_POINT('',(6.39838093975817E-19,0.0330000129255428,-0.0263282011492356));
#2809=CARTESIAN_POINT('',(0.002,-0.00824264068711932,-0.0122573593128806));
#2810=CARTESIAN_POINT('',(0.002,-0.0017573593128807,-0.0187426406871191));
#2811=CARTESIAN_POINT('',(0.00169999999999801,-0.00824264068711857,-0.0122573593128799));
#2812=CARTESIAN_POINT('',(0.00169999999999801,-0.00175735931287995,-0.0187426406871184));
#2813=CARTESIAN_POINT('',(0.00139999999999553,-0.00824264068711658,-0.0122573593128798));
#2814=CARTESIAN_POINT('',(0.00139999999999553,-0.00175735931287796,-0.0187426406871184));
#2815=CARTESIAN_POINT('',(0.000666666666668287,-0.00810121933088031,-0.0121159379566505));
#2816=CARTESIAN_POINT('',(0.000666666666668287,-0.00161593795664169,-0.0186012193308891));
#2817=CARTESIAN_POINT('',(0.000200000000000657,-0.00777123616632665,-0.0117859547920979));
#2818=CARTESIAN_POINT('',(0.000200000000000657,-0.00128595479208803,-0.0182712361663364));
#2819=CARTESIAN_POINT('',(5.1306920113297E-16,-0.00725269119345857,-0.0112674098192189));
#2820=CARTESIAN_POINT('',(5.1306920113297E-16,-0.000767409819219952,-0.0177526911934574));
#2821=CARTESIAN_POINT('',(5.27351711636538E-17,-0.00704055915910282,-0.0110552777848629));
#2822=CARTESIAN_POINT('',(5.27351711636538E-17,-0.000555277784864205,-0.0175405591591014));
#2823=CARTESIAN_POINT('',(3.62879272042989E-29,-0.00682842712474562,-0.0108431457505069));
#2824=CARTESIAN_POINT('',(3.62879272042989E-29,-0.000343145750507001,-0.0173284271247454));
#2825=CARTESIAN_POINT('',(1.89167945786382E-28,-0.000343145750507617,-0.0173284271247461));
#2826=CARTESIAN_POINT('',(4.39459759707279E-17,-0.000519922445805225,-0.0175052038200426));
#2827=CARTESIAN_POINT('',(2.60416666673464E-5,-0.000899255771128702,-0.0178845371453687));
#2828=CARTESIAN_POINT('',(0.000440104166668194,-0.00144615867220083,-0.0184314400464488));
#2829=CARTESIAN_POINT('',(0.00121354166666356,-0.00173894507378459,-0.0187242264480267));
#2830=CARTESIAN_POINT('',(0.00174999999999843,-0.00175735931288008,-0.0187426406871185));
#2831=CARTESIAN_POINT('',(0.002,-0.0017573593128807,-0.0187426406871191));
#2832=CARTESIAN_POINT('',(0.023,-0.019,-0.0104999999999999));
#2833=CARTESIAN_POINT('',(0.023000000000005,-0.0191902651979262,-0.0104999999999999));
#2834=CARTESIAN_POINT('',(0.0229999999999977,-0.0196165994637603,-0.0105013649934249));
#2835=CARTESIAN_POINT('',(0.0230000000000006,-0.0203872350723705,-0.0104494476877636));
#2836=CARTESIAN_POINT('',(0.023,-0.0212025738572759,-0.0102949547105688));
#2837=CARTESIAN_POINT('',(0.023,-0.0220403178582199,-0.0100073209246418));
#2838=CARTESIAN_POINT('',(0.023,-0.0228686766113454,-0.00956885617908826));
#2839=CARTESIAN_POINT('',(0.023,-0.0237000284470283,-0.00885466380211565));
#2840=CARTESIAN_POINT('',(0.023,-0.0242144372397795,-0.00810701926150574));
#2841=CARTESIAN_POINT('',(0.023,-0.0244380325683779,-0.00764582260877397));
#2842=CARTESIAN_POINT('',(0.023,-0.0245152918887194,-0.00746210689899923));
#2843=CARTESIAN_POINT('',(0.0230625,-0.019,-0.0104999999999999));
#2844=CARTESIAN_POINT('',(0.023062500000005,-0.0191902651979262,-0.0105000000026132));
#2845=CARTESIAN_POINT('',(0.0230624999999977,-0.0196165994637599,-0.0105013649922118));
#2846=CARTESIAN_POINT('',(0.0230625000000006,-0.020387235072372,-0.0104494476880891));
#2847=CARTESIAN_POINT('',(0.0230625,-0.0212025738572702,-0.0102949547104797));
#2848=CARTESIAN_POINT('',(0.0230625,-0.022040317858241,-0.0100073209246727));
#2849=CARTESIAN_POINT('',(0.0230625,-0.0228686766112666,-0.00956885617905362));
#2850=CARTESIAN_POINT('',(0.0230625,-0.0237000284473225,-0.00885466380222329));
#2851=CARTESIAN_POINT('',(0.0230625,-0.0242144372388369,-0.00810701926116605));
#2852=CARTESIAN_POINT('',(0.0230625,-0.0244380325697068,-0.00764582260925243));
#2853=CARTESIAN_POINT('',(0.0230625,-0.0245152918899128,-0.00746210689942895));
#2854=CARTESIAN_POINT('',(0.0231250745985243,-0.019,-0.0104999491373697));
#2855=CARTESIAN_POINT('',(0.0231250745985293,-0.0191902651979266,-0.0104999491419479));
#2856=CARTESIAN_POINT('',(0.023125074598522,-0.0196165982981311,-0.0105013141003874));
#2857=CARTESIAN_POINT('',(0.0231250745985249,-0.0203872286971604,-0.0104493971038294));
#2858=CARTESIAN_POINT('',(0.0231250745985243,-0.0212025608766401,-0.0102949053499105));
#2859=CARTESIAN_POINT('',(0.0231250745985243,-0.0220402975504036,-0.0100072740725529));
#2860=CARTESIAN_POINT('',(0.0231250745985243,-0.0228686481236305,-0.00956881352537263));
#2861=CARTESIAN_POINT('',(0.0231250745985243,-0.0236999900359668,-0.00885462963953925));
#2862=CARTESIAN_POINT('',(0.0231250745985243,-0.0242143931879372,-0.00810699343035533));
#2863=CARTESIAN_POINT('',(0.0231250745985243,-0.0244379863960219,-0.00764580118766857));
#2864=CARTESIAN_POINT('',(0.0231250745985243,-0.024515245008727,-0.00746208716526782));
#2865=CARTESIAN_POINT('',(0.0232520616319444,-0.019,-0.0104964599609374));
#2866=CARTESIAN_POINT('',(0.0232520616319494,-0.0191902651979524,-0.0104964599685794));
#2867=CARTESIAN_POINT('',(0.0232520616319421,-0.0196165183360234,-0.0104978229823758));
#2868=CARTESIAN_POINT('',(0.0232520616319451,-0.0203867913575653,-0.0104459270072082));
#2869=CARTESIAN_POINT('',(0.0232520616319444,-0.0212016704056983,-0.0102915192193566));
#2870=CARTESIAN_POINT('',(0.0232520616319445,-0.022038904431693,-0.0100040600155734));
#2871=CARTESIAN_POINT('',(0.0232520616319444,-0.0228666938757708,-0.00956588748460305));
#2872=CARTESIAN_POINT('',(0.0232520616319444,-0.0236973550021353,-0.00885228607398861));
#2873=CARTESIAN_POINT('',(0.0232520616319445,-0.0242113713437323,-0.00810522145386247));
#2874=CARTESIAN_POINT('',(0.0232520616319444,-0.0244348188142601,-0.00764433164289885));
#2875=CARTESIAN_POINT('',(0.0232520616319444,-0.024512028899234,-0.00746073338015389));
#2876=CARTESIAN_POINT('',(0.0233164605034722,-0.019,-0.0104930284288193));
#2877=CARTESIAN_POINT('',(0.0233164605034773,-0.0191902651979779,-0.0104930284375598));
#2878=CARTESIAN_POINT('',(0.0233164605034699,-0.0196164396949615,-0.0104943895416437));
#2879=CARTESIAN_POINT('',(0.0233164605034728,-0.0203863612432102,-0.010442514239447));
#2880=CARTESIAN_POINT('',(0.0233164605034722,-0.0212007946461368,-0.0102881890307721));
#2881=CARTESIAN_POINT('',(0.0233164605034722,-0.0220375343285336,-0.0100008990576661));
#2882=CARTESIAN_POINT('',(0.0233164605034722,-0.0228647719138908,-0.00956300978466845));
#2883=CARTESIAN_POINT('',(0.0233164605034722,-0.023694763501203,-0.00884998122615731));
#2884=CARTESIAN_POINT('',(0.0233164605034722,-0.0242083994237859,-0.00810347875225445));
#2885=CARTESIAN_POINT('',(0.0233164605034722,-0.0244317035628074,-0.00764288637597205));
#2886=CARTESIAN_POINT('',(0.0233164605034722,-0.0245088659218709,-0.00745940196046557));
#2887=CARTESIAN_POINT('',(0.0235125868055556,-0.019,-0.010474392361111));
#2888=CARTESIAN_POINT('',(0.0235125868055608,-0.0191902651981159,-0.0104743923723322));
#2889=CARTESIAN_POINT('',(0.0235125868055531,-0.0196160126087208,-0.0104757431101948));
#2890=CARTESIAN_POINT('',(0.0235125868055562,-0.020384025365248,-0.010423980077338));
#2891=CARTESIAN_POINT('',(0.0235125868055555,-0.0211960385448101,-0.0102701033426892));
#2892=CARTESIAN_POINT('',(0.0235125868055556,-0.0220300935311101,-0.00998373243246823));
#2893=CARTESIAN_POINT('',(0.0235125868055556,-0.0228543340656827,-0.00954738148546508));
#2894=CARTESIAN_POINT('',(0.0235125868055555,-0.0236806894997003,-0.00883746398917505));
#2895=CARTESIAN_POINT('',(0.0235125868055556,-0.024192259432923,-0.00809401443646457));
#2896=CARTESIAN_POINT('',(0.0235125868055555,-0.0244147851598656,-0.00763503737629286));
#2897=CARTESIAN_POINT('',(0.0235125868055555,-0.0244916883278014,-0.00745217124585405));
#2898=CARTESIAN_POINT('',(0.0236475694444444,-0.019,-0.0104505208333332));
#2899=CARTESIAN_POINT('',(0.02364756944445,-0.0191902651982928,-0.0104505208451589));
#2900=CARTESIAN_POINT('',(0.0236475694444419,-0.0196154655404653,-0.0104518583083686));
#2901=CARTESIAN_POINT('',(0.0236475694444451,-0.0203810332653823,-0.0104002390833407));
#2902=CARTESIAN_POINT('',(0.0236475694444444,-0.0211899463043972,-0.0102469368136461));
#2903=CARTESIAN_POINT('',(0.0236475694444445,-0.0220205623786399,-0.00996174315998636));
#2904=CARTESIAN_POINT('',(0.0236475694444444,-0.0228409638962945,-0.00952736270340463));
#2905=CARTESIAN_POINT('',(0.0236475694444444,-0.0236626616663358,-0.00882143026484144));
#2906=CARTESIAN_POINT('',(0.0236475694444445,-0.0241715852097472,-0.00808189129575815));
#2907=CARTESIAN_POINT('',(0.0236475694444443,-0.0243931138418341,-0.00762498334420939));
#2908=CARTESIAN_POINT('',(0.0236475694444443,-0.0244696850038009,-0.00744290919469127));
#2909=CARTESIAN_POINT('',(0.0239149305555556,-0.019,-0.0103723958333332));
#2910=CARTESIAN_POINT('',(0.0239149305555616,-0.0191902651988718,-0.0103723958458123));
#2911=CARTESIAN_POINT('',(0.0239149305555527,-0.0196136751352656,-0.0103736898666434));
#2912=CARTESIAN_POINT('',(0.0239149305555563,-0.0203712409385481,-0.0103225412846391));
#2913=CARTESIAN_POINT('',(0.0239149305555555,-0.0211700080630488,-0.0101711190822772));
#2914=CARTESIAN_POINT('',(0.0239149305555556,-0.0219893695159996,-0.00988977826821184));
#2915=CARTESIAN_POINT('',(0.0239149305555556,-0.0227972069783366,-0.00946184668940617));
#2916=CARTESIAN_POINT('',(0.0239149305555555,-0.0236036614842665,-0.00876895625787685));
#2917=CARTESIAN_POINT('',(0.0239149305555557,-0.0241039241161951,-0.00804221556270931));
#2918=CARTESIAN_POINT('',(0.0239149305555554,-0.0243221895276027,-0.00759207923896648));
#2919=CARTESIAN_POINT('',(0.0239149305555554,-0.024397674124649,-0.00741259702703168));
#2920=CARTESIAN_POINT('',(0.024046875,-0.019,-0.0103183593749999));
#2921=CARTESIAN_POINT('',(0.0240468750000064,-0.0191902651992722,-0.0103183593875116));
#2922=CARTESIAN_POINT('',(0.024046874999997,-0.0196124367716692,-0.0103196233613114));
#2923=CARTESIAN_POINT('',(0.0240468750000008,-0.0203644679124876,-0.0102688003071516));
#2924=CARTESIAN_POINT('',(0.0240468749999999,-0.0211562174461171,-0.0101186784847613));
#2925=CARTESIAN_POINT('',(0.024046875,-0.0219677944526701,-0.00984000255139617));
#2926=CARTESIAN_POINT('',(0.024046875,-0.0227669417767616,-0.00941653144639612));
#2927=CARTESIAN_POINT('',(0.0240468749999999,-0.0235628530249547,-0.00873266173637575));
#2928=CARTESIAN_POINT('',(0.0240468750000001,-0.024057125193306,-0.00801477318073835));
#2929=CARTESIAN_POINT('',(0.0240468749999998,-0.0242731335433795,-0.00756932056609672));
#2930=CARTESIAN_POINT('',(0.0240468749999998,-0.0243478665997108,-0.0073916311109982));
#2931=CARTESIAN_POINT('',(0.024291015625,-0.019,-0.0101806640624999));
#2932=CARTESIAN_POINT('',(0.0242910156250069,-0.0191902652002928,-0.0101806640750521));
#2933=CARTESIAN_POINT('',(0.0242910156249968,-0.019609281182505,-0.0101818514832864));
#2934=CARTESIAN_POINT('',(0.0242910156250008,-0.0203472089364419,-0.0101318579368015));
#2935=CARTESIAN_POINT('',(0.0242910156249998,-0.021121076295743,-0.00998504973326155));
#2936=CARTESIAN_POINT('',(0.024291015625,-0.0219128170322576,-0.00971316442963041));
#2937=CARTESIAN_POINT('',(0.024291015625,-0.0226898202088943,-0.00930105947173857));
#2938=CARTESIAN_POINT('',(0.0242910156249999,-0.0234588652039325,-0.00864017629905491));
#2939=CARTESIAN_POINT('',(0.0242910156250001,-0.023937872516321,-0.00794484470138412));
#2940=CARTESIAN_POINT('',(0.0242910156249998,-0.0241481294389818,-0.00751132708040275));
#2941=CARTESIAN_POINT('',(0.0242910156249999,-0.0242209474246982,-0.00733820591531556));
#2942=CARTESIAN_POINT('',(0.0244027777777778,-0.019,-0.0100972222222221));
#2943=CARTESIAN_POINT('',(0.0244027777777849,-0.0191902652009112,-0.0100972222347658));
#2944=CARTESIAN_POINT('',(0.0244027777777745,-0.0196073689302848,-0.0100983632451604));
#2945=CARTESIAN_POINT('',(0.0244027777777786,-0.0203367501873645,-0.0100488723711558));
#2946=CARTESIAN_POINT('',(0.0244027777777776,-0.0210997811463044,-0.00990407218408748));
#2947=CARTESIAN_POINT('',(0.0244027777777778,-0.0218795013220152,-0.00963630192715732));
#2948=CARTESIAN_POINT('',(0.0244027777777778,-0.0226430853895966,-0.00923108472901901));
#2949=CARTESIAN_POINT('',(0.0244027777777777,-0.0233958497316151,-0.00858413114436506));
#2950=CARTESIAN_POINT('',(0.0244027777777778,-0.0238656067097123,-0.00790246881437231));
#2951=CARTESIAN_POINT('',(0.0244027777777777,-0.024072378330784,-0.00747618366786824));
#2952=CARTESIAN_POINT('',(0.0244027777777777,-0.0241440358048371,-0.00730583083612973));
#2953=CARTESIAN_POINT('',(0.0245972222222222,-0.019,-0.00990277777777765));
#2954=CARTESIAN_POINT('',(0.0245972222222295,-0.0191902652023524,-0.00990277779032036));
#2955=CARTESIAN_POINT('',(0.0245972222222189,-0.019602912810677,-0.00990381067984403));
#2956=CARTESIAN_POINT('',(0.0245972222222231,-0.0203123781739098,-0.00985549118307349));
#2957=CARTESIAN_POINT('',(0.024597222222222,-0.0210501570789519,-0.00971537027495819));
#2958=CARTESIAN_POINT('',(0.0245972222222222,-0.021801865752764,-0.00945718930761035));
#2959=CARTESIAN_POINT('',(0.0245972222222222,-0.0225341792827282,-0.00906802264975552));
#2960=CARTESIAN_POINT('',(0.0245972222222222,-0.0232490048338373,-0.00845352917140845));
#2961=CARTESIAN_POINT('',(0.0245972222222222,-0.023697205766347,-0.00780372032343986));
#2962=CARTESIAN_POINT('',(0.0245972222222223,-0.0238958555923144,-0.00739428900563264));
#2963=CARTESIAN_POINT('',(0.0245972222222223,-0.0239648087270939,-0.00723038721857628));
#2964=CARTESIAN_POINT('',(0.0246806640625,-0.019,-0.00979101562499987));
#2965=CARTESIAN_POINT('',(0.0246806640625074,-0.0191902652031807,-0.00979101563754185));
#2966=CARTESIAN_POINT('',(0.0246806640624966,-0.019600351536572,-0.00979198638169906));
#2967=CARTESIAN_POINT('',(0.0246806640625009,-0.0202983697063549,-0.00974434016536991));
#2968=CARTESIAN_POINT('',(0.0246806640624998,-0.021021634317025,-0.00960690879817072));
#2969=CARTESIAN_POINT('',(0.0246806640625,-0.0217572426298127,-0.00935423953186627));
#2970=CARTESIAN_POINT('',(0.0246806640625,-0.0224715825806776,-0.00897429835196456));
#2971=CARTESIAN_POINT('',(0.0246806640625,-0.023164601795494,-0.00837846218918451));
#2972=CARTESIAN_POINT('',(0.0246806640624999,-0.0236004128134082,-0.00774696198322758));
#2973=CARTESIAN_POINT('',(0.0246806640625001,-0.0237943944200914,-0.0073472178549057));
#2974=CARTESIAN_POINT('',(0.0246806640625001,-0.0238617931634358,-0.00718702397857625));
#2975=CARTESIAN_POINT('',(0.024818359375,-0.019,-0.00954687499999987));
#2976=CARTESIAN_POINT('',(0.0248183593750075,-0.01919026520499,-0.00954687501254011));
#2977=CARTESIAN_POINT('',(0.0248183593749965,-0.0195947565203234,-0.00954771000225623));
#2978=CARTESIAN_POINT('',(0.0248183593750009,-0.0202677686849971,-0.00950153454417273));
#2979=CARTESIAN_POINT('',(0.0248183593749998,-0.0209593273128157,-0.00936997838771264));
#2980=CARTESIAN_POINT('',(0.024818359375,-0.0216597649340453,-0.00912934924504669));
#2981=CARTESIAN_POINT('',(0.024818359375,-0.0223348422121207,-0.00876956080824644));
#2982=CARTESIAN_POINT('',(0.024818359375,-0.0229802262262975,-0.00821448091733608));
#2983=CARTESIAN_POINT('',(0.0248183593749999,-0.0233889718967943,-0.00762297531771532));
#2984=CARTESIAN_POINT('',(0.0248183593750002,-0.0235727559370799,-0.00724439252564781));
#2985=CARTESIAN_POINT('',(0.0248183593750002,-0.0236367591651534,-0.00709229845430432));
#2986=CARTESIAN_POINT('',(0.0248723958333333,-0.019,-0.00941493055555543));
#2987=CARTESIAN_POINT('',(0.0248723958333409,-0.0191902652059678,-0.00941493056809465));
#2988=CARTESIAN_POINT('',(0.0248723958333298,-0.0195917327248753,-0.00941569219007739));
#2989=CARTESIAN_POINT('',(0.0248723958333343,-0.0202512305330099,-0.00937031159511682));
#2990=CARTESIAN_POINT('',(0.0248723958333331,-0.0209256538385408,-0.00924193066366063));
#2991=CARTESIAN_POINT('',(0.0248723958333333,-0.0216070836549106,-0.00900780853892554));
#2992=CARTESIAN_POINT('',(0.0248723958333333,-0.0222609416396028,-0.00865891154017479));
#2993=CARTESIAN_POINT('',(0.0248723958333333,-0.022880581474234,-0.00812585814997267));
#2994=CARTESIAN_POINT('',(0.0248723958333332,-0.0232746998280821,-0.00755596741315403));
#2995=CARTESIAN_POINT('',(0.0248723958333335,-0.0234529726502612,-0.00718882114770221));
#2996=CARTESIAN_POINT('',(0.0248723958333335,-0.0235151407909705,-0.00704110457096446));
#2997=CARTESIAN_POINT('',(0.0249505208333333,-0.019,-0.00914756944444431));
#2998=CARTESIAN_POINT('',(0.0249505208333407,-0.0191902652079491,-0.0091475694569815));
#2999=CARTESIAN_POINT('',(0.0249505208333299,-0.0195856055604145,-0.00914818241276763));
#3000=CARTESIAN_POINT('',(0.0249505208333343,-0.0202177190145097,-0.00910441246150353));
#3001=CARTESIAN_POINT('',(0.0249505208333331,-0.0208574207459312,-0.00898246553860788));
#3002=CARTESIAN_POINT('',(0.0249505208333333,-0.0215003347471902,-0.00876152868704844));
#3003=CARTESIAN_POINT('',(0.0249505208333333,-0.0221111957426587,-0.00843470118118749));
#3004=CARTESIAN_POINT('',(0.0249505208333333,-0.0226786697397895,-0.00794628043715733));
#3005=CARTESIAN_POINT('',(0.0249505208333333,-0.0230431485309546,-0.00742018823812193));
#3006=CARTESIAN_POINT('',(0.0249505208333334,-0.0232102538848657,-0.00707621598712825));
#3007=CARTESIAN_POINT('',(0.0249505208333334,-0.0232687035590738,-0.00693736959682845));
#3008=CARTESIAN_POINT('',(0.0249743923611111,-0.019,-0.00901258680555543));
#3009=CARTESIAN_POINT('',(0.0249743923611181,-0.0191902652089495,-0.00901258681809159));
#3010=CARTESIAN_POINT('',(0.0249743923611079,-0.0195825121380975,-0.0090131247167557));
#3011=CARTESIAN_POINT('',(0.024974392361112,-0.0202008000498123,-0.00897016793138385));
#3012=CARTESIAN_POINT('',(0.0249743923611109,-0.0208229718956039,-0.00885146934722571));
#3013=CARTESIAN_POINT('',(0.0249743923611111,-0.0214464404122859,-0.00863718934624687));
#3014=CARTESIAN_POINT('',(0.0249743923611111,-0.022035593512221,-0.00832150406812733));
#3015=CARTESIAN_POINT('',(0.0249743923611111,-0.0225767305361982,-0.00785561701396647));
#3016=CARTESIAN_POINT('',(0.0249743923611111,-0.0229262451975022,-0.0073516373883898));
#3017=CARTESIAN_POINT('',(0.0249743923611112,-0.0230877124302586,-0.00701936500508523));
#3018=CARTESIAN_POINT('',(0.0249743923611112,-0.0231442847618013,-0.00688499690696434));
#3019=CARTESIAN_POINT('',(0.0249930284288195,-0.019,-0.00881646050347209));
#3020=CARTESIAN_POINT('',(0.0249930284288249,-0.0191902652104032,-0.00881646051600685));
#3021=CARTESIAN_POINT('',(0.0249930284288169,-0.0195780174750443,-0.0088168893586033));
#3022=CARTESIAN_POINT('',(0.0249930284288201,-0.0201762172293216,-0.00877511408235545));
#3023=CARTESIAN_POINT('',(0.0249930284288193,-0.0207729186022225,-0.00866113525082438));
#3024=CARTESIAN_POINT('',(0.0249930284288195,-0.0213681333300194,-0.00845652748250181));
#3025=CARTESIAN_POINT('',(0.0249930284288195,-0.0219257454161469,-0.00815703157467378));
#3026=CARTESIAN_POINT('',(0.0249930284288194,-0.0224286154956104,-0.00772388539224824));
#3027=CARTESIAN_POINT('',(0.0249930284288194,-0.0227563876611554,-0.00725203476709492));
#3028=CARTESIAN_POINT('',(0.0249930284288195,-0.0229096628489063,-0.00693676199058145));
#3029=CARTESIAN_POINT('',(0.0249930284288195,-0.0229635074498481,-0.00680890073579927));
#3030=CARTESIAN_POINT('',(0.0249964599609375,-0.019,-0.00875206163194431));
#3031=CARTESIAN_POINT('',(0.0249964599609423,-0.0191902652108806,-0.00875206164447862));
#3032=CARTESIAN_POINT('',(0.0249964599609353,-0.0195765416340915,-0.00875245467807027));
#3033=CARTESIAN_POINT('',(0.0249964599609381,-0.0201681453599101,-0.00871106735516411));
#3034=CARTESIAN_POINT('',(0.0249964599609373,-0.0207564833991122,-0.00859863827366577));
#3035=CARTESIAN_POINT('',(0.0249964599609375,-0.021342420880047,-0.00839720642240073));
#3036=CARTESIAN_POINT('',(0.0249964599609375,-0.0218896763455964,-0.00810302636036413));
#3037=CARTESIAN_POINT('',(0.0249964599609375,-0.0223799813176913,-0.0076806307767629));
#3038=CARTESIAN_POINT('',(0.0249964599609375,-0.0227006142460396,-0.007219329839992));
#3039=CARTESIAN_POINT('',(0.0249964599609375,-0.0228511995423877,-0.00690963895373056));
#3040=CARTESIAN_POINT('',(0.0249964599609375,-0.0229041484818568,-0.00678391424750801));
#3041=CARTESIAN_POINT('',(0.0249999491373698,-0.019,-0.00862507459852418));
#3042=CARTESIAN_POINT('',(0.0249999491373727,-0.0191902652118219,-0.00862507461105762));
#3043=CARTESIAN_POINT('',(0.0249999491373685,-0.0195736314485565,-0.00862539703348506));
#3044=CARTESIAN_POINT('',(0.0249999491373702,-0.0201522285786622,-0.00858477470913864));
#3045=CARTESIAN_POINT('',(0.0249999491373697,-0.0207240751031727,-0.00847540155322612));
#3046=CARTESIAN_POINT('',(0.0249999491373698,-0.0212917189396791,-0.0082802322384925));
#3047=CARTESIAN_POINT('',(0.0249999491373698,-0.0218185523622289,-0.00799653440186075));
#3048=CARTESIAN_POINT('',(0.0249999491373698,-0.0222840804139912,-0.00759533774022508));
#3049=CARTESIAN_POINT('',(0.0249999491373698,-0.0225906356026062,-0.00715483955355537));
#3050=CARTESIAN_POINT('',(0.0249999491373698,-0.0227359167480993,-0.00685615550122078));
#3051=CARTESIAN_POINT('',(0.0249999491373698,-0.0227870995480283,-0.00673464381856384));
#3052=CARTESIAN_POINT('',(0.025,-0.019,-0.00856249999999987));
#3053=CARTESIAN_POINT('',(0.0250000000000017,-0.0191902652122858,-0.0085625000125329));
#3054=CARTESIAN_POINT('',(0.0249999999999992,-0.0195721974148085,-0.00856278764034285));
#3055=CARTESIAN_POINT('',(0.0250000000000002,-0.0201443853668826,-0.00852254227950568));
#3056=CARTESIAN_POINT('',(0.0249999999999999,-0.0207081054718439,-0.00841467497274566));
#3057=CARTESIAN_POINT('',(0.025,-0.0212667348647111,-0.00822259160859016));
#3058=CARTESIAN_POINT('',(0.025,-0.021783505046099,-0.007944059031975));
#3059=CARTESIAN_POINT('',(0.025,-0.0222368239312975,-0.00755330842924327));
#3060=CARTESIAN_POINT('',(0.025,-0.0225364421210062,-0.00712306108236974));
#3061=CARTESIAN_POINT('',(0.025,-0.0226791095735788,-0.00682980079808019));
#3062=CARTESIAN_POINT('',(0.025,-0.0227294220840798,-0.00671036514044006));
#3063=CARTESIAN_POINT('',(0.025,-0.019,-0.00849999999999987));
#3064=CARTESIAN_POINT('',(0.025,-0.0191902652127491,-0.00850000001253249));
#3065=CARTESIAN_POINT('',(0.025,-0.0195707650906488,-0.00850025288720548));
#3066=CARTESIAN_POINT('',(0.025,-0.020136551505415,-0.00846038404047921));
#3067=CARTESIAN_POINT('',(0.025,-0.0206921548787663,-0.00835402078766839));
#3068=CARTESIAN_POINT('',(0.025,-0.0212417805745947,-0.00816501969516434));
#3069=CARTESIAN_POINT('',(0.025,-0.0217484995117484,-0.00789164622078316));
#3070=CARTESIAN_POINT('',(0.025,-0.0221896237855832,-0.00751132922365008));
#3071=CARTESIAN_POINT('',(0.025,-0.0224823132463529,-0.00709132049599858));
#3072=CARTESIAN_POINT('',(0.025,-0.022622370121928,-0.00680347751379021));
#3073=CARTESIAN_POINT('',(0.025,-0.0226718133805196,-0.00668611540622648));
#3074=CARTESIAN_POINT('',(0.025,-0.019,-0.00849999999999987));
#3075=CARTESIAN_POINT('',(0.025,-0.019,-0.00874999999999987));
#3076=CARTESIAN_POINT('',(0.0249739583333333,-0.019,-0.00928645833333456));
#3077=CARTESIAN_POINT('',(0.0245598958333333,-0.019,-0.0100598958333376));
#3078=CARTESIAN_POINT('',(0.0237864583333333,-0.019,-0.0104739583333312));
#3079=CARTESIAN_POINT('',(0.02325,-0.019,-0.0104999999999999));
#3080=CARTESIAN_POINT('',(0.023,-0.019,-0.0104999999999999));
#3081=CARTESIAN_POINT('',(-2.60208521396521E-18,0.002,-0.0229852813742384));
#3082=CARTESIAN_POINT('',(-2.60208521396521E-18,0.00200000003559415,-0.0228534909457914));
#3083=CARTESIAN_POINT('',(4.82399135669434E-18,0.0019984563452695,-0.0225900866464175));
#3084=CARTESIAN_POINT('',(3.36244335643738E-18,0.00198267191175244,-0.0223282758582199));
#3085=CARTESIAN_POINT('',(1.0813689290209E-18,0.00194832272977447,-0.021936789817386));
#3086=CARTESIAN_POINT('',(1.96659956272719E-18,0.00191105204218132,-0.0216775030994212));
#3087=CARTESIAN_POINT('',(3.23757086520322E-18,0.00181007005554426,-0.0211615037281769));
#3088=CARTESIAN_POINT('',(2.99933880753256E-18,0.00168270393372498,-0.020648052906695));
#3089=CARTESIAN_POINT('',(2.58469159622478E-19,0.00142052135028079,-0.0199111785922284));
#3090=CARTESIAN_POINT('',(6.37512540983835E-18,0.00108534968832917,-0.0192060059512709));
#3091=CARTESIAN_POINT('',(-4.63926454017697E-18,0.00081328321847772,-0.0187540741832512));
#3092=CARTESIAN_POINT('',(-5.64905887753465E-19,0.000519717706438468,-0.0183175091955634));
#3093=CARTESIAN_POINT('',(7.4201675926847E-18,0.000362182122251362,-0.0181069639762663));
#3094=CARTESIAN_POINT('',(1.93044024605529E-19,0.000109319039405306,-0.0178054078129481));
#3095=CARTESIAN_POINT('',(-7.03541591621002E-18,-6.47679836632498E-5,-0.0176089895483265));
#3096=CARTESIAN_POINT('',(3.46944695195361E-18,-0.000249955622373995,-0.0174216172025405));
#3097=CARTESIAN_POINT('',(3.46944695195361E-18,-0.000343145750507613,-0.0173284271247461));
#3098=CARTESIAN_POINT('',(-2.60208521396521E-18,0.0019375,-0.0229852813742384));
#3099=CARTESIAN_POINT('',(-2.60209682182135E-18,0.00193750003559011,-0.0228534909598271));
#3100=CARTESIAN_POINT('',(4.82842211140232E-18,0.00193595714225573,-0.0225921257596901));
#3101=CARTESIAN_POINT('',(3.36817380394843E-18,0.00192031164574739,-0.0223326026166332));
#3102=CARTESIAN_POINT('',(1.09834758978786E-18,0.00188626136402683,-0.0219445305882847));
#3103=CARTESIAN_POINT('',(2.02352582006095E-18,0.00184931095340572,-0.021687432862435));
#3104=CARTESIAN_POINT('',(3.18064460786946E-18,0.00174913601194752,-0.0211755700460395));
#3105=CARTESIAN_POINT('',(2.6267921054657E-18,0.00162274328635197,-0.0206660398470545));
#3106=CARTESIAN_POINT('',(1.64777200285714E-18,0.00136267825784322,-0.0199351413807858));
#3107=CARTESIAN_POINT('',(1.1904607389666E-18,0.00103023095238663,-0.0192356815591554));
#3108=CARTESIAN_POINT('',(6.53208446303401E-18,0.000760241080664086,-0.0187872008985276));
#3109=CARTESIAN_POINT('',(-1.17362548909643E-17,0.000469030508415135,-0.0183541336443405));
#3110=CARTESIAN_POINT('',(-2.37033984928426E-17,0.000312820457031315,-0.0181453692657938));
#3111=CARTESIAN_POINT('',(1.57548270673688E-17,6.21629009986291E-5,-0.0178464423003799));
#3112=CARTESIAN_POINT('',(3.87666053931347E-17,-0.000110403591851792,-0.0176517411609237));
#3113=CARTESIAN_POINT('',(-1.03696378709497E-16,-0.000294149806125952,-0.0174658113664425));
#3114=CARTESIAN_POINT('',(3.46944695195361E-18,-0.000387339924331772,-0.0173726212985702));
#3115=CARTESIAN_POINT('',(5.08626302057314E-8,0.00187492540147569,-0.0229852813742384));
#3116=CARTESIAN_POINT('',(5.08626302048299E-8,0.00187492543706176,-0.0228534909738796));
#3117=CARTESIAN_POINT('',(5.08626302135442E-8,0.00187338334166892,-0.0225941673068002));
#3118=CARTESIAN_POINT('',(5.08626302118357E-8,0.00185787694800124,-0.0223369345393632));
#3119=CARTESIAN_POINT('',(5.08626302091879E-8,0.00182412592329836,-0.0219522805983848));
#3120=CARTESIAN_POINT('',(5.08626302103043E-8,0.00178749617192433,-0.0216973744773795));
#3121=CARTESIAN_POINT('',(5.0862630211563E-8,0.00168812923891505,-0.0211896531531269));
#3122=CARTESIAN_POINT('',(5.0862630210645E-8,0.00156271107136601,-0.0206840482562013));
#3123=CARTESIAN_POINT('',(5.08626302110084E-8,0.00130476612525626,-0.0199591327707618));
#3124=CARTESIAN_POINT('',(5.08626302057085E-8,0.000975046428022282,-0.0192653925871449));
#3125=CARTESIAN_POINT('',(5.0862630223113E-8,0.00070713563300714,-0.0188203671530692));
#3126=CARTESIAN_POINT('',(5.08626301883413E-8,0.000418282811349023,-0.018390801807195));
#3127=CARTESIAN_POINT('',(5.08626301616441E-8,0.000263399874893146,-0.018183820394968));
#3128=CARTESIAN_POINT('',(5.08626302355822E-8,1.49504781385581E-5,-0.0178875257656071));
#3129=CARTESIAN_POINT('',(5.08626302809241E-8,-0.000156093669624762,-0.0176945438008362));
#3130=CARTESIAN_POINT('',(5.08626300254612E-8,-0.00033839673901216,-0.0175100582794552));
#3131=CARTESIAN_POINT('',(5.08626302118061E-8,-0.000431586847278335,-0.0174168682215168));
#3132=CARTESIAN_POINT('',(3.5400390624974E-6,0.00174793836805556,-0.0229852813742384));
#3133=CARTESIAN_POINT('',(3.54003906249328E-6,0.00174793840363339,-0.0228534910023972));
#3134=CARTESIAN_POINT('',(3.54003906250657E-6,0.00174639792755945,-0.022598310361925));
#3135=CARTESIAN_POINT('',(3.54003906250397E-6,0.00173117382506891,-0.022345725614807));
#3136=CARTESIAN_POINT('',(3.54003906249995E-6,0.00169803010367763,-0.0219680082389097));
#3137=CARTESIAN_POINT('',(3.5400390625017E-6,0.00166205108866444,-0.0217175496957425));
#3138=CARTESIAN_POINT('',(3.54003906250349E-6,0.00156432390402475,-0.0212182329927511));
#3139=CARTESIAN_POINT('',(3.54003906250174E-6,0.00144088347565643,-0.0207205939873463));
#3140=CARTESIAN_POINT('',(3.54003906250428E-6,0.00118724096185636,-0.0200078201856637));
#3141=CARTESIAN_POINT('',(3.54003906249144E-6,0.000863056591810903,-0.019325687265708));
#3142=CARTESIAN_POINT('',(3.5400390625277E-6,0.000599365013371689,-0.0188876737658676));
#3143=CARTESIAN_POINT('',(3.54003906246704E-6,0.000315296940799229,-0.0184652150888086));
#3144=CARTESIAN_POINT('',(3.54003906241727E-6,0.000163107211997599,-0.0182618519755237));
#3145=CARTESIAN_POINT('',(3.54003906254525E-6,-8.08610118424583E-5,-0.0179708993308373));
#3146=CARTESIAN_POINT('',(3.54003906262559E-6,-0.000248815757659756,-0.0177814062081584));
#3147=CARTESIAN_POINT('',(3.54003906219302E-6,-0.000428190151637517,-0.0175998516517497));
#3148=CARTESIAN_POINT('',(3.54003906250347E-6,-0.000521380239732478,-0.0175066616139709));
#3149=CARTESIAN_POINT('',(6.97157118055296E-6,0.00168353949652778,-0.0229852813742384));
#3150=CARTESIAN_POINT('',(6.97157118054651E-6,0.00168353953210144,-0.0228534910168593));
#3151=CARTESIAN_POINT('',(6.97157118056311E-6,0.0016819998772319,-0.0226004114274237));
#3152=CARTESIAN_POINT('',(6.97157118055986E-6,0.00166691893292656,-0.022350183828554));
#3153=CARTESIAN_POINT('',(6.97157118055483E-6,0.00163408319296369,-0.0219759841894798));
#3154=CARTESIAN_POINT('',(6.97157118055703E-6,0.00159843418555972,-0.0217277811442646));
#3155=CARTESIAN_POINT('',(6.97157118055925E-6,0.00150153856570067,-0.0212327266727016));
#3156=CARTESIAN_POINT('',(6.97157118055704E-6,0.00137910110722609,-0.0207391274059286));
#3157=CARTESIAN_POINT('',(6.97157118056041E-6,0.00112764048379786,-0.0200325110103317));
#3158=CARTESIAN_POINT('',(6.97157118054488E-6,0.000806263241495108,-0.0193562644762627));
#3159=CARTESIAN_POINT('',(6.97157118058791E-6,0.000544711352273785,-0.0189218069351672));
#3160=CARTESIAN_POINT('',(6.97157118051789E-6,0.000263069767141508,-0.0185029522595538));
#3161=CARTESIAN_POINT('',(6.97157118045978E-6,0.000112245843407154,-0.018301424092424));
#3162=CARTESIAN_POINT('',(6.97157118060731E-6,-0.000129449845426423,-0.0180131805257866));
#3163=CARTESIAN_POINT('',(6.9715711807003E-6,-0.000295837864360975,-0.0178254566978744));
#3164=CARTESIAN_POINT('',(6.9715711802037E-6,-0.000473727040624985,-0.0176453885202842));
#3165=CARTESIAN_POINT('',(6.97157118055903E-6,-0.000566917118490531,-0.017552198492729));
#3166=CARTESIAN_POINT('',(2.56076388888863E-5,0.00148741319444444,-0.0229852813742384));
#3167=CARTESIAN_POINT('',(2.56076388888716E-5,0.00148741323000539,-0.0228534910609036));
#3168=CARTESIAN_POINT('',(2.56076388888999E-5,0.00148587607610797,-0.0226068102073547));
#3169=CARTESIAN_POINT('',(2.56076388888944E-5,0.00147123111903054,-0.0223637612865958));
#3170=CARTESIAN_POINT('',(2.56076388888858E-5,0.00143933333430246,-0.022000274889826));
#3171=CARTESIAN_POINT('',(2.56076388888895E-5,0.00140468936270919,-0.021758940947472));
#3172=CARTESIAN_POINT('',(2.56076388888934E-5,0.00131032626743484,-0.0212768670712026));
#3173=CARTESIAN_POINT('',(2.56076388888897E-5,0.00119094334658945,-0.0207955707995047));
#3174=CARTESIAN_POINT('',(2.56076388888951E-5,0.000946127654664344,-0.0201077067400493));
#3175=CARTESIAN_POINT('',(2.56076388888734E-5,0.000633299499800418,-0.0194493871520462));
#3176=CARTESIAN_POINT('',(2.56076388889321E-5,0.000378264018770057,-0.0190257592578445));
#3177=CARTESIAN_POINT('',(2.56076388888403E-5,0.000104012283761001,-0.0186178805428257));
#3178=CARTESIAN_POINT('',(2.56076388887628E-5,-4.26520904213684E-5,-0.0184219406910713));
#3179=CARTESIAN_POINT('',(2.56076388889557E-5,-0.000277426790166132,-0.0181419476022328));
#3180=CARTESIAN_POINT('',(2.5607638889078E-5,-0.000439043353598476,-0.0179596121488628));
#3181=CARTESIAN_POINT('',(2.5607638888433E-5,-0.00061240930995075,-0.0177840707273208));
#3182=CARTESIAN_POINT('',(2.56076388888923E-5,-0.000705599356662698,-0.0176908807309012));
#3183=CARTESIAN_POINT('',(4.94791666666641E-5,0.00135243055555556,-0.0229852813742384));
#3184=CARTESIAN_POINT('',(4.94791666666421E-5,0.00135243059110774,-0.0228534910912168));
#3185=CARTESIAN_POINT('',(4.94791666666808E-5,0.00135089515848796,-0.0226112141256032));
#3186=CARTESIAN_POINT('',(4.94791666666732E-5,0.00133655026675576,-0.0223731058828913));
#3187=CARTESIAN_POINT('',(4.94791666666615E-5,0.0013052980235558,-0.0220169928047531));
#3188=CARTESIAN_POINT('',(4.94791666666666E-5,0.00127134576125633,-0.0217803864773144));
#3189=CARTESIAN_POINT('',(4.94791666666719E-5,0.00117872565938909,-0.0213072464104753));
#3190=CARTESIAN_POINT('',(4.9479166666667E-5,0.00106144500399915,-0.020834417594309));
#3191=CARTESIAN_POINT('',(4.94791666666732E-5,0.000821202642524875,-0.020159459707003));
#3192=CARTESIAN_POINT('',(4.94791666666499E-5,0.000514258340924516,-0.0195134782218524));
#3193=CARTESIAN_POINT('',(4.9479166666713E-5,0.000263707735019772,-0.0190973037609762));
#3194=CARTESIAN_POINT('',(4.94791666666147E-5,-5.45798419216521E-6,-0.0186969791787263));
#3195=CARTESIAN_POINT('',(4.94791666665316E-5,-0.000149259575722986,-0.0185048854483146));
#3196=CARTESIAN_POINT('',(4.94791666667378E-5,-0.000379270950197226,-0.0182305706966169));
#3197=CARTESIAN_POINT('',(4.94791666668688E-5,-0.000537603590727915,-0.0180519437566247));
#3198=CARTESIAN_POINT('',(4.94791666661802E-5,-0.000707856470692783,-0.0178795178451928));
#3199=CARTESIAN_POINT('',(4.94791666666701E-5,-0.000801046495963487,-0.0177863278702019));
#3200=CARTESIAN_POINT('',(0.000127604166666664,0.00108506944444444,-0.0229852813742384));
#3201=CARTESIAN_POINT('',(0.000127604166666629,0.00108506947997928,-0.0228534911512585));
#3202=CARTESIAN_POINT('',(0.000127604166666686,0.00108353745670685,-0.0226199369990471));
#3203=CARTESIAN_POINT('',(0.000127604166666675,0.00106978690662309,-0.0223916147938815));
#3204=CARTESIAN_POINT('',(0.000127604166666658,0.00103981329230197,-0.0220501061024865));
#3205=CARTESIAN_POINT('',(0.000127604166666665,0.00100723110371624,-0.0218228637968735));
#3206=CARTESIAN_POINT('',(0.000127604166666673,0.000918063361780791,-0.0213674189924429));
#3207=CARTESIAN_POINT('',(0.000127604166666666,0.000804946679125753,-0.0209113617280692));
#3208=CARTESIAN_POINT('',(0.000127604166666674,0.000573762747097501,-0.0202619671913872));
#3209=CARTESIAN_POINT('',(0.000127604166666649,0.000278472637170319,-0.0196404238778029));
#3210=CARTESIAN_POINT('',(0.000127604166666716,3.68052565947692E-5,-0.0192390124874364));
#3211=CARTESIAN_POINT('',(0.000127604166666611,-0.000222286553514191,-0.0188536504318284));
#3212=CARTESIAN_POINT('',(0.000127604166666523,-0.000360417810275382,-0.0186691747424043));
#3213=CARTESIAN_POINT('',(0.000127604166666742,-0.000580994431159138,-0.0184061071150753));
#3214=CARTESIAN_POINT('',(0.000127604166666882,-0.000732822581312278,-0.0182348256549568));
#3215=CARTESIAN_POINT('',(0.00012760416666615,-0.000896909367853838,-0.0180685706574408));
#3216=CARTESIAN_POINT('',(0.00012760416666667,-0.000990099350655724,-0.0179753807248942));
#3217=CARTESIAN_POINT('',(0.000181640624999998,0.000953125,-0.0229852813742384));
#3218=CARTESIAN_POINT('',(0.000181640624999956,0.000953125035526268,-0.0228534911808895));
#3219=CARTESIAN_POINT('',(0.000181640625000022,0.000951594694788903,-0.0226242417937337));
#3220=CARTESIAN_POINT('',(0.000181640625000009,0.000938137456168003,-0.022400749061643));
#3221=CARTESIAN_POINT('',(0.000181640624999989,0.000908794853501384,-0.0220664477299393));
#3222=CARTESIAN_POINT('',(0.000181640624999998,0.000876888805189971,-0.0218438266299027));
#3223=CARTESIAN_POINT('',(0.000181640625000007,0.000789424825298773,-0.021397114552375));
#3224=CARTESIAN_POINT('',(0.000181640624999999,0.000678363090227193,-0.0209493341577171));
#3225=CARTESIAN_POINT('',(0.000181640625000007,0.000451649551951524,-0.0203125553005638));
#3226=CARTESIAN_POINT('',(0.000181640624999982,0.000162110861291625,-0.019703072383337));
#3227=CARTESIAN_POINT('',(0.000181640625000049,-7.51725899006876E-5,-0.019308946664131));
#3228=CARTESIAN_POINT('',(0.000181640624999945,-0.000329292860452333,-0.0189309687125801));
#3229=CARTESIAN_POINT('',(0.000181640624999856,-0.000464625770184356,-0.0187502525758512));
#3230=CARTESIAN_POINT('',(0.000181640625000075,-0.000680546278906575,-0.0184927354774314));
#3231=CARTESIAN_POINT('',(0.000181640625000214,-0.000829164420821446,-0.0183250790593285));
#3232=CARTESIAN_POINT('',(0.000181640624999485,-0.000990208200219028,-0.0181618694479009));
#3233=CARTESIAN_POINT('',(0.000181640625000003,-0.00108339816206228,-0.0180686795363007));
#3234=CARTESIAN_POINT('',(0.000319335937499998,0.000708984375,-0.0229852813742384));
#3235=CARTESIAN_POINT('',(0.000319335937499949,0.000708984410510426,-0.0228534912357166));
#3236=CARTESIAN_POINT('',(0.000319335937500026,0.000707457183016381,-0.0226322070799548));
#3237=CARTESIAN_POINT('',(0.00031933593750001,0.000694542667085813,-0.022417650461695));
#3238=CARTESIAN_POINT('',(0.000319335937499987,0.000666367643549634,-0.0220966851162624));
#3239=CARTESIAN_POINT('',(0.000319335937499997,0.00063571267716027,-0.0218826147666755));
#3240=CARTESIAN_POINT('',(0.000319335937500007,0.000551401217498987,-0.0214520611065257));
#3241=CARTESIAN_POINT('',(0.000319335937499999,0.000444141811426403,-0.0210195956434966));
#3242=CARTESIAN_POINT('',(0.000319335937500006,0.000225699972117274,-0.0204061599433658));
#3243=CARTESIAN_POINT('',(0.000319335937499983,-5.31967009839193E-5,-0.019818992726636));
#3244=CARTESIAN_POINT('',(0.000319335937500047,-0.000282368440735208,-0.0194383478956795));
#3245=CARTESIAN_POINT('',(0.000319335937499948,-0.000527289727730968,-0.0190740329656157));
#3246=CARTESIAN_POINT('',(0.000319335937499864,-0.000657444774950139,-0.0189002732380678));
#3247=CARTESIAN_POINT('',(0.000319335937500071,-0.000864749944557672,-0.0186530264439619));
#3248=CARTESIAN_POINT('',(0.000319335937500202,-0.00100742851530798,-0.018492077546036));
#3249=CARTESIAN_POINT('',(0.000319335937499514,-0.00116284173050002,-0.0183345029006436));
#3250=CARTESIAN_POINT('',(0.000319335937500003,-0.00125603165356291,-0.0182413130278014));
#3251=CARTESIAN_POINT('',(0.000402777777777776,0.000597222222222222,-0.0229852813742384));
#3252=CARTESIAN_POINT('',(0.000402777777777725,0.000597222257725397,-0.0228534912608153));
#3253=CARTESIAN_POINT('',(0.000402777777777804,0.000595696455404959,-0.0226358534109804));
#3254=CARTESIAN_POINT('',(0.000402777777777788,0.000583030385861522,-0.0224253875470521));
#3255=CARTESIAN_POINT('',(0.000402777777777764,0.000555389854105056,-0.0221105271197792));
#3256=CARTESIAN_POINT('',(0.000402777777777774,0.000525307605217786,-0.0219003711137314));
#3257=CARTESIAN_POINT('',(0.000402777777777785,0.000442439299261752,-0.0214772144179814));
#3258=CARTESIAN_POINT('',(0.000402777777777777,0.000336920514908708,-0.02105175979032));
#3259=CARTESIAN_POINT('',(0.000402777777777783,0.000122265275570928,-0.0204490100687375));
#3260=CARTESIAN_POINT('',(0.000402777777777762,-0.000151759718381169,-0.0198720584837906));
#3261=CARTESIAN_POINT('',(0.000402777777777821,-0.00037721809689501,-0.0194975849038994));
#3262=CARTESIAN_POINT('',(0.000402777777777729,-0.000617928293640744,-0.0191395246014498));
#3263=CARTESIAN_POINT('',(0.000402777777777651,-0.000745713030465143,-0.0189689493634381));
#3264=CARTESIAN_POINT('',(0.000402777777777845,-0.000949074289277951,-0.0187264040864182));
#3265=CARTESIAN_POINT('',(0.000402777777777967,-0.00108903385633959,-0.0185685257421732));
#3266=CARTESIAN_POINT('',(0.000402777777777321,-0.00124186952436199,-0.0184135306590103));
#3267=CARTESIAN_POINT('',(0.000402777777777781,-0.00133505942967208,-0.0183203408039105));
#3268=CARTESIAN_POINT('',(0.000597222222222221,0.000402777777777778,-0.0229852813742384));
#3269=CARTESIAN_POINT('',(0.00059722222222217,0.000402777813268336,-0.0228534913044821));
#3270=CARTESIAN_POINT('',(0.000597222222222249,0.000401254490473244,-0.0226421973189396));
#3271=CARTESIAN_POINT('',(0.000597222222222233,0.000389020669401395,-0.0224388485732269));
#3272=CARTESIAN_POINT('',(0.000597222222222208,0.000362310049556818,-0.0221346095181307));
#3273=CARTESIAN_POINT('',(0.000597222222222218,0.000333224217915909,-0.0219312637097745));
#3274=CARTESIAN_POINT('',(0.000597222222222229,0.000252866719182989,-0.021520976295776));
#3275=CARTESIAN_POINT('',(0.000597222222222222,0.000150376278637146,-0.0211077191603275));
#3276=CARTESIAN_POINT('',(0.000597222222222227,-5.76910120126172E-5,-0.0205235609664714));
#3277=CARTESIAN_POINT('',(0.000597222222222208,-0.000323240230202402,-0.0199643825972092));
#3278=CARTESIAN_POINT('',(0.00059722222222226,-0.000542238081204103,-0.0196006457958705));
#3279=CARTESIAN_POINT('',(0.00059722222222218,-0.000775621798602218,-0.0192534673309786));
#3280=CARTESIAN_POINT('',(0.000597222222222112,-0.000899282655594161,-0.0190884324864124));
#3281=CARTESIAN_POINT('',(0.000597222222222281,-0.00109578227543207,-0.0188540669362061));
#3282=CARTESIAN_POINT('',(0.000597222222222388,-0.00123101130403731,-0.0187015307591421));
#3283=CARTESIAN_POINT('',(0.000597222222221823,-0.00137936254047912,-0.0185510236133725));
#3284=CARTESIAN_POINT('',(0.000597222222222225,-0.0014725524149028,-0.0184578337891412));
#3285=CARTESIAN_POINT('',(0.000708984374999998,0.0003193359375,-0.0229852813742384));
#3286=CARTESIAN_POINT('',(0.000708984374999949,0.000319335973008232,-0.0228534913232208));
#3287=CARTESIAN_POINT('',(0.000708984375000026,0.000317813714217567,-0.0226449196767635));
#3288=CARTESIAN_POINT('',(0.00070898437500001,0.000305765383707286,-0.022444625096178));
#3289=CARTESIAN_POINT('',(0.000708984374999986,0.000279453816473347,-0.0221449439848341));
#3290=CARTESIAN_POINT('',(0.000708984374999995,0.000250795576827268,-0.0219445206329648));
#3291=CARTESIAN_POINT('',(0.000708984375000006,0.00017151553944813,-0.0215397558069502));
#3292=CARTESIAN_POINT('',(0.000708984375,7.0324650461517E-5,-0.0211317329748005));
#3293=CARTESIAN_POINT('',(0.000708984375000003,-0.000134915557298701,-0.0205555529532782));
#3294=CARTESIAN_POINT('',(0.000708984374999987,-0.000396827570374818,-0.0200040015945403));
#3295=CARTESIAN_POINT('',(0.000708984375000036,-0.000613053018668792,-0.0196448722612325));
#3296=CARTESIAN_POINT('',(0.00070898437499996,-0.000843292727905981,-0.0193023635134588));
#3297=CARTESIAN_POINT('',(0.000708984374999896,-0.000965183906551593,-0.0191397062149608));
#3298=CARTESIAN_POINT('',(0.000708984375000055,-0.00115873899493919,-0.0189088508265472));
#3299=CARTESIAN_POINT('',(0.000708984375000156,-0.00129193801011546,-0.0187586071308282));
#3300=CARTESIAN_POINT('',(0.000708984374999622,-0.00143836484481217,-0.0186100258912046));
#3301=CARTESIAN_POINT('',(0.000708984375000002,-0.0015315547059979,-0.0185168360802363));
#3302=CARTESIAN_POINT('',(0.000953124999999999,0.000181640625,-0.0229852813742384));
#3303=CARTESIAN_POINT('',(0.000953124999999952,0.000181640660383847,-0.0228534913541433));
#3304=CARTESIAN_POINT('',(0.000953125000000024,0.000180120157627209,-0.0226494120981922));
#3305=CARTESIAN_POINT('',(0.00095312500000001,0.000168377922681694,-0.0224541574858073));
#3306=CARTESIAN_POINT('',(0.000953124999999987,0.000142724870027035,-0.0221619978707203));
#3307=CARTESIAN_POINT('',(0.000953124999999994,0.000114772240606523,-0.0219663971421046));
#3308=CARTESIAN_POINT('',(0.000953125000000004,3.72702246610445E-5,-0.0215707456634912));
#3309=CARTESIAN_POINT('',(0.000953125,-6.17761507879989E-5,-0.0211713604527804));
#3310=CARTESIAN_POINT('',(0.000953125000000002,-0.000262351120322663,-0.0206083459718175));
#3311=CARTESIAN_POINT('',(0.000953124999999987,-0.000518261035502577,-0.0200693806681649));
#3312=CARTESIAN_POINT('',(0.000953125000000034,-0.00072991147853101,-0.0197178545558174));
#3313=CARTESIAN_POINT('',(0.000953124999999963,-0.000954962961059583,-0.0193830517521794));
#3314=CARTESIAN_POINT('',(0.000953124999999902,-0.0010739338252632,-0.0192243178684746));
#3315=CARTESIAN_POINT('',(0.000953125000000052,-0.00126262986235456,-0.0189992549316586));
#3316=CARTESIAN_POINT('',(0.000953125000000148,-0.00139247895937098,-0.0188527942772964));
#3317=CARTESIAN_POINT('',(0.000953124999999643,-0.00153573015597227,-0.018707391158633));
#3318=CARTESIAN_POINT('',(0.000953125000000002,-0.00162891999520425,-0.0186142013694427));
#3319=CARTESIAN_POINT('',(0.00108506944444444,0.000127604166666666,-0.0229852813742384));
#3320=CARTESIAN_POINT('',(0.0010850694444444,0.000127604201954646,-0.0228534913662783));
#3321=CARTESIAN_POINT('',(0.00108506944444447,0.000126084388394366,-0.0226511750815425));
#3322=CARTESIAN_POINT('',(0.00108506944444445,0.000114462276044913,-0.0224578983290189));
#3323=CARTESIAN_POINT('',(0.00108506944444443,8.90676475308934E-5,-0.0221686904122265));
#3324=CARTESIAN_POINT('',(0.00108506944444444,6.13919242596869E-5,-0.0219749822497103));
#3325=CARTESIAN_POINT('',(0.00108506944444445,-1.5412333855713E-5,-0.0215829071674766));
#3326=CARTESIAN_POINT('',(0.00108506944444444,-0.00011361712716727,-0.0211869116616331));
#3327=CARTESIAN_POINT('',(0.00108506944444445,-0.000312361293990599,-0.0206290637994235));
#3328=CARTESIAN_POINT('',(0.00108506944444443,-0.00056591577595638,-0.0200950377041516));
#3329=CARTESIAN_POINT('',(0.00108506944444448,-0.000775770826842289,-0.0197464953617266));
#3330=CARTESIAN_POINT('',(0.00108506944444441,-0.000998786267690682,-0.0194147166401914));
#3331=CARTESIAN_POINT('',(0.00108506944444435,-0.00111661109833698,-0.0192575224417309));
#3332=CARTESIAN_POINT('',(0.0010850694444445,-0.00130340027367586,-0.0190347326655745));
#3333=CARTESIAN_POINT('',(0.00108506944444459,-0.00143193474558942,-0.0188897566089931));
#3334=CARTESIAN_POINT('',(0.00108506944444409,-0.00157393971073976,-0.0187456006962387));
#3335=CARTESIAN_POINT('',(0.00108506944444445,-0.00166712954132306,-0.0186524109155615));
#3336=CARTESIAN_POINT('',(0.00135243055555556,4.94791666666665E-5,-0.0229852813742384));
#3337=CARTESIAN_POINT('',(0.00135243055555551,4.94792001024618E-5,-0.0228534913838229));
#3338=CARTESIAN_POINT('',(0.00135243055555558,4.79603854166209E-5,-0.0226537239731333));
#3339=CARTESIAN_POINT('',(0.00135243055555557,3.65119438068029E-5,-0.0224633067770355));
#3340=CARTESIAN_POINT('',(0.00135243055555555,1.14909398099516E-5,-0.0221783663758498));
#3341=CARTESIAN_POINT('',(0.00135243055555555,-1.57844369017138E-5,-0.0219873944534769));
#3342=CARTESIAN_POINT('',(0.00135243055555556,-9.15798881597483E-5,-0.0216004900648055));
#3343=CARTESIAN_POINT('',(0.00135243055555556,-0.000188567936477448,-0.0212093953370871));
#3344=CARTESIAN_POINT('',(0.00135243055555556,-0.000384665159496668,-0.0206590172851032));
#3345=CARTESIAN_POINT('',(0.00135243055555554,-0.000634814195954194,-0.0201321322140705));
#3346=CARTESIAN_POINT('',(0.00135243055555559,-0.000842073498974104,-0.019787903755686));
#3347=CARTESIAN_POINT('',(0.00135243055555552,-0.00106214526535508,-0.019460497201299));
#3348=CARTESIAN_POINT('',(0.00135243055555546,-0.00117831318024127,-0.0193055290540195));
#3349=CARTESIAN_POINT('',(0.0013524305555556,-0.00136234544649459,-0.0190860257746747));
#3350=CARTESIAN_POINT('',(0.00135243055555569,-0.00148897925526686,-0.0189431961241813));
#3351=CARTESIAN_POINT('',(0.00135243055555523,-0.0016291824417358,-0.0188008434024225));
#3352=CARTESIAN_POINT('',(0.00135243055555556,-0.00172237225860326,-0.0187076536328417));
#3353=CARTESIAN_POINT('',(0.00148741319444444,2.56076388888887E-5,-0.0229852813742384));
#3354=CARTESIAN_POINT('',(0.0014874131944444,2.56076706145586E-5,-0.0228534913891838));
#3355=CARTESIAN_POINT('',(0.00148741319444447,2.40891627735579E-5,-0.0226545028011193));
#3356=CARTESIAN_POINT('',(0.00148741319444446,1.26937869001758E-5,-0.022464959358374));
#3357=CARTESIAN_POINT('',(0.00148741319444444,-1.22130545481491E-5,-0.0221813229202902));
#3358=CARTESIAN_POINT('',(0.00148741319444444,-3.93661029310104E-5,-0.0219911870712941));
#3359=CARTESIAN_POINT('',(0.00148741319444445,-0.000114853307411557,-0.0216058626167675));
#3360=CARTESIAN_POINT('',(0.00148741319444444,-0.000211469572713738,-0.0212162653490342));
#3361=CARTESIAN_POINT('',(0.00148741319444444,-0.000406758007264859,-0.0206681697390504));
#3362=CARTESIAN_POINT('',(0.00148741319444444,-0.000655866490996664,-0.0201434666476959));
#3363=CARTESIAN_POINT('',(0.00148741319444447,-0.00086233264870839,-0.0198005563204226));
#3364=CARTESIAN_POINT('',(0.00148741319444441,-0.00108150495916963,-0.0194744857061662));
#3365=CARTESIAN_POINT('',(0.00148741319444436,-0.00119716659439139,-0.0193201977413427));
#3366=CARTESIAN_POINT('',(0.00148741319444449,-0.00138035647140507,-0.0191016986690045));
#3367=CARTESIAN_POINT('',(0.00148741319444457,-0.00150640952176693,-0.0189595248645874));
#3368=CARTESIAN_POINT('',(0.00148741319444414,-0.00164606216590479,-0.0188177231190099));
#3369=CARTESIAN_POINT('',(0.00148741319444444,-0.00173925197777221,-0.0187245333520106));
#3370=CARTESIAN_POINT('',(0.00168353949652778,6.97157118055544E-6,-0.0229852813742384));
#3371=CARTESIAN_POINT('',(0.00168353949652775,6.97159589178997E-6,-0.0228534913933689));
#3372=CARTESIAN_POINT('',(0.00168353949652779,5.45333570572751E-6,-0.0226551108179675));
#3373=CARTESIAN_POINT('',(0.00168353949652779,-5.90061431481636E-6,-0.0224662494985781));
#3374=CARTESIAN_POINT('',(0.00168353949652778,-3.07183336110297E-5,-0.0221836310407793));
#3375=CARTESIAN_POINT('',(0.00168353949652778,-5.77758814325468E-5,-0.0219941478990652));
#3376=CARTESIAN_POINT('',(0.00168353949652778,-0.000133022442078338,-0.0216100568704034));
#3377=CARTESIAN_POINT('',(0.00168353949652778,-0.000229348464018816,-0.021221628642466));
#3378=CARTESIAN_POINT('',(0.00168353949652778,-0.000424005491703615,-0.0206753148933867));
#3379=CARTESIAN_POINT('',(0.00168353949652777,-0.000672301635181445,-0.020152315234141));
#3380=CARTESIAN_POINT('',(0.0016835394965278,-0.000878148598141964,-0.0198104339472471));
#3381=CARTESIAN_POINT('',(0.00168353949652776,-0.00109661872055203,-0.0194854062779982));
#3382=CARTESIAN_POINT('',(0.00168353949652772,-0.00121188511319511,-0.0193316493199989));
#3383=CARTESIAN_POINT('',(0.00168353949652781,-0.00139441735049647,-0.0191139342120628));
#3384=CARTESIAN_POINT('',(0.00168353949652787,-0.0015200170121931,-0.0189722724136199));
#3385=CARTESIAN_POINT('',(0.00168353949652757,-0.00165923986367548,-0.0188309008108618));
#3386=CARTESIAN_POINT('',(0.00168353949652778,-0.00175242966762342,-0.0187377110418619));
#3387=CARTESIAN_POINT('',(0.00174793836805556,3.5400390624999E-6,-0.0229852813742384));
#3388=CARTESIAN_POINT('',(0.00174793836805553,3.54006066806793E-6,-0.0228534913941395));
#3389=CARTESIAN_POINT('',(0.00174793836805557,2.02184867308895E-6,-0.0226552227744904));
#3390=CARTESIAN_POINT('',(0.00174793836805557,-9.32447395491162E-6,-0.0224664870571455));
#3391=CARTESIAN_POINT('',(0.00174793836805555,-3.41257836304715E-5,-0.0221840560440425));
#3392=CARTESIAN_POINT('',(0.00174793836805555,-6.11657462213661E-5,-0.0219946930878755));
#3393=CARTESIAN_POINT('',(0.00174793836805556,-0.000136367995798678,-0.021610829174749));
#3394=CARTESIAN_POINT('',(0.00174793836805556,-0.000232640574373203,-0.0212226162066904));
#3395=CARTESIAN_POINT('',(0.00174793836805556,-0.000427181338506982,-0.0206766305586154));
#3396=CARTESIAN_POINT('',(0.00174793836805555,-0.000675327902701623,-0.0201539445590725));
#3397=CARTESIAN_POINT('',(0.00174793836805557,-0.000881060850706889,-0.0198122527532172));
#3398=CARTESIAN_POINT('',(0.00174793836805554,-0.00109940167674725,-0.0194874171257837));
#3399=CARTESIAN_POINT('',(0.00174793836805551,-0.00121459529206636,-0.0193337579443889));
#3400=CARTESIAN_POINT('',(0.00174793836805558,-0.00139700643503377,-0.0191161871903291));
#3401=CARTESIAN_POINT('',(0.00174793836805563,-0.00152252261213814,-0.018974619669189));
#3402=CARTESIAN_POINT('',(0.00174793836805538,-0.00166166632604704,-0.0188333272721436));
#3403=CARTESIAN_POINT('',(0.00174793836805556,-0.00175485612725396,-0.0187401375014924));
#3404=CARTESIAN_POINT('',(0.00187492540147569,5.08626302082795E-8,-0.0229852813742384));
#3405=CARTESIAN_POINT('',(0.00187492540147568,5.08755736438459E-8,-0.0228534913949231));
#3406=CARTESIAN_POINT('',(0.0018749254014757,-1.46727956387092E-6,-0.0226553366117059));
#3407=CARTESIAN_POINT('',(0.0018749254014757,-1.28058482245503E-5,-0.0224667286063214));
#3408=CARTESIAN_POINT('',(0.00187492540147569,-3.7590475021354E-5,-0.0221844881866884));
#3409=CARTESIAN_POINT('',(0.0018749254014757,-6.46125559510075E-5,-0.0219952474349938));
#3410=CARTESIAN_POINT('',(0.00187492540147569,-0.000139769748960267,-0.0216116144525885));
#3411=CARTESIAN_POINT('',(0.00187492540147569,-0.000235987987256517,-0.0212236203604461));
#3412=CARTESIAN_POINT('',(0.00187492540147569,-0.00043041053439369,-0.0206779683248893));
#3413=CARTESIAN_POINT('',(0.00187492540147569,-0.000678405006939051,-0.0201556012542752));
#3414=CARTESIAN_POINT('',(0.00187492540147571,-0.000884022024107565,-0.0198141021118462));
#3415=CARTESIAN_POINT('',(0.00187492540147568,-0.00110223138260961,-0.0194894617530385));
#3416=CARTESIAN_POINT('',(0.00187492540147567,-0.00121735099878791,-0.0193359019914652));
#3417=CARTESIAN_POINT('',(0.00187492540147571,-0.00139963901153281,-0.019118478014503));
#3418=CARTESIAN_POINT('',(0.00187492540147573,-0.00152507030053725,-0.018977006353277));
#3419=CARTESIAN_POINT('',(0.0018749254014756,-0.00166413355304238,-0.0188357944980307));
#3420=CARTESIAN_POINT('',(0.00187492540147569,-0.00175732334756999,-0.0187426047218084));
#3421=CARTESIAN_POINT('',(0.0019375,-2.71050543121376E-20,-0.0229852813742384));
#3422=CARTESIAN_POINT('',(0.00193749999999999,7.38841307950791E-12,-0.0228534913949345));
#3423=CARTESIAN_POINT('',(0.00193750000000001,-1.51813917125975E-6,-0.0226553382711405));
#3424=CARTESIAN_POINT('',(0.0019375,-1.28565963323843E-5,-0.0224667321274465));
#3425=CARTESIAN_POINT('',(0.0019375,-3.76409823032103E-5,-0.0221844944861437));
#3426=CARTESIAN_POINT('',(0.0019375,-6.46628015547901E-5,-0.0219952555158536));
#3427=CARTESIAN_POINT('',(0.0019375,-0.000139819336634782,-0.0216116258997892));
#3428=CARTESIAN_POINT('',(0.0019375,-0.000236036783638736,-0.0212236349982693));
#3429=CARTESIAN_POINT('',(0.0019375,-0.000430457607099846,-0.0206779878258056));
#3430=CARTESIAN_POINT('',(0.0019375,-0.000678449862890629,-0.0201556254045367));
#3431=CARTESIAN_POINT('',(0.0019375,-0.000884065189503122,-0.0198141290700267));
#3432=CARTESIAN_POINT('',(0.0019375,-0.00110227263236366,-0.0194894915585007));
#3433=CARTESIAN_POINT('',(0.00193749999999999,-0.00121739117055444,-0.0193359332469107));
#3434=CARTESIAN_POINT('',(0.00193750000000001,-0.00139967738672622,-0.0191185114078839));
#3435=CARTESIAN_POINT('',(0.00193750000000002,-0.00152510743721135,-0.0189770411429496));
#3436=CARTESIAN_POINT('',(0.00193749999999995,-0.00166416952228929,-0.0188358304672615));
#3437=CARTESIAN_POINT('',(0.0019375,-0.00175735931288072,-0.0187426406871191));
#3438=CARTESIAN_POINT('',(0.002,0.,-0.0229852813742384));
#3439=CARTESIAN_POINT('',(0.002,0.,-0.0228534913949345));
#3440=CARTESIAN_POINT('',(0.002,-1.51813601343169E-6,-0.0226553382711405));
#3441=CARTESIAN_POINT('',(0.002,-1.28565952596275E-5,-0.0224667321274467));
#3442=CARTESIAN_POINT('',(0.002,-3.76409844487241E-5,-0.0221844944861434));
#3443=CARTESIAN_POINT('',(0.002,-6.46628023223708E-5,-0.021995255515851));
#3444=CARTESIAN_POINT('',(0.002,-0.000139819335867201,-0.0216116258997918));
#3445=CARTESIAN_POINT('',(0.002,-0.000236036784014431,-0.0212236349982875));
#3446=CARTESIAN_POINT('',(0.002,-0.000430457606936282,-0.0206779878257379));
#3447=CARTESIAN_POINT('',(0.002,-0.000678449863169188,-0.0201556254047895));
#3448=CARTESIAN_POINT('',(0.002,-0.000884065188962192,-0.019814129069482));
#3449=CARTESIAN_POINT('',(0.002,-0.00110227263290459,-0.0194894915590453));
#3450=CARTESIAN_POINT('',(0.002,-0.00121739117207141,-0.019335933248428));
#3451=CARTESIAN_POINT('',(0.002,-0.00139967738596774,-0.0191185114071252));
#3452=CARTESIAN_POINT('',(0.002,-0.00152510743497832,-0.0189770411407166));
#3453=CARTESIAN_POINT('',(0.002,-0.00166416952751384,-0.018835830472486));
#3454=CARTESIAN_POINT('',(0.002,-0.00175735931288072,-0.0187426406871191));
#3455=CARTESIAN_POINT('',(0.002,0.,-0.0229852813742384));
#3456=CARTESIAN_POINT('',(0.00175,0.,-0.0229852813742385));
#3457=CARTESIAN_POINT('',(0.00121354166666667,2.60416666666667E-5,-0.0229852813742385));
#3458=CARTESIAN_POINT('',(0.000440104166666667,0.000440104166666667,-0.0229852813742385));
#3459=CARTESIAN_POINT('',(2.60416666666679E-5,0.00121354166666667,-0.0229852813742384));
#3460=CARTESIAN_POINT('',(1.7347234759768E-18,0.00175,-0.0229852813742385));
#3461=CARTESIAN_POINT('',(1.7347234759768E-18,0.002,-0.0229852813742384));
#3462=CARTESIAN_POINT('',(0.023,-0.0124852813742386,-0.0104999999999999));
#3463=CARTESIAN_POINT('',(0.023,-0.019,-0.0104999999999999));
#3464=CARTESIAN_POINT('',(0.0233,-0.0124852813742386,-0.0104999999999999));
#3465=CARTESIAN_POINT('',(0.0233,-0.019,-0.0104999999999999));
#3466=CARTESIAN_POINT('',(0.0236,-0.0124852813742386,-0.0104999999999971));
#3467=CARTESIAN_POINT('',(0.0236,-0.019,-0.0104999999999971));
#3468=CARTESIAN_POINT('',(0.0243333333333333,-0.0124852813742386,-0.0103000000000027));
#3469=CARTESIAN_POINT('',(0.0243333333333333,-0.019,-0.0103000000000027));
#3470=CARTESIAN_POINT('',(0.0248,-0.0124852813742386,-0.00983333333333886));
#3471=CARTESIAN_POINT('',(0.0248,-0.019,-0.00983333333333886));
#3472=CARTESIAN_POINT('',(0.025,-0.0124852813742386,-0.00909999999999987));
#3473=CARTESIAN_POINT('',(0.025,-0.019,-0.00909999999999987));
#3474=CARTESIAN_POINT('',(0.025,-0.0124852813742386,-0.00879999999999987));
#3475=CARTESIAN_POINT('',(0.025,-0.019,-0.00879999999999987));
#3476=CARTESIAN_POINT('',(0.025,-0.0124852813742386,-0.00849999999999987));
#3477=CARTESIAN_POINT('',(0.025,-0.019,-0.00849999999999987));
#3478=CARTESIAN_POINT('',(0.023,-0.0124852813742386,-0.0104999999999999));
#3479=CARTESIAN_POINT('',(0.02325,-0.0124852813742386,-0.0104999999999999));
#3480=CARTESIAN_POINT('',(0.0237864583333333,-0.0124852813742386,-0.0104739583333312));
#3481=CARTESIAN_POINT('',(0.0245598958333333,-0.0124852813742386,-0.0100598958333376));
#3482=CARTESIAN_POINT('',(0.0249739583333333,-0.0124852813742386,-0.00928645833333456));
#3483=CARTESIAN_POINT('',(0.025,-0.0124852813742386,-0.00874999999999987));
#3484=CARTESIAN_POINT('',(0.025,-0.0124852813742386,-0.00849999999999987));
#3485=CARTESIAN_POINT('',(0.023,0.035,0.0087100221165112));
#3486=CARTESIAN_POINT('',(0.023,0.035,-0.0265448062575802));
#3487=CARTESIAN_POINT('',(0.0233,0.035,0.0087100221165112));
#3488=CARTESIAN_POINT('',(0.0233,0.035,-0.0265448062575802));
#3489=CARTESIAN_POINT('',(0.0236,0.035,0.0087100221165112));
#3490=CARTESIAN_POINT('',(0.0236,0.035,-0.0265448062575802));
#3491=CARTESIAN_POINT('',(0.0243333333333333,0.0348,0.0087100221165112));
#3492=CARTESIAN_POINT('',(0.0243333333333333,0.0348,-0.0265448062575802));
#3493=CARTESIAN_POINT('',(0.0248,0.0343333333333333,0.0087100221165112));
#3494=CARTESIAN_POINT('',(0.0248,0.0343333333333333,-0.0265448062575802));
#3495=CARTESIAN_POINT('',(0.025,0.0336,0.0087100221165112));
#3496=CARTESIAN_POINT('',(0.025,0.0336,-0.0265448062575802));
#3497=CARTESIAN_POINT('',(0.025,0.0333,0.0087100221165112));
#3498=CARTESIAN_POINT('',(0.025,0.0333,-0.0265448062575802));
#3499=CARTESIAN_POINT('',(0.025,0.033,0.0087100221165112));
#3500=CARTESIAN_POINT('',(0.025,0.033,-0.0265448062575802));
#3501=CARTESIAN_POINT('',(0.022999999996483,0.035,0.00849999999744001));
#3502=CARTESIAN_POINT('',(0.023254076224323,0.0350000000000001,0.00849999999744));
#3503=CARTESIAN_POINT('',(0.0236652011434946,0.0349772281699095,0.00849915200607748));
#3504=CARTESIAN_POINT('',(0.0241125122039656,0.0347912302208756,0.00850144719892987));
#3505=CARTESIAN_POINT('',(0.0243409235082467,0.0346422014694376,0.00850011220612163));
#3506=CARTESIAN_POINT('',(0.0245337687593244,0.0344829876267185,0.00849990754764278));
#3507=CARTESIAN_POINT('',(0.0247332921314736,0.0342146770413778,0.00850108794790899));
#3508=CARTESIAN_POINT('',(0.0248226778785985,0.0340303195021474,0.00850069561224627));
#3509=CARTESIAN_POINT('',(0.0248858706227382,0.0338672505903556,0.00850022669082192));
#3510=CARTESIAN_POINT('',(0.0249172534793967,0.0337618878879638,0.00850004597936338));
#3511=CARTESIAN_POINT('',(0.0249339111670459,0.033703317614899,0.00849999511972952));
#3512=CARTESIAN_POINT('',(0.0249693950302988,0.0335338216127117,0.00849994527864223));
#3513=CARTESIAN_POINT('',(0.0249845426446463,0.0334123019418517,0.00849956741292498));
#3514=CARTESIAN_POINT('',(0.024991869582254,0.0333222823152131,0.00849890965074136));
#3515=CARTESIAN_POINT('',(0.0249943235119934,0.0332855495873245,0.00849849571136366));
#3516=CARTESIAN_POINT('',(0.0249989828138456,0.0331826162295637,0.00849703235002592));
#3517=CARTESIAN_POINT('',(0.0249999002084613,0.0330862327089279,0.00849594524758815));
#3518=CARTESIAN_POINT('',(0.0249999999999962,0.0330253962389165,0.00849747237463707));
#3519=CARTESIAN_POINT('',(0.025,0.0330000129255427,0.00850012378098642));
#3520=CARTESIAN_POINT('',(0.025,0.0330000452221305,-0.0263283347337818));
#3521=CARTESIAN_POINT('',(0.024999999999979,0.0330115951193384,-0.02632630536855));
#3522=CARTESIAN_POINT('',(0.0250006898914606,0.0330541550963019,-0.0263250265946641));
#3523=CARTESIAN_POINT('',(0.0249976957091741,0.0332393695950868,-0.0263273391887295));
#3524=CARTESIAN_POINT('',(0.0249895021609924,0.0333562471728266,-0.026327930170679));
#3525=CARTESIAN_POINT('',(0.0249824725068227,0.0334277352262669,-0.0263281058717588));
#3526=CARTESIAN_POINT('',(0.0249647087987915,0.0335598457091879,-0.0263281437632371));
#3527=CARTESIAN_POINT('',(0.0249272524385202,0.0337394551015417,-0.0263282502516548));
#3528=CARTESIAN_POINT('',(0.0248790027698806,0.0338823115192398,-0.0263283634759062));
#3529=CARTESIAN_POINT('',(0.0248772894281665,0.0338878234962118,-0.026328285907822));
#3530=CARTESIAN_POINT('',(0.0248299101561423,0.0340133330661213,-0.0263287557386295));
#3531=CARTESIAN_POINT('',(0.0247555215886293,0.0341668875923328,-0.0263288987680381));
#3532=CARTESIAN_POINT('',(0.0246324780268123,0.0343594511719188,-0.026328376411501));
#3533=CARTESIAN_POINT('',(0.0244653414198052,0.0345395879240529,-0.0263278494391082));
#3534=CARTESIAN_POINT('',(0.0243486401598979,0.0346357640564513,-0.0263278930709515));
#3535=CARTESIAN_POINT('',(0.0241739593736628,0.0347517699551839,-0.0263281729006928));
#3536=CARTESIAN_POINT('',(0.0239897314391588,0.0348426116856575,-0.0263294449714256));
#3537=CARTESIAN_POINT('',(0.0238077174171063,0.0349041681766489,-0.0263277246365914));
#3538=CARTESIAN_POINT('',(0.0237711684137018,0.0349145903879273,-0.0263282318242777));
#3539=CARTESIAN_POINT('',(0.0236659458493593,0.0349428006673938,-0.0263332403368407));
#3540=CARTESIAN_POINT('',(0.0235839747028104,0.0349594732961292,-0.0263353016621015));
#3541=CARTESIAN_POINT('',(0.023476403600482,0.0349765385303252,-0.0263358421677404));
#3542=CARTESIAN_POINT('',(0.0233755126685689,0.0349886094542683,-0.026334911181076));
#3543=CARTESIAN_POINT('',(0.0232405510465302,0.034997144261989,-0.0263319926306604));
#3544=CARTESIAN_POINT('',(0.023081554827727,0.0350006648020974,-0.0263288366776591));
#3545=CARTESIAN_POINT('',(0.0230230023732209,0.035,-0.026328077364732));
#3546=CARTESIAN_POINT('',(0.0229999999974393,0.035,-0.026328077364732));
#3547=CARTESIAN_POINT('',(0.0018662395748749,0.033,-0.0283280773682492));
#3548=CARTESIAN_POINT('',(0.0231270536522998,0.033,-0.0283280773682492));
#3549=CARTESIAN_POINT('',(0.0018662395748749,0.0333,-0.0283280773682492));
#3550=CARTESIAN_POINT('',(0.0231270536522998,0.0333,-0.0283280773682492));
#3551=CARTESIAN_POINT('',(0.0018662395748749,0.0336,-0.0283280773682492));
#3552=CARTESIAN_POINT('',(0.0231270536522998,0.0336,-0.0283280773682492));
#3553=CARTESIAN_POINT('',(0.0018662395748749,0.0343333333333334,-0.0281280773682491));
#3554=CARTESIAN_POINT('',(0.0231270536522998,0.0343333333333334,-0.0281280773682491));
#3555=CARTESIAN_POINT('',(0.0018662395748749,0.0348,-0.0276614107015824));
#3556=CARTESIAN_POINT('',(0.0231270536522998,0.0348,-0.0276614107015824));
#3557=CARTESIAN_POINT('',(0.0018662395748749,0.035,-0.0269280773682491));
#3558=CARTESIAN_POINT('',(0.0231270536522998,0.035,-0.0269280773682491));
#3559=CARTESIAN_POINT('',(0.0018662395748749,0.035,-0.0266280773682492));
#3560=CARTESIAN_POINT('',(0.0231270536522998,0.035,-0.0266280773682492));
#3561=CARTESIAN_POINT('',(0.0018662395748749,0.035,-0.0263280773682492));
#3562=CARTESIAN_POINT('',(0.0231270536522998,0.035,-0.0263280773682492));
#3563=CARTESIAN_POINT('',(0.00199974263446687,0.0330000452221388,-0.0283280773682491));
#3564=CARTESIAN_POINT('',(0.00200177199969514,0.0330115951193259,-0.0283280773682281));
#3565=CARTESIAN_POINT('',(0.00200305077358938,0.033054155095418,-0.0283287672597415));
#3566=CARTESIAN_POINT('',(0.00200073817950929,0.0332393695966816,-0.0283257730773692));
#3567=CARTESIAN_POINT('',(0.00200014719756041,0.033356247174008,-0.0283175795291492));
#3568=CARTESIAN_POINT('',(0.00199997149648691,0.0334277352270429,-0.0283105498749557));
#3569=CARTESIAN_POINT('',(0.00199993360502735,0.0335598457050954,-0.0282927861676249));
#3570=CARTESIAN_POINT('',(0.00199982711662669,0.0337394550929351,-0.0282553298089287));
#3571=CARTESIAN_POINT('',(0.00199971389237925,0.0338823115101857,-0.0282070801413715));
#3572=CARTESIAN_POINT('',(0.00199979146042438,0.0338878234962919,-0.0282053667964021));
#3573=CARTESIAN_POINT('',(0.0019993216296274,0.0340133330672502,-0.0281579875239492));
#3574=CARTESIAN_POINT('',(0.00199917860022004,0.0341668875938684,-0.02808359895588));
#3575=CARTESIAN_POINT('',(0.00199970095674527,0.0343594511716016,-0.0279605553955143));
#3576=CARTESIAN_POINT('',(0.00200022792914644,0.0345395879277592,-0.0277934187841841));
#3577=CARTESIAN_POINT('',(0.00200018429730272,0.0346357640562511,-0.0276767175281224));
#3578=CARTESIAN_POINT('',(0.00199990446753461,0.0347517699552479,-0.0275020367418981));
#3579=CARTESIAN_POINT('',(0.00199863239683406,0.0348426116856371,-0.0273178088074257));
#3580=CARTESIAN_POINT('',(0.00200035273165213,0.0349041681766788,-0.0271357947852663));
#3581=CARTESIAN_POINT('',(0.00199984554397047,0.0349145903879283,-0.027099245781943));
#3582=CARTESIAN_POINT('',(0.00199483703140951,0.0349428006673723,-0.0269940232176952));
#3583=CARTESIAN_POINT('',(0.00199277570614827,0.0349594732961131,-0.0269120520711519));
#3584=CARTESIAN_POINT('',(0.00199223520050494,0.03497653853033,-0.0268044809687138));
#3585=CARTESIAN_POINT('',(0.00199316618716979,0.0349886094542728,-0.0267035900367396));
#3586=CARTESIAN_POINT('',(0.00199608473758764,0.034997144261982,-0.0265686284148966));
#3587=CARTESIAN_POINT('',(0.00199924069058944,0.0350006648020962,-0.0264096321962759));
#3588=CARTESIAN_POINT('',(0.00200000000351689,0.035,-0.0263510797416428));
#3589=CARTESIAN_POINT('',(0.00200000000351689,0.035,-0.0263280773656884));
#3590=CARTESIAN_POINT('',(0.0229999999974399,0.035,-0.0263280773647321));
#3591=CARTESIAN_POINT('',(0.0229999999974399,0.035,-0.0265821535925714));
#3592=CARTESIAN_POINT('',(0.0229991520060803,0.034977228169522,-0.0269932785124629));
#3593=CARTESIAN_POINT('',(0.0230014471989261,0.0347912302213564,-0.0274405895713768));
#3594=CARTESIAN_POINT('',(0.0230001122061239,0.0346422014690895,-0.0276690008770792));
#3595=CARTESIAN_POINT('',(0.0229999075476466,0.0344829876257835,-0.0278618461283365));
#3596=CARTESIAN_POINT('',(0.0230010879479017,0.0342146770430174,-0.0280613694985194));
#3597=CARTESIAN_POINT('',(0.0230006956122481,0.0340303195026479,-0.0281507552469106));
#3598=CARTESIAN_POINT('',(0.0230002266908114,0.0338672505835346,-0.0282139479934144));
#3599=CARTESIAN_POINT('',(0.0230000459793548,0.0337618878812247,-0.0282453308494692));
#3600=CARTESIAN_POINT('',(0.0229999951197245,0.0337033176148321,-0.0282619885352423));
#3601=CARTESIAN_POINT('',(0.0229999452786609,0.0335338216135742,-0.0282974723984053));
#3602=CARTESIAN_POINT('',(0.0229995674129463,0.0334123019428537,-0.0283126200127868));
#3603=CARTESIAN_POINT('',(0.0229989096507572,0.0333222823160326,-0.0283199469504534));
#3604=CARTESIAN_POINT('',(0.0229984957113611,0.0332855495870835,-0.0283224008802548));
#3605=CARTESIAN_POINT('',(0.022997032350024,0.0331826162302061,-0.0283270601820698));
#3606=CARTESIAN_POINT('',(0.0229959452475866,0.0330862327088488,-0.0283279775767248));
#3607=CARTESIAN_POINT('',(0.0229974723746324,0.0330253962389102,-0.0283280773682454));
#3608=CARTESIAN_POINT('',(0.0230001237809868,0.0330000129255402,-0.0283280773682492));
#3609=CARTESIAN_POINT('',(0.00200000000000001,0.00181353923102556,-0.0283280773682491));
#3610=CARTESIAN_POINT('',(0.00200000000000001,0.0331931035108989,-0.0283280773682491));
#3611=CARTESIAN_POINT('',(0.00170000000000001,0.00181353923102556,-0.0283280773682491));
#3612=CARTESIAN_POINT('',(0.00170000000000001,0.0331931035108989,-0.0283280773682491));
#3613=CARTESIAN_POINT('',(0.00140000000000001,0.00181353923102556,-0.0283280773682491));
#3614=CARTESIAN_POINT('',(0.00140000000000001,0.0331931035108989,-0.0283280773682491));
#3615=CARTESIAN_POINT('',(0.000666666666666684,0.00181353923102556,-0.028128077368249));
#3616=CARTESIAN_POINT('',(0.000666666666666684,0.0331931035108989,-0.028128077368249));
#3617=CARTESIAN_POINT('',(0.000200000000000008,0.00181353923102556,-0.0276614107015824));
#3618=CARTESIAN_POINT('',(0.000200000000000008,0.0331931035108989,-0.0276614107015824));
#3619=CARTESIAN_POINT('',(3.84726972502138E-18,0.00181353923102556,-0.0269280773682491));
#3620=CARTESIAN_POINT('',(3.84726972502138E-18,0.0331931035108989,-0.0269280773682491));
#3621=CARTESIAN_POINT('',(1.7347234759768E-18,0.00181353923102556,-0.0266280773682491));
#3622=CARTESIAN_POINT('',(1.7347234759768E-18,0.0331931035108989,-0.0266280773682491));
#3623=CARTESIAN_POINT('',(1.73472347597681E-18,0.00181353923102556,-0.0263280773682491));
#3624=CARTESIAN_POINT('',(1.73472347597681E-18,0.0331931035108989,-0.0263280773682491));
#3625=CARTESIAN_POINT('',(1.73553072454482E-18,0.0330000455800903,-0.026328078764919));
#3626=CARTESIAN_POINT('',(1.04245703489996E-16,0.0329982416761954,-0.0263871984747749));
#3627=CARTESIAN_POINT('',(-1.83340383961103E-6,0.032996340266958,-0.0265216558250754));
#3628=CARTESIAN_POINT('',(2.19346702623517E-5,0.0330009926282198,-0.0268463107205991));
#3629=CARTESIAN_POINT('',(8.66937984691727E-5,0.0330059936262189,-0.0271152950793063));
#3630=CARTESIAN_POINT('',(0.000136015314423773,0.0330072545830569,-0.0272563258701281));
#3631=CARTESIAN_POINT('',(0.000203350058909748,0.0330066174716725,-0.0274147645483813));
#3632=CARTESIAN_POINT('',(0.000300557738495392,0.0330040016359376,-0.0275891505866972));
#3633=CARTESIAN_POINT('',(0.00041057416293253,0.0330010852027232,-0.027733424108271));
#3634=CARTESIAN_POINT('',(0.000474970984798089,0.0330001683354276,-0.0278023667149212));
#3635=CARTESIAN_POINT('',(0.000487346099516533,0.0329999626709801,-0.0278164097425352));
#3636=CARTESIAN_POINT('',(0.000577557829311752,0.0329999801773251,-0.0279023711391819));
#3637=CARTESIAN_POINT('',(0.000679321168804534,0.0329999372809158,-0.0279832576921208));
#3638=CARTESIAN_POINT('',(0.000884376484497485,0.0329999167987948,-0.0281189385121324));
#3639=CARTESIAN_POINT('',(0.00115243023739949,0.0329999581113084,-0.0282263409337628));
#3640=CARTESIAN_POINT('',(0.00140094035015089,0.0329999831913129,-0.0282876441459106));
#3641=CARTESIAN_POINT('',(0.00165525613666604,0.0330002262923187,-0.0283231913912555));
#3642=CARTESIAN_POINT('',(0.00191398190217702,0.0329969612400892,-0.0283287722775545));
#3643=CARTESIAN_POINT('',(0.00197657391916815,0.0329985227843769,-0.0283280773682482));
#3644=CARTESIAN_POINT('',(0.00199999322003152,0.0330001004895371,-0.0283280773682491));
#3645=CARTESIAN_POINT('',(0.00199993332446526,0.00199966005436062,-0.028328077368249));
#3646=CARTESIAN_POINT('',(0.00174994604694457,0.00199965372304179,-0.0283280773672612));
#3647=CARTESIAN_POINT('',(0.00121350847750341,0.00199964106040414,-0.0283020200905186));
#3648=CARTESIAN_POINT('',(0.000440118344224116,0.00199962206644765,-0.0278879743912756));
#3649=CARTESIAN_POINT('',(2.60632411301278E-5,0.00199960307249117,-0.0271145916490713));
#3650=CARTESIAN_POINT('',(1.64365935170775E-12,0.00199959040985351,-0.0265781506483262));
#3651=CARTESIAN_POINT('',(1.90202489264798E-16,0.00199958407853469,-0.0263281633703685));
#3652=CARTESIAN_POINT('',(0.00200000000000001,0.,-0.0229852813742384));
#3653=CARTESIAN_POINT('',(0.00200000000000001,0.,-0.0263489607639609));
#3654=CARTESIAN_POINT('',(0.00170000000000001,4.06371218265713E-33,-0.0229852813742384));
#3655=CARTESIAN_POINT('',(0.00170000000000001,4.06371218265713E-33,-0.0263489607639609));
#3656=CARTESIAN_POINT('',(0.00140000000000001,-3.25353170331042E-18,-0.0229852813742384));
#3657=CARTESIAN_POINT('',(0.00140000000000001,-3.25353170331042E-18,-0.0263489607639609));
#3658=CARTESIAN_POINT('',(0.000666666666666665,0.000199999999999996,-0.0229852813742384));
#3659=CARTESIAN_POINT('',(0.000666666666666665,0.000199999999999996,-0.0263489607639609));
#3660=CARTESIAN_POINT('',(0.000199999999999996,0.000666666666666663,-0.0229852813742384));
#3661=CARTESIAN_POINT('',(0.000199999999999996,0.000666666666666663,-0.0263489607639609));
#3662=CARTESIAN_POINT('',(-1.54841417465692E-18,0.00140000000000001,-0.0229852813742384));
#3663=CARTESIAN_POINT('',(-1.54841417465692E-18,0.00140000000000001,-0.0263489607639609));
#3664=CARTESIAN_POINT('',(1.73472347597681E-18,0.00170000000000001,-0.0229852813742384));
#3665=CARTESIAN_POINT('',(1.73472347597681E-18,0.00170000000000001,-0.0263489607639609));
#3666=CARTESIAN_POINT('',(1.7347234759768E-18,0.00200000000000001,-0.0229852813742384));
#3667=CARTESIAN_POINT('',(1.7347234759768E-18,0.00200000000000001,-0.0263489607639609));
#3668=CARTESIAN_POINT('',(9.67856625781321E-16,0.00199985171014361,-0.0263288990578592));
#3669=CARTESIAN_POINT('',(4.88693716321985E-12,0.0017498640673549,-0.0263288305867591));
#3670=CARTESIAN_POINT('',(2.60826038386171E-5,0.0012134110793718,-0.0263286936445589));
#3671=CARTESIAN_POINT('',(0.000440169418440761,0.000440051536355292,-0.0263284882312587));
#3672=CARTESIAN_POINT('',(0.00121358565838276,2.60368587597557E-5,-0.0263282828179585));
#3673=CARTESIAN_POINT('',(0.00175001232470501,2.84210199564791E-19,-0.0263281458757583));
#3674=CARTESIAN_POINT('',(0.00199999996423676,1.35530383738875E-26,-0.0263280774046583));
#3675=CARTESIAN_POINT('',(0.023,-0.00824264068711929,-0.0122573593128806));
#3676=CARTESIAN_POINT('',(0.0229999999999993,-0.00833583027518401,-0.0121641697248159));
#3677=CARTESIAN_POINT('',(0.0230000000000003,-0.00847701917699271,-0.0120251277915469));
#3678=CARTESIAN_POINT('',(0.0230000000000001,-0.00861840136159504,-0.0118997806097869));
#3679=CARTESIAN_POINT('',(0.0229999999999998,-0.00883549872133268,-0.0117177336693756));
#3680=CARTESIAN_POINT('',(0.0229999999999998,-0.00898841819114841,-0.0116030288208768));
#3681=CARTESIAN_POINT('',(0.023,-0.00931282898864652,-0.0113849054124187));
#3682=CARTESIAN_POINT('',(0.023,-0.00965521599619324,-0.0111785904249788));
#3683=CARTESIAN_POINT('',(0.023,-0.0101785230943299,-0.0109302358914259));
#3684=CARTESIAN_POINT('',(0.0229999999999998,-0.0107232461104837,-0.0107362268874002));
#3685=CARTESIAN_POINT('',(0.0230000000000005,-0.011110112476114,-0.0106401445041381));
#3686=CARTESIAN_POINT('',(0.0229999999999995,-0.0114939618244885,-0.0105648870823978));
#3687=CARTESIAN_POINT('',(0.0229999999999985,-0.0116839450469188,-0.010537706059338));
#3688=CARTESIAN_POINT('',(0.0230000000000007,-0.0119665813232447,-0.0105128614189376));
#3689=CARTESIAN_POINT('',(0.0230000000000022,-0.0121553083461782,-0.0105015192724438));
#3690=CARTESIAN_POINT('',(0.0229999999999949,-0.0123534911158987,-0.0104999999999999));
#3691=CARTESIAN_POINT('',(0.023,-0.0124852813742386,-0.0104999999999999));
#3692=CARTESIAN_POINT('',(0.0230625,-0.00824264068711929,-0.0122573593128806));
#3693=CARTESIAN_POINT('',(0.0230624999999992,-0.00833583026995966,-0.0121641697195915));
#3694=CARTESIAN_POINT('',(0.0230625000000004,-0.00847701917922557,-0.0120251277937798));
#3695=CARTESIAN_POINT('',(0.0230625000000001,-0.00861840136235368,-0.0118997806105454));
#3696=CARTESIAN_POINT('',(0.0230624999999997,-0.0088354987198154,-0.0117177336678587));
#3697=CARTESIAN_POINT('',(0.0230624999999998,-0.0089884181906038,-0.0116030288203359));
#3698=CARTESIAN_POINT('',(0.0230625,-0.00931282898919113,-0.0113849054129596));
#3699=CARTESIAN_POINT('',(0.0230625,-0.00965521599594048,-0.0111785904247002));
#3700=CARTESIAN_POINT('',(0.0230625,-0.0101785230943976,-0.0109302358915895));
#3701=CARTESIAN_POINT('',(0.0230624999999998,-0.0107232461104655,-0.0107362268870245));
#3702=CARTESIAN_POINT('',(0.0230625000000005,-0.0111101124761114,-0.0106401445049057));
#3703=CARTESIAN_POINT('',(0.0230624999999995,-0.0114939618244911,-0.0105648870816302));
#3704=CARTESIAN_POINT('',(0.0230624999999985,-0.011683945046919,-0.0105377060571924));
#3705=CARTESIAN_POINT('',(0.0230625000000007,-0.0119665813232445,-0.0105128614200104));
#3706=CARTESIAN_POINT('',(0.0230625000000022,-0.0121553083461783,-0.0105015192756017));
#3707=CARTESIAN_POINT('',(0.023062499999995,-0.0123534911158987,-0.0104999999926113));
#3708=CARTESIAN_POINT('',(0.0230625,-0.0124852813742386,-0.0104999999999999));
#3709=CARTESIAN_POINT('',(0.0231250745985243,-0.00824260472180856,-0.0122573233475699));
#3710=CARTESIAN_POINT('',(0.0231250745985233,-0.00833579430072905,-0.0121641337503448));
#3711=CARTESIAN_POINT('',(0.0231250745985247,-0.00847698438944972,-0.0120250906572091));
#3712=CARTESIAN_POINT('',(0.0231250745985244,-0.00861836796783394,-0.0118997422364027));
#3713=CARTESIAN_POINT('',(0.023125074598524,-0.00883546746016146,-0.0117176934994297));
#3714=CARTESIAN_POINT('',(0.0231250745985242,-0.00898838837562745,-0.0116029875772979));
#3715=CARTESIAN_POINT('',(0.0231250745985244,-0.00931280201980348,-0.0113848622547855));
#3716=CARTESIAN_POINT('',(0.0231250745985243,-0.00965519184219179,-0.0111785455699434));
#3717=CARTESIAN_POINT('',(0.0231250745985243,-0.0101785035981981,-0.0109301888169296));
#3718=CARTESIAN_POINT('',(0.023125074598524,-0.0107232314693317,-0.0107361780922633));
#3719=CARTESIAN_POINT('',(0.0231250745985248,-0.0111101010158796,-0.0106400949200496));
#3720=CARTESIAN_POINT('',(0.0231250745985238,-0.0114939537321547,-0.010564836838005));
#3721=CARTESIAN_POINT('',(0.0231250745985229,-0.0116839387421279,-0.0105376555505264));
#3722=CARTESIAN_POINT('',(0.023125074598525,-0.0119665778005712,-0.0105128106719648));
#3723=CARTESIAN_POINT('',(0.0231250745985265,-0.0121553066865976,-0.0105014684159942));
#3724=CARTESIAN_POINT('',(0.0231250745985193,-0.0123534911158873,-0.0104999491244258));
#3725=CARTESIAN_POINT('',(0.0231250745985243,-0.0124852813742386,-0.0104999491373697));
#3726=CARTESIAN_POINT('',(0.0232520616319444,-0.00824013750149253,-0.0122548561272538));
#3727=CARTESIAN_POINT('',(0.0232520616319432,-0.00833332707484208,-0.0121616665233497));
#3728=CARTESIAN_POINT('',(0.023252061631945,-0.00847459769827996,-0.0120225429759052));
#3729=CARTESIAN_POINT('',(0.0232520616319446,-0.00861607706554029,-0.0118971097319886));
#3730=CARTESIAN_POINT('',(0.0232520616319441,-0.00883332312437961,-0.0117149380216572));
#3731=CARTESIAN_POINT('',(0.0232520616319443,-0.00898634309570066,-0.0116001583321582));
#3732=CARTESIAN_POINT('',(0.0232520616319446,-0.0093109518923604,-0.0113819015767716));
#3733=CARTESIAN_POINT('',(0.0232520616319444,-0.00965353490777255,-0.0111754685476642));
#3734=CARTESIAN_POINT('',(0.0232520616319444,-0.0101771661554928,-0.0109269594870164));
#3735=CARTESIAN_POINT('',(0.0232520616319442,-0.0107222270884711,-0.0107328307905784));
#3736=CARTESIAN_POINT('',(0.023252061631945,-0.0111093148441152,-0.0106366933602303));
#3737=CARTESIAN_POINT('',(0.0232520616319439,-0.0114933985977476,-0.0105613901640041));
#3738=CARTESIAN_POINT('',(0.023252061631943,-0.0116835062334451,-0.0105341909013897));
#3739=CARTESIAN_POINT('',(0.0232520616319452,-0.0119663361451846,-0.0105093293019625));
#3740=CARTESIAN_POINT('',(0.0232520616319466,-0.0121551928393574,-0.0104979792877477));
#3741=CARTESIAN_POINT('',(0.0232520616319394,-0.0123534911151037,-0.0104964599393311));
#3742=CARTESIAN_POINT('',(0.0232520616319444,-0.0124852813742386,-0.0104964599609374));
#3743=CARTESIAN_POINT('',(0.0233164605034722,-0.00823771104186199,-0.0122524296676233));
#3744=CARTESIAN_POINT('',(0.0233164605034709,-0.00833090061356042,-0.0121592400609782));
#3745=CARTESIAN_POINT('',(0.0233164605034728,-0.00847225043574621,-0.0120200373829383));
#3746=CARTESIAN_POINT('',(0.0233164605034724,-0.00861382401044492,-0.0118945207183452));
#3747=CARTESIAN_POINT('',(0.0233164605034718,-0.00883121421605376,-0.0117122280679524));
#3748=CARTESIAN_POINT('',(0.023316460503472,-0.0089843316060259,-0.011597375829074));
#3749=CARTESIAN_POINT('',(0.0233164605034724,-0.00930913233027781,-0.0113789898114092));
#3750=CARTESIAN_POINT('',(0.0233164605034722,-0.00965190534757651,-0.0111724423607482));
#3751=CARTESIAN_POINT('',(0.0233164605034722,-0.0101758508084871,-0.0109237835084007));
#3752=CARTESIAN_POINT('',(0.023316460503472,-0.0107212393008937,-0.0107295387895854));
#3753=CARTESIAN_POINT('',(0.0233164605034728,-0.0111085416606131,-0.010633347996658));
#3754=CARTESIAN_POINT('',(0.0233164605034717,-0.0114928526346552,-0.0105580004327016));
#3755=CARTESIAN_POINT('',(0.0233164605034707,-0.0116830808701921,-0.0105307834929265));
#3756=CARTESIAN_POINT('',(0.023316460503473,-0.0119660984821611,-0.0105059054465192));
#3757=CARTESIAN_POINT('',(0.0233164605034744,-0.0121550808729754,-0.0104945478007056));
#3758=CARTESIAN_POINT('',(0.0233164605034671,-0.0123534911143331,-0.0104930284041072));
#3759=CARTESIAN_POINT('',(0.0233164605034722,-0.0124852813742386,-0.0104930284288193));
#3760=CARTESIAN_POINT('',(0.0235125868055555,-0.00822453335201077,-0.0122392519777721));
#3761=CARTESIAN_POINT('',(0.0235125868055539,-0.00831772292170854,-0.0121460623632078));
#3762=CARTESIAN_POINT('',(0.0235125868055563,-0.00845950284888995,-0.0120064299304092));
#3763=CARTESIAN_POINT('',(0.0235125868055558,-0.0086015880501407,-0.011880460224267));
#3764=CARTESIAN_POINT('',(0.0235125868055551,-0.00881976109539026,-0.0116975107719897));
#3765=CARTESIAN_POINT('',(0.0235125868055554,-0.00897340754820225,-0.0115822645284605));
#3766=CARTESIAN_POINT('',(0.0235125868055557,-0.00929925059713466,-0.01136317650789));
#3767=CARTESIAN_POINT('',(0.0235125868055556,-0.00964305548344972,-0.0111560076543112));
#3768=CARTESIAN_POINT('',(0.0235125868055556,-0.0101687073823658,-0.0109065353081119));
#3769=CARTESIAN_POINT('',(0.0235125868055553,-0.0107158747944701,-0.0107116604922033));
#3770=CARTESIAN_POINT('',(0.0235125868055561,-0.0111043426324274,-0.010615179894653));
#3771=CARTESIAN_POINT('',(0.023512586805555,-0.0114898876018894,-0.010539591379142));
#3772=CARTESIAN_POINT('',(0.023512586805554,-0.0116807707946601,-0.0105122784395482));
#3773=CARTESIAN_POINT('',(0.0235125868055563,-0.0119648077746742,-0.0104873110680962));
#3774=CARTESIAN_POINT('',(0.0235125868055578,-0.0121544728025845,-0.010475911973586));
#3775=CARTESIAN_POINT('',(0.0235125868055503,-0.012353491110148,-0.010474392329384));
#3776=CARTESIAN_POINT('',(0.0235125868055556,-0.0124852813742386,-0.010474392361111));
#3777=CARTESIAN_POINT('',(0.0236475694444444,-0.00820765363284182,-0.0122223722586031));
#3778=CARTESIAN_POINT('',(0.0236475694444427,-0.00830084320512095,-0.012129182639039));
#3779=CARTESIAN_POINT('',(0.0236475694444452,-0.00844317406003418,-0.0119889997124527));
#3780=CARTESIAN_POINT('',(0.0236475694444447,-0.00858591462134756,-0.0118624496925321));
#3781=CARTESIAN_POINT('',(0.0236475694444439,-0.0088050904328611,-0.0116786589242152));
#3782=CARTESIAN_POINT('',(0.0236475694444442,-0.00895941457801822,-0.0115629079867225));
#3783=CARTESIAN_POINT('',(0.0236475694444446,-0.00928659277248492,-0.011342920747391));
#3784=CARTESIAN_POINT('',(0.0236475694444444,-0.0096317194132014,-0.0111349559199936));
#3785=CARTESIAN_POINT('',(0.0236475694444445,-0.0101595571421438,-0.0108844415433887));
#3786=CARTESIAN_POINT('',(0.0236475694444442,-0.0107090032287635,-0.0106887596167418));
#3787=CARTESIAN_POINT('',(0.023647569444445,-0.0110989639645938,-0.0105919077981702));
#3788=CARTESIAN_POINT('',(0.0236475694444439,-0.0114860895977617,-0.0105160106417138));
#3789=CARTESIAN_POINT('',(0.0236475694444429,-0.0116778117459434,-0.0104885747342768));
#3790=CARTESIAN_POINT('',(0.0236475694444452,-0.0119631544666853,-0.0104634929403845));
#3791=CARTESIAN_POINT('',(0.0236475694444468,-0.0121536939060138,-0.0104520407508766));
#3792=CARTESIAN_POINT('',(0.023647569444439,-0.0123534911047871,-0.0104505207998958));
#3793=CARTESIAN_POINT('',(0.0236475694444444,-0.0124852813742386,-0.0104505208333332));
#3794=CARTESIAN_POINT('',(0.0239149305555555,-0.00815241091556162,-0.0121671295413229));
#3795=CARTESIAN_POINT('',(0.0239149305555539,-0.00824560049893664,-0.0120739399080433));
#3796=CARTESIAN_POINT('',(0.0239149305555563,-0.00838973438628365,-0.0119319553616453));
#3797=CARTESIAN_POINT('',(0.0239149305555558,-0.00853461976309459,-0.0118035061337425));
#3798=CARTESIAN_POINT('',(0.023914930555555,-0.00875707735626195,-0.0116169619686311));
#3799=CARTESIAN_POINT('',(0.0239149305555553,-0.00891361940314651,-0.0114995593049451));
#3800=CARTESIAN_POINT('',(0.0239149305555558,-0.00924516716426434,-0.0112766291673021));
#3801=CARTESIAN_POINT('',(0.0239149305555555,-0.00959461954706224,-0.0110660593350955));
#3802=CARTESIAN_POINT('',(0.0239149305555556,-0.0101296109013827,-0.0108121346769391));
#3803=CARTESIAN_POINT('',(0.0239149305555553,-0.0106865144682785,-0.0106138112972398));
#3804=CARTESIAN_POINT('',(0.0239149305555562,-0.0110813610516853,-0.0105157445729283));
#3805=CARTESIAN_POINT('',(0.023914930555555,-0.0114736597660697,-0.0104388373196104));
#3806=CARTESIAN_POINT('',(0.0239149305555539,-0.0116681275865067,-0.0104109989726577));
#3807=CARTESIAN_POINT('',(0.0239149305555564,-0.0119577436405397,-0.0103855427036933));
#3808=CARTESIAN_POINT('',(0.023914930555558,-0.0121511447899642,-0.0103739167476814));
#3809=CARTESIAN_POINT('',(0.0239149305555497,-0.0123534910872425,-0.0103723957980434));
#3810=CARTESIAN_POINT('',(0.0239149305555556,-0.0124852813742386,-0.0103723958333332));
#3811=CARTESIAN_POINT('',(0.024046875,-0.00811420136944282,-0.0121289199952041));
#3812=CARTESIAN_POINT('',(0.0240468749999984,-0.00820739096133056,-0.0120357303532761));
#3813=CARTESIAN_POINT('',(0.0240468750000007,-0.00835277194491469,-0.011892499685312));
#3814=CARTESIAN_POINT('',(0.0240468750000002,-0.00849914081934791,-0.0117627368387913));
#3815=CARTESIAN_POINT('',(0.0240468749999995,-0.00872386831185761,-0.0115742882412621));
#3816=CARTESIAN_POINT('',(0.0240468749999998,-0.00888194440728093,-0.0114557431334692));
#3817=CARTESIAN_POINT('',(0.0240468750000002,-0.0092165144518244,-0.0112307774909871));
#3818=CARTESIAN_POINT('',(0.024046875,-0.00956895880635653,-0.0110184058639189));
#3819=CARTESIAN_POINT('',(0.024046875,-0.0101088980848455,-0.0107621224276185));
#3820=CARTESIAN_POINT('',(0.0240468749999997,-0.0106709597422792,-0.0105619720429779));
#3821=CARTESIAN_POINT('',(0.0240468750000006,-0.0110691857035907,-0.0104630650086795));
#3822=CARTESIAN_POINT('',(0.0240468749999994,-0.0114650624658156,-0.0103854591052787));
#3823=CARTESIAN_POINT('',(0.0240468749999982,-0.0116614293762296,-0.0103573424045488));
#3824=CARTESIAN_POINT('',(0.0240468750000009,-0.0119540011524558,-0.0103316271231432));
#3825=CARTESIAN_POINT('',(0.0240468750000026,-0.0121493816513632,-0.0103198809782982));
#3826=CARTESIAN_POINT('',(0.0240468749999939,-0.0123534910751074,-0.0103183593396142));
#3827=CARTESIAN_POINT('',(0.024046875,-0.0124852813742386,-0.0103183593749999));
#3828=CARTESIAN_POINT('',(0.024291015625,-0.00801683608023647,-0.0120315547059978));
#3829=CARTESIAN_POINT('',(0.0242910156249987,-0.00811002569390108,-0.0119383650421167));
#3830=CARTESIAN_POINT('',(0.0242910156250006,-0.00825858451898041,-0.0117919590160649));
#3831=CARTESIAN_POINT('',(0.0242910156250002,-0.00840873363135463,-0.0116588488161022));
#3832=CARTESIAN_POINT('',(0.0242910156249996,-0.00863924526499647,-0.0114655473576898));
#3833=CARTESIAN_POINT('',(0.0242910156249999,-0.00880123041180099,-0.0113440910820665));
#3834=CARTESIAN_POINT('',(0.0242910156250001,-0.00914350181710416,-0.0111139385808505));
#3835=CARTESIAN_POINT('',(0.024291015625,-0.00950357029239368,-0.0108969756331544));
#3836=CARTESIAN_POINT('',(0.024291015625,-0.0100561178354754,-0.0106346815754314));
#3837=CARTESIAN_POINT('',(0.0242910156249997,-0.0106313233019321,-0.0104298756300155));
#3838=CARTESIAN_POINT('',(0.0242910156250007,-0.0110381605695905,-0.0103288273238644));
#3839=CARTESIAN_POINT('',(0.0242910156249993,-0.0114431548874574,-0.0102494411253978));
#3840=CARTESIAN_POINT('',(0.0242910156249981,-0.0116443610452224,-0.0102206151256073));
#3841=CARTESIAN_POINT('',(0.024291015625001,-0.0119444645713743,-0.010194239830519));
#3842=CARTESIAN_POINT('',(0.0242910156250028,-0.0121448888343257,-0.0101821874213244));
#3843=CARTESIAN_POINT('',(0.0242910156249934,-0.012353491044185,-0.0101806640269898));
#3844=CARTESIAN_POINT('',(0.024291015625,-0.0124852813742386,-0.0101806640624999));
#3845=CARTESIAN_POINT('',(0.0244027777777778,-0.00795783378914137,-0.0119725524149027));
#3846=CARTESIAN_POINT('',(0.0244027777777766,-0.00805102341606831,-0.0118793627377841));
#3847=CARTESIAN_POINT('',(0.0244027777777783,-0.0082015079779409,-0.0117310324796688));
#3848=CARTESIAN_POINT('',(0.0244027777777779,-0.00835394787282117,-0.0115958938204678));
#3849=CARTESIAN_POINT('',(0.0244027777777774,-0.00858796463220531,-0.0113996515819271));
#3850=CARTESIAN_POINT('',(0.0244027777777776,-0.00875231862100874,-0.0112764311707032));
#3851=CARTESIAN_POINT('',(0.0244027777777779,-0.00909925696595477,-0.0110431354903038));
#3852=CARTESIAN_POINT('',(0.0244027777777777,-0.00946394557432167,-0.0108233902529703));
#3853=CARTESIAN_POINT('',(0.0244027777777778,-0.0100241335866442,-0.0105574538249709));
#3854=CARTESIAN_POINT('',(0.0244027777777775,-0.0106073040563634,-0.0103498266610934));
#3855=CARTESIAN_POINT('',(0.0244027777777785,-0.0110193596806653,-0.0102474807678084));
#3856=CARTESIAN_POINT('',(0.0244027777777771,-0.0114298791366635,-0.010167015730192));
#3857=CARTESIAN_POINT('',(0.0244027777777758,-0.011634017824935,-0.0101377599030133));
#3858=CARTESIAN_POINT('',(0.0244027777777788,-0.0119386855084495,-0.0101109846468743));
#3859=CARTESIAN_POINT('',(0.0244027777777807,-0.0121421662367671,-0.0100987466448363));
#3860=CARTESIAN_POINT('',(0.0244027777777709,-0.0123534910254463,-0.0100972221867298));
#3861=CARTESIAN_POINT('',(0.0244027777777778,-0.0124852813742386,-0.0100972222222221));
#3862=CARTESIAN_POINT('',(0.0245972222222222,-0.00782034080391065,-0.011835059429672));
#3863=CARTESIAN_POINT('',(0.0245972222222213,-0.00791353046170481,-0.0117418697216682));
#3864=CARTESIAN_POINT('',(0.0245972222222226,-0.008068502566328,-0.0115890554273808));
#3865=CARTESIAN_POINT('',(0.0245972222222223,-0.00822628066958617,-0.0114491898514528));
#3866=CARTESIAN_POINT('',(0.0245972222222219,-0.00846846542028044,-0.0112460947156395));
#3867=CARTESIAN_POINT('',(0.0245972222222221,-0.00863833951944469,-0.0111187633408384));
#3868=CARTESIAN_POINT('',(0.0245972222222223,-0.00899615322960021,-0.0108781431128569));
#3869=CARTESIAN_POINT('',(0.0245972222222222,-0.00937160812986593,-0.0106519143085083));
#3870=CARTESIAN_POINT('',(0.0245972222222222,-0.00994960072070796,-0.0103774900683722));
#3871=CARTESIAN_POINT('',(0.0245972222222219,-0.0105513320302786,-0.010163288621678));
#3872=CARTESIAN_POINT('',(0.024597222222223,-0.0109755479863169,-0.0100579189622843));
#3873=CARTESIAN_POINT('',(0.0245972222222215,-0.011398942666673,-0.00997493990676796));
#3874=CARTESIAN_POINT('',(0.0245972222222202,-0.0116099150281147,-0.00994468245320792));
#3875=CARTESIAN_POINT('',(0.0245972222222233,-0.0119252185633762,-0.00991697516821985));
#3876=CARTESIAN_POINT('',(0.0245972222222253,-0.0121358217701547,-0.00990430467936315));
#3877=CARTESIAN_POINT('',(0.0245972222222151,-0.0123534909817797,-0.00990277774227289));
#3878=CARTESIAN_POINT('',(0.0245972222222222,-0.0124852813742386,-0.00990277777777765));
#3879=CARTESIAN_POINT('',(0.0246806640625,-0.00774131302780148,-0.0117560316535628));
#3880=CARTESIAN_POINT('',(0.0246806640624991,-0.00783450270333741,-0.011662841927807));
#3881=CARTESIAN_POINT('',(0.0246806640625004,-0.00799205414335851,-0.0115074503136216));
#3882=CARTESIAN_POINT('',(0.0246806640625001,-0.00815290052486962,-0.0113648678156908));
#3883=CARTESIAN_POINT('',(0.0246806640624997,-0.00839978004735487,-0.0111578337936103));
#3884=CARTESIAN_POINT('',(0.0246806640624999,-0.0085728269778091,-0.0110281395323781));
#3885=CARTESIAN_POINT('',(0.0246806640625,-0.0089368915954232,-0.0107833093244806));
#3886=CARTESIAN_POINT('',(0.0246806640625,-0.00931853471034058,-0.0105533539163231));
#3887=CARTESIAN_POINT('',(0.0246806640625,-0.00990676095959504,-0.0102740510788093));
#3888=CARTESIAN_POINT('',(0.0246806640624997,-0.0105191606090357,-0.0100560708869693));
#3889=CARTESIAN_POINT('',(0.0246806640625007,-0.0109503660414625,-0.00994896323701093));
#3890=CARTESIAN_POINT('',(0.0246806640624993,-0.0113811611018905,-0.00986453918236687));
#3891=CARTESIAN_POINT('',(0.0246806640624979,-0.0115960613000316,-0.00983370601721485));
#3892=CARTESIAN_POINT('',(0.024680664062501,-0.0119174780759736,-0.00980546302368073));
#3893=CARTESIAN_POINT('',(0.0246806640625031,-0.0121321751180282,-0.0097925439514405));
#3894=CARTESIAN_POINT('',(0.0246806640624928,-0.0123534909566812,-0.00979101558948796));
#3895=CARTESIAN_POINT('',(0.0246806640625,-0.0124852813742386,-0.00979101562499987));
#3896=CARTESIAN_POINT('',(0.024818359375,-0.00756867953630086,-0.0115833981620622));
#3897=CARTESIAN_POINT('',(0.0248183593749991,-0.00766186925059314,-0.0114902083975276));
#3898=CARTESIAN_POINT('',(0.0248183593750004,-0.00782505516114362,-0.0113291867156037));
#3899=CARTESIAN_POINT('',(0.0248183593750001,-0.00799260409223638,-0.0111806691938806));
#3900=CARTESIAN_POINT('',(0.0248183593749997,-0.00824973918416797,-0.0109650308085952));
#3901=CARTESIAN_POINT('',(0.0248183593749998,-0.00842971705676049,-0.0108301749022465));
#3902=CARTESIAN_POINT('',(0.024818359375,-0.00880743656930837,-0.01057614813628));
#3903=CARTESIAN_POINT('',(0.024818359375,-0.00920259762885318,-0.010338052088734));
#3904=CARTESIAN_POINT('',(0.024818359375,-0.00981317895716389,-0.0100480921210264));
#3905=CARTESIAN_POINT('',(0.0248183593749997,-0.0104488832325341,-0.00982185738881938));
#3906=CARTESIAN_POINT('',(0.0248183593750007,-0.0108953569386255,-0.00971095315753029));
#3907=CARTESIAN_POINT('',(0.0248183593749992,-0.011342317877851,-0.00962337255139361));
#3908=CARTESIAN_POINT('',(0.0248183593749979,-0.0115657983017919,-0.00959128176383191));
#3909=CARTESIAN_POINT('',(0.024818359375001,-0.0119005692442689,-0.00956186853318265));
#3910=CARTESIAN_POINT('',(0.0248183593750031,-0.012124209130373,-0.00954840643898811));
#3911=CARTESIAN_POINT('',(0.0248183593749928,-0.0123534909018543,-0.00954687496447232));
#3912=CARTESIAN_POINT('',(0.024818359375,-0.0124852813742386,-0.00954687499999987));
#3913=CARTESIAN_POINT('',(0.0248723958333333,-0.0074753807248943,-0.0114900993506556));
#3914=CARTESIAN_POINT('',(0.0248723958333324,-0.00756857046013226,-0.0113969095651634));
#3915=CARTESIAN_POINT('',(0.0248723958333337,-0.0077348014889777,-0.0112328451444083));
#3916=CARTESIAN_POINT('',(0.0248723958333335,-0.00790597277575547,-0.0110811200720489));
#3917=CARTESIAN_POINT('',(0.024872395833333,-0.00816865043321897,-0.0108608315064715));
#3918=CARTESIAN_POINT('',(0.0248723958333331,-0.00835237409498488,-0.0107231860176954));
#3919=CARTESIAN_POINT('',(0.0248723958333333,-0.0087374733196392,-0.0104641890230125));
#3920=CARTESIAN_POINT('',(0.0248723958333333,-0.00913994007725822,-0.0102216934121348));
#3921=CARTESIAN_POINT('',(0.0248723958333333,-0.00976260308384998,-0.00992597385762011));
#3922=CARTESIAN_POINT('',(0.024872395833333,-0.0104109022148337,-0.00969527800493034));
#3923=CARTESIAN_POINT('',(0.0248723958333341,-0.0108656275746033,-0.0095823219323532));
#3924=CARTESIAN_POINT('',(0.0248723958333326,-0.0113213252732146,-0.00949303538549873));
#3925=CARTESIAN_POINT('',(0.0248723958333313,-0.0115494428325209,-0.00946026492289251));
#3926=CARTESIAN_POINT('',(0.0248723958333344,-0.011891430960112,-0.00943021924409569));
#3927=CARTESIAN_POINT('',(0.0248723958333364,-0.0121199039566003,-0.00941646367670274));
#3928=CARTESIAN_POINT('',(0.0248723958333262,-0.0123534908722234,-0.00941493052001942));
#3929=CARTESIAN_POINT('',(0.0248723958333333,-0.0124852813742386,-0.00941493055555543));
#3930=CARTESIAN_POINT('',(0.0249505208333333,-0.00728632787020207,-0.0113010464959634));
#3931=CARTESIAN_POINT('',(0.0249505208333322,-0.0073795176478826,-0.0112078566680042));
#3932=CARTESIAN_POINT('',(0.0249505208333338,-0.00755191904800989,-0.0110376266975123));
#3933=CARTESIAN_POINT('',(0.0249505208333335,-0.00773043037130732,-0.0108794021146532));
#3934=CARTESIAN_POINT('',(0.024950520833333,-0.00800433901682231,-0.0106496908153261));
#3935=CARTESIAN_POINT('',(0.0249505208333331,-0.00819565283033431,-0.0105063927516313));
#3936=CARTESIAN_POINT('',(0.0249505208333333,-0.00859570568215167,-0.010237324504023));
#3937=CARTESIAN_POINT('',(0.0249505208333334,-0.00901297609113158,-0.00998591398849953));
#3938=CARTESIAN_POINT('',(0.0249505208333333,-0.0096601203931876,-0.00967852369229689));
#3939=CARTESIAN_POINT('',(0.024950520833333,-0.0103339406789671,-0.00943878820073413));
#3940=CARTESIAN_POINT('',(0.024950520833334,-0.0108053864948741,-0.0093216744497575));
#3941=CARTESIAN_POINT('',(0.0249505208333326,-0.0112787876269776,-0.00922893112829068));
#3942=CARTESIAN_POINT('',(0.0249505208333314,-0.011516301486893,-0.00919478342941006));
#3943=CARTESIAN_POINT('',(0.0249505208333343,-0.0118729139106363,-0.00916345621094579));
#3944=CARTESIAN_POINT('',(0.0249505208333362,-0.0121111803150082,-0.00914910597417708));
#3945=CARTESIAN_POINT('',(0.0249505208333267,-0.0123534908121819,-0.0091475694088912));
#3946=CARTESIAN_POINT('',(0.0249505208333333,-0.0124852813742386,-0.00914756944444431));
#3947=CARTESIAN_POINT('',(0.0249743923611111,-0.00719088073090128,-0.0112055993566626));
#3948=CARTESIAN_POINT('',(0.02497439236111,-0.00728407053000981,-0.0111124095072632));
#3949=CARTESIAN_POINT('',(0.0249743923611116,-0.0074595871662875,-0.0109390667348748));
#3950=CARTESIAN_POINT('',(0.0249743923611113,-0.00764180425477587,-0.0107775607433057));
#3951=CARTESIAN_POINT('',(0.0249743923611107,-0.00792138309068699,-0.0105430921871666));
#3952=CARTESIAN_POINT('',(0.0249743923611109,-0.00811652894509678,-0.0103969403072385));
#3953=CARTESIAN_POINT('',(0.0249743923611111,-0.00852413143660196,-0.0101227873848579));
#3954=CARTESIAN_POINT('',(0.0249743923611111,-0.008948875766967,-0.00986687600026808));
#3955=CARTESIAN_POINT('',(0.0249743923611111,-0.00960837994384345,-0.00955359349519379));
#3956=CARTESIAN_POINT('',(0.0249743923611108,-0.0102950850983591,-0.00930929415997921));
#3957=CARTESIAN_POINT('',(0.0249743923611118,-0.0107749725731277,-0.00919008132136909));
#3958=CARTESIAN_POINT('',(0.0249743923611104,-0.0112573116399976,-0.0090955927776548));
#3959=CARTESIAN_POINT('',(0.0249743923611093,-0.0114995694114218,-0.00906074975331746));
#3960=CARTESIAN_POINT('',(0.024974392361112,-0.0118635652054626,-0.00902877552375485));
#3961=CARTESIAN_POINT('',(0.0249743923611138,-0.0121067760089446,-0.00901412505618118));
#3962=CARTESIAN_POINT('',(0.0249743923611049,-0.0123534907818687,-0.00901258676999369));
#3963=CARTESIAN_POINT('',(0.0249743923611111,-0.0124852813742386,-0.00901258680555543));
#3964=CARTESIAN_POINT('',(0.0249930284288195,-0.00705219849272911,-0.0110669171184904));
#3965=CARTESIAN_POINT('',(0.0249930284288185,-0.007145388322972,-0.0109737272379389));
#3966=CARTESIAN_POINT('',(0.0249930284288199,-0.0073254313172415,-0.0107958616444671));
#3967=CARTESIAN_POINT('',(0.0249930284288196,-0.00751303278722715,-0.0106295878504515));
#3968=CARTESIAN_POINT('',(0.0249930284288191,-0.00780085026392687,-0.0103882071225379));
#3969=CARTESIAN_POINT('',(0.0249930284288192,-0.00800156397518773,-0.0102379087210328));
#3970=CARTESIAN_POINT('',(0.0249930284288194,-0.00842013589895637,-0.00995636789700336));
#3971=CARTESIAN_POINT('',(0.0249930284288195,-0.00885573964483879,-0.00969391686543822));
#3972=CARTESIAN_POINT('',(0.0249930284288194,-0.00953320240189042,-0.00937207313244147));
#3973=CARTESIAN_POINT('',(0.0249930284288192,-0.0102386289392362,-0.00912114264979876));
#3974=CARTESIAN_POINT('',(0.0249930284288199,-0.010730781927182,-0.00899887989085297));
#3975=CARTESIAN_POINT('',(0.0249930284288189,-0.0112261075833526,-0.00890185558410629));
#3976=CARTESIAN_POINT('',(0.024993028428818,-0.0114752581361692,-0.00886600226976653));
#3977=CARTESIAN_POINT('',(0.0249930284288201,-0.0118499817773265,-0.00883308794972137));
#3978=CARTESIAN_POINT('',(0.0249930284288215,-0.0121003766655283,-0.00881800125451106));
#3979=CARTESIAN_POINT('',(0.0249930284288146,-0.0123534907378244,-0.00881646046789789));
#3980=CARTESIAN_POINT('',(0.0249930284288195,-0.0124852813742386,-0.00881646050347209));
#3981=CARTESIAN_POINT('',(0.0249964599609375,-0.00700666161397106,-0.0110213802397323));
#3982=CARTESIAN_POINT('',(0.0249964599609367,-0.00709985145443703,-0.0109281903489519));
#3983=CARTESIAN_POINT('',(0.0249964599609379,-0.00728138069682169,-0.0107488396687233));
#3984=CARTESIAN_POINT('',(0.0249964599609376,-0.00747075015044144,-0.0105810003473206));
#3985=CARTESIAN_POINT('',(0.0249964599609372,-0.00776127281845957,-0.0103373499796017));
#3986=CARTESIAN_POINT('',(0.0249964599609373,-0.00796381475823558,-0.0101856900508181));
#3987=CARTESIAN_POINT('',(0.0249964599609375,-0.00838598853984563,-0.009901723379138));
#3988=CARTESIAN_POINT('',(0.0249964599609375,-0.00882515801912201,-0.00963712502780528));
#3989=CARTESIAN_POINT('',(0.0249964599609375,-0.00950851754924914,-0.0093124701806885));
#3990=CARTESIAN_POINT('',(0.0249964599609373,-0.0102200913290346,-0.0090593623337312));
#3991=CARTESIAN_POINT('',(0.0249964599609379,-0.010716271748278,-0.00893609812099885));
#3992=CARTESIAN_POINT('',(0.0249964599609371,-0.0112158616040337,-0.00883824118611401));
#3993=CARTESIAN_POINT('',(0.0249964599609363,-0.0114672754297446,-0.00880205613892974));
#3994=CARTESIAN_POINT('',(0.0249964599609381,-0.0118455216032747,-0.00876883313633887));
#3995=CARTESIAN_POINT('',(0.0249964599609393,-0.0120982754150069,-0.00875360320400416));
#3996=CARTESIAN_POINT('',(0.0249964599609333,-0.0123534907233623,-0.00875206159636602));
#3997=CARTESIAN_POINT('',(0.0249964599609375,-0.0124852813742386,-0.00875206163194431));
#3998=CARTESIAN_POINT('',(0.0249999491373698,-0.00691686822151692,-0.0109315868472782));
#3999=CARTESIAN_POINT('',(0.0249999491373693,-0.00701005808214163,-0.0108383969363275));
#4000=CARTESIAN_POINT('',(0.02499994913737,-0.00719451803176684,-0.0106561178389209));
#4001=CARTESIAN_POINT('',(0.0249999491373699,-0.00738737374207872,-0.0104851914808374));
#4002=CARTESIAN_POINT('',(0.0249999491373696,-0.00768323073059362,-0.0102370656492015));
#4003=CARTESIAN_POINT('',(0.0249999491373697,-0.00788937772291238,-0.0100827209480621));
#4004=CARTESIAN_POINT('',(0.0249999491373698,-0.00831865394640118,-0.00979397078888643));
#4005=CARTESIAN_POINT('',(0.0249999491373698,-0.00876485463437614,-0.00952513817442738));
#4006=CARTESIAN_POINT('',(0.0249999491373698,-0.0094598419104846,-0.00919494013945277));
#4007=CARTESIAN_POINT('',(0.0249999491373697,-0.010183537332507,-0.00893753878504071));
#4008=CARTESIAN_POINT('',(0.02499994913737,-0.0106876593746496,-0.00881229982271343));
#4009=CARTESIAN_POINT('',(0.0249999491373695,-0.011195657732641,-0.00871280104264252));
#4010=CARTESIAN_POINT('',(0.0249999491373691,-0.0114515344674657,-0.00867596185713545));
#4011=CARTESIAN_POINT('',(0.0249999491373702,-0.0118367266623394,-0.00864213016871174));
#4012=CARTESIAN_POINT('',(0.0249999491373709,-0.0120941319950391,-0.00862661778954103));
#4013=CARTESIAN_POINT('',(0.0249999491373673,-0.0123534906948446,-0.00862507456293784));
#4014=CARTESIAN_POINT('',(0.0249999491373698,-0.0124852813742386,-0.00862507459852418));
#4015=CARTESIAN_POINT('',(0.025,-0.00687262129857036,-0.0108873399243317));
#4016=CARTESIAN_POINT('',(0.0249999999999997,-0.00696581116912857,-0.0107941500034417));
#4017=CARTESIAN_POINT('',(0.0250000000000001,-0.00715171526485302,-0.0106104278883956));
#4018=CARTESIAN_POINT('',(0.025,-0.00734628887585908,-0.0104379803507418));
#4019=CARTESIAN_POINT('',(0.0249999999999999,-0.00764477442379848,-0.0101876491730144));
#4020=CARTESIAN_POINT('',(0.0249999999999999,-0.00785269785509251,-0.0100319815135559));
#4021=CARTESIAN_POINT('',(0.025,-0.00828547390401335,-0.00974087422545513));
#4022=CARTESIAN_POINT('',(0.025,-0.00873513931629602,-0.00946995511989504));
#4023=CARTESIAN_POINT('',(0.025,-0.00943585632336149,-0.00913702560324546));
#4024=CARTESIAN_POINT('',(0.0249999999999999,-0.0101655248504798,-0.00887750856427878));
#4025=CARTESIAN_POINT('',(0.0250000000000001,-0.0106735602359863,-0.00875129651706431));
#4026=CARTESIAN_POINT('',(0.0249999999999998,-0.011185701998524,-0.00865098869530946));
#4027=CARTESIAN_POINT('',(0.0249999999999996,-0.011443777892889,-0.00861382717419201));
#4028=CARTESIAN_POINT('',(0.0250000000000002,-0.0118323928348355,-0.00857969554749435));
#4029=CARTESIAN_POINT('',(0.0250000000000006,-0.0120920902681476,-0.00856404398877995));
#4030=CARTESIAN_POINT('',(0.0249999999999986,-0.0123534906807921,-0.00856249996440957));
#4031=CARTESIAN_POINT('',(0.025,-0.0124852813742386,-0.00856249999999987));
#4032=CARTESIAN_POINT('',(0.025,-0.0068284271247462,-0.0108431457505075));
#4033=CARTESIAN_POINT('',(0.025,-0.00692161700522606,-0.0107499558196903));
#4034=CARTESIAN_POINT('',(0.025,-0.007108963525406,-0.010564792407303));
#4035=CARTESIAN_POINT('',(0.025,-0.00730525298910497,-0.0103908255035584));
#4036=CARTESIAN_POINT('',(0.025,-0.00760636396282264,-0.0101382916088505));
#4037=CARTESIAN_POINT('',(0.025,-0.00781606171530407,-0.00998130256824222));
#4038=CARTESIAN_POINT('',(0.025,-0.00825233341732795,-0.00968784096127577));
#4039=CARTESIAN_POINT('',(0.025,-0.00870545942343525,-0.00941483785203225));
#4040=CARTESIAN_POINT('',(0.025,-0.00941189933073911,-0.00907918011005302));
#4041=CARTESIAN_POINT('',(0.025,-0.0101475338420954,-0.0088175499087524));
#4042=CARTESIAN_POINT('',(0.025,-0.01065947790566,-0.00869036593671726));
#4043=CARTESIAN_POINT('',(0.025,-0.0111757581331699,-0.00858925003778031));
#4044=CARTESIAN_POINT('',(0.025,-0.0114360305653397,-0.008551766565326));
#4045=CARTESIAN_POINT('',(0.025,-0.0118280641739191,-0.00851733535792683));
#4046=CARTESIAN_POINT('',(0.025,-0.0120900509753079,-0.00850154478559212));
#4047=CARTESIAN_POINT('',(0.025,-0.0123534906667564,-0.00849999996440562));
#4048=CARTESIAN_POINT('',(0.025,-0.0124852813742386,-0.00849999999999987));
#4049=CARTESIAN_POINT('',(0.025,-0.0068284271247462,-0.0108431457505075));
#4050=CARTESIAN_POINT('',(0.025,-0.00700520382004286,-0.01101992244581));
#4051=CARTESIAN_POINT('',(0.0249739583333308,-0.0073845371453677,-0.0113992557711401));
#4052=CARTESIAN_POINT('',(0.0245598958333335,-0.00793144004644125,-0.0119461586721969));
#4053=CARTESIAN_POINT('',(0.0237864583333361,-0.00822422644802544,-0.0122389450737852));
#4054=CARTESIAN_POINT('',(0.02325,-0.0082426406871195,-0.0122573593128808));
#4055=CARTESIAN_POINT('',(0.023,-0.00824264068711929,-0.0122573593128806));
#4056=CARTESIAN_POINT('',(0.025,-0.0068284271247464,-0.0108431457505077));
#4057=CARTESIAN_POINT('',(0.025,-0.000343145750507818,-0.0173284271247463));
#4058=CARTESIAN_POINT('',(0.025,-0.00704055915910237,-0.0110552777848706));
#4059=CARTESIAN_POINT('',(0.025,-0.000555277784863782,-0.0175405591591092));
#4060=CARTESIAN_POINT('',(0.025,-0.00725269119345832,-0.0112674098192335));
#4061=CARTESIAN_POINT('',(0.025,-0.000767409819219738,-0.0177526911934721));
#4062=CARTESIAN_POINT('',(0.0247999999999921,-0.00777123616633097,-0.0117859547920888));
#4063=CARTESIAN_POINT('',(0.0247999999999921,-0.00128595479209238,-0.0182712361663274));
#4064=CARTESIAN_POINT('',(0.0243333333333414,-0.00810121933088023,-0.0121159379566346));
#4065=CARTESIAN_POINT('',(0.0243333333333414,-0.00161593795664165,-0.0186012193308731));
#4066=CARTESIAN_POINT('',(0.0236,-0.00824264068711955,-0.0122573593128808));
#4067=CARTESIAN_POINT('',(0.0236,-0.00175735931288097,-0.0187426406871194));
#4068=CARTESIAN_POINT('',(0.0233,-0.00824264068711955,-0.0122573593128808));
#4069=CARTESIAN_POINT('',(0.0233,-0.00175735931288097,-0.0187426406871194));
#4070=CARTESIAN_POINT('',(0.023,-0.0082426406871193,-0.0122573593128806));
#4071=CARTESIAN_POINT('',(0.023,-0.00175735931288072,-0.0187426406871192));
#4072=CARTESIAN_POINT('',(0.023,-0.00175735931288072,-0.0187426406871192));
#4073=CARTESIAN_POINT('',(0.02325,-0.00175735931288093,-0.0187426406871194));
#4074=CARTESIAN_POINT('',(0.0237864583333361,-0.00173894507378687,-0.0187242264480238));
#4075=CARTESIAN_POINT('',(0.0245598958333335,-0.00144615867220268,-0.0184314400464355));
#4076=CARTESIAN_POINT('',(0.0249739583333308,-0.000899255771129121,-0.0178845371453787));
#4077=CARTESIAN_POINT('',(0.025,-0.000519922445804277,-0.0175052038200485));
#4078=CARTESIAN_POINT('',(0.025,-0.000343145750507619,-0.0173284271247461));
#4079=CARTESIAN_POINT('',(0.023,0.0331931035107067,-0.0283280773682491));
#4080=CARTESIAN_POINT('',(0.023,0.00181353923102656,-0.0283280773682491));
#4081=CARTESIAN_POINT('',(0.0233,0.0331931035107067,-0.0283280773682491));
#4082=CARTESIAN_POINT('',(0.0233,0.00181353923102656,-0.0283280773682491));
#4083=CARTESIAN_POINT('',(0.0236,0.0331931035107067,-0.0283280773682491));
#4084=CARTESIAN_POINT('',(0.0236,0.00181353923102656,-0.0283280773682491));
#4085=CARTESIAN_POINT('',(0.0243333333333333,0.0331931035107067,-0.0281280773682491));
#4086=CARTESIAN_POINT('',(0.0243333333333333,0.00181353923102657,-0.0281280773682491));
#4087=CARTESIAN_POINT('',(0.0248,0.0331931035107067,-0.0276614107015824));
#4088=CARTESIAN_POINT('',(0.0248,0.00181353923102656,-0.0276614107015824));
#4089=CARTESIAN_POINT('',(0.025,0.0331931035107067,-0.0269280773682491));
#4090=CARTESIAN_POINT('',(0.025,0.00181353923102656,-0.0269280773682491));
#4091=CARTESIAN_POINT('',(0.025,0.0331931035107067,-0.0266280773682491));
#4092=CARTESIAN_POINT('',(0.025,0.00181353923102656,-0.0266280773682491));
#4093=CARTESIAN_POINT('',(0.025,0.0331931035107067,-0.0263280773682491));
#4094=CARTESIAN_POINT('',(0.025,0.00181353923102656,-0.0263280773682491));
#4095=CARTESIAN_POINT('',(0.0230000013966697,0.0330000455800803,-0.0283280773682491));
#4096=CARTESIAN_POINT('',(0.0230591211067069,0.03299824167615,-0.028328077368249));
#4097=CARTESIAN_POINT('',(0.0231935784574865,0.0329963402668549,-0.02832991077198));
#4098=CARTESIAN_POINT('',(0.0235182333506868,0.0330009926280014,-0.0283061426983356));
#4099=CARTESIAN_POINT('',(0.0237872177139496,0.0330059936260571,-0.0282413835689625));
#4100=CARTESIAN_POINT('',(0.0239282485001206,0.033007254582868,-0.0281920620544362));
#4101=CARTESIAN_POINT('',(0.0240866871804155,0.0330066174714885,-0.0281247273091921));
#4102=CARTESIAN_POINT('',(0.0242610732171064,0.0330040016358758,-0.0280275196307089));
#4103=CARTESIAN_POINT('',(0.0244053467419213,0.0330010852026864,-0.0279175032037974));
#4104=CARTESIAN_POINT('',(0.024474289347998,0.0330001683354114,-0.0278531063821543));
#4105=CARTESIAN_POINT('',(0.0244883323739313,0.0329999626709681,-0.0278407312690796));
#4106=CARTESIAN_POINT('',(0.024574293771026,0.0329999801773248,-0.0277505195388462));
#4107=CARTESIAN_POINT('',(0.0246551803238196,0.032999937280925,-0.0276487561994954));
#4108=CARTESIAN_POINT('',(0.0247908611439232,0.0329999167988155,-0.027443700883711));
#4109=CARTESIAN_POINT('',(0.0248982635655089,0.0329999581113243,-0.0271756471308551));
#4110=CARTESIAN_POINT('',(0.0249595667776638,0.0329999831913111,-0.026927137018086));
#4111=CARTESIAN_POINT('',(0.0249951140230065,0.0330002262922877,-0.026672821231599));
#4112=CARTESIAN_POINT('',(0.0250006949093068,0.0329969612400918,-0.0264140954659713));
#4113=CARTESIAN_POINT('',(0.024999999999999,0.0329985227843735,-0.0263515034489813));
#4114=CARTESIAN_POINT('',(0.025,0.0330001004895263,-0.0263280841482173));
#4115=CARTESIAN_POINT('',(0.0249999999999999,0.00199966005435773,-0.0263281440437839));
#4116=CARTESIAN_POINT('',(0.0249999999990121,0.00199965372303913,-0.0265781313213045));
#4117=CARTESIAN_POINT('',(0.0249739427222695,0.00199964106040194,-0.0271145688907457));
#4118=CARTESIAN_POINT('',(0.0245598970230266,0.00199962206644614,-0.027887959024025));
#4119=CARTESIAN_POINT('',(0.0237865142808223,0.00199960307249035,-0.028302014127119));
#4120=CARTESIAN_POINT('',(0.0232500732800772,0.00199959040985315,-0.0283280773666055));
#4121=CARTESIAN_POINT('',(0.0230000860021194,0.00199958407853455,-0.0283280773682489));
#4122=CARTESIAN_POINT('',(0.0231268306483124,0.00200000000000001,-0.0283280773682491));
#4123=CARTESIAN_POINT('',(0.00187331961386003,0.00200000000000001,-0.0283280773682491));
#4124=CARTESIAN_POINT('',(0.0231268306483124,0.00170000000000001,-0.0283280773682491));
#4125=CARTESIAN_POINT('',(0.00187331961386003,0.00170000000000001,-0.0283280773682491));
#4126=CARTESIAN_POINT('',(0.0231268306483124,0.00140000000000001,-0.0283280773682491));
#4127=CARTESIAN_POINT('',(0.00187331961386003,0.00140000000000001,-0.0283280773682491));
#4128=CARTESIAN_POINT('',(0.0231268306483124,0.000666666666666682,-0.0281280773682491));
#4129=CARTESIAN_POINT('',(0.00187331961386003,0.000666666666666682,-0.0281280773682491));
#4130=CARTESIAN_POINT('',(0.0231268306483124,0.000200000000000008,-0.0276614107015824));
#4131=CARTESIAN_POINT('',(0.00187331961386003,0.000200000000000008,-0.0276614107015824));
#4132=CARTESIAN_POINT('',(0.0231268306483124,2.03405001175664E-18,-0.0269280773682491));
#4133=CARTESIAN_POINT('',(0.00187331961386003,2.03405001175664E-18,-0.0269280773682491));
#4134=CARTESIAN_POINT('',(0.0231268306483124,-1.62861450922245E-33,-0.0266280773682492));
#4135=CARTESIAN_POINT('',(0.00187331961386003,-1.62861450922245E-33,-0.0266280773682492));
#4136=CARTESIAN_POINT('',(0.0231268306483124,9.62195295633189E-48,-0.0263280773682491));
#4137=CARTESIAN_POINT('',(0.00187331961386003,9.62195295633189E-48,-0.0263280773682491));
#4138=CARTESIAN_POINT('',(0.0019999999642366,1.43002349073106E-26,-0.0263280774046578));
#4139=CARTESIAN_POINT('',(0.00199994401493041,2.94565405987301E-19,-0.0265780675842024));
#4140=CARTESIAN_POINT('',(0.00199983211631803,2.60378491985976E-5,-0.0271145007592971));
#4141=CARTESIAN_POINT('',(0.00199966426839946,0.000440062357644364,-0.0278879213653127));
#4142=CARTESIAN_POINT('',(0.00199949642048089,0.00121343792354106,-0.0283020031799344));
#4143=CARTESIAN_POINT('',(0.00199938452186852,0.0017498920093418,-0.0283280773651647));
#4144=CARTESIAN_POINT('',(0.00199932857256233,0.001999882190942,-0.0283280773682486));
#4145=CARTESIAN_POINT('',(0.0230008216896102,0.00199985171014407,-0.0283280773682481));
#4146=CARTESIAN_POINT('',(0.02300075321851,0.00174986406735533,-0.0283280773633621));
#4147=CARTESIAN_POINT('',(0.0230006162763098,0.00121341107937221,-0.0283019947644106));
#4148=CARTESIAN_POINT('',(0.0230004108630094,0.000440051536355466,-0.0278879079498085));
#4149=CARTESIAN_POINT('',(0.0230002054497091,2.60368587597774E-5,-0.0271144917098665));
#4150=CARTESIAN_POINT('',(0.0230000685075088,2.84210572713068E-19,-0.0265780650435442));
#4151=CARTESIAN_POINT('',(0.0230000000364087,1.35530650651916E-26,-0.0263280774040124));
#4152=CARTESIAN_POINT('',(0.023,0.,-0.0229852813742384));
#4153=CARTESIAN_POINT('',(0.0230000000000018,0.,-0.0228534913949326));
#4154=CARTESIAN_POINT('',(0.0229999999999992,-1.51813601343026E-6,-0.0226553382711413));
#4155=CARTESIAN_POINT('',(0.0229999999999997,-1.28565952596269E-5,-0.022466732127447));
#4156=CARTESIAN_POINT('',(0.0230000000000005,-3.76409844487254E-5,-0.0221844944861429));
#4157=CARTESIAN_POINT('',(0.0230000000000002,-6.46628023223748E-5,-0.0219952555158508));
#4158=CARTESIAN_POINT('',(0.0229999999999998,-0.000139819335867198,-0.021611625899792));
#4159=CARTESIAN_POINT('',(0.023,-0.000236036784014407,-0.0212236349982875));
#4160=CARTESIAN_POINT('',(0.023,-0.000430457606936368,-0.0206779878257379));
#4161=CARTESIAN_POINT('',(0.023,-0.000678449863168881,-0.0201556254047898));
#4162=CARTESIAN_POINT('',(0.023,-0.000884065188962829,-0.0198141290694814));
#4163=CARTESIAN_POINT('',(0.023,-0.00110227263290397,-0.0194894915590459));
#4164=CARTESIAN_POINT('',(0.023,-0.00121739117206967,-0.0193359332484298));
#4165=CARTESIAN_POINT('',(0.023,-0.00139967738596862,-0.0191185114071244));
#4166=CARTESIAN_POINT('',(0.023,-0.00152510743498091,-0.0189770411407141));
#4167=CARTESIAN_POINT('',(0.023,-0.0016641695275078,-0.0188358304724921));
#4168=CARTESIAN_POINT('',(0.023,-0.00175735931288072,-0.0187426406871191));
#4169=CARTESIAN_POINT('',(0.0230625,-1.08420217248551E-19,-0.0229852813742384));
#4170=CARTESIAN_POINT('',(0.0230625000000018,7.38841299820437E-12,-0.0228534913949326));
#4171=CARTESIAN_POINT('',(0.0230624999999992,-1.51813917125849E-6,-0.0226553382711413));
#4172=CARTESIAN_POINT('',(0.0230624999999997,-1.28565963323839E-5,-0.0224667321274468));
#4173=CARTESIAN_POINT('',(0.0230625000000005,-3.76409823032118E-5,-0.0221844944861431));
#4174=CARTESIAN_POINT('',(0.0230625000000002,-6.46628015547941E-5,-0.0219952555158534));
#4175=CARTESIAN_POINT('',(0.0230624999999998,-0.000139819336634779,-0.0216116258997894));
#4176=CARTESIAN_POINT('',(0.0230625,-0.000236036783638712,-0.0212236349982693));
#4177=CARTESIAN_POINT('',(0.0230625,-0.00043045760709993,-0.0206779878258056));
#4178=CARTESIAN_POINT('',(0.0230625,-0.00067844986289033,-0.020155625404537));
#4179=CARTESIAN_POINT('',(0.0230625,-0.000884065189503741,-0.019814129070026));
#4180=CARTESIAN_POINT('',(0.0230625,-0.00110227263236306,-0.0194894915585013));
#4181=CARTESIAN_POINT('',(0.0230625,-0.00121739117055275,-0.0193359332469125));
#4182=CARTESIAN_POINT('',(0.0230625,-0.00139967738672708,-0.019118511407883));
#4183=CARTESIAN_POINT('',(0.0230625,-0.00152510743721387,-0.0189770411429469));
#4184=CARTESIAN_POINT('',(0.0230625,-0.00166416952228342,-0.0188358304672677));
#4185=CARTESIAN_POINT('',(0.0230625,-0.00175735931288072,-0.0187426406871191));
#4186=CARTESIAN_POINT('',(0.0231250745985243,5.08626302081177E-8,-0.0229852813742384));
#4187=CARTESIAN_POINT('',(0.0231250745985262,5.0875573642995E-8,-0.0228534913949212));
#4188=CARTESIAN_POINT('',(0.0231250745985235,-1.46727956386952E-6,-0.0226553366117067));
#4189=CARTESIAN_POINT('',(0.023125074598524,-1.28058482245499E-5,-0.0224667286063217));
#4190=CARTESIAN_POINT('',(0.0231250745985249,-3.75904750213558E-5,-0.0221844881866879));
#4191=CARTESIAN_POINT('',(0.0231250745985245,-6.46125559510116E-5,-0.0219952474349936));
#4192=CARTESIAN_POINT('',(0.0231250745985241,-0.000139769748960263,-0.0216116144525887));
#4193=CARTESIAN_POINT('',(0.0231250745985243,-0.000235987987256493,-0.021223620360446));
#4194=CARTESIAN_POINT('',(0.0231250745985243,-0.000430410534393773,-0.0206779683248893));
#4195=CARTESIAN_POINT('',(0.0231250745985243,-0.000678405006938759,-0.0201556012542755));
#4196=CARTESIAN_POINT('',(0.0231250745985243,-0.000884022024108173,-0.0198141021118456));
#4197=CARTESIAN_POINT('',(0.0231250745985243,-0.00110223138260902,-0.0194894617530391));
#4198=CARTESIAN_POINT('',(0.0231250745985243,-0.00121735099878625,-0.0193359019914671));
#4199=CARTESIAN_POINT('',(0.0231250745985243,-0.00139963901153366,-0.019118478014502));
#4200=CARTESIAN_POINT('',(0.0231250745985243,-0.00152507030053971,-0.0189770063532743));
#4201=CARTESIAN_POINT('',(0.0231250745985243,-0.00166413355303662,-0.0188357944980371));
#4202=CARTESIAN_POINT('',(0.0231250745985243,-0.00175732334756999,-0.0187426047218084));
#4203=CARTESIAN_POINT('',(0.0232520616319444,3.5400390624996E-6,-0.0229852813742384));
#4204=CARTESIAN_POINT('',(0.0232520616319463,3.54006066806413E-6,-0.0228534913941376));
#4205=CARTESIAN_POINT('',(0.0232520616319437,2.02184867309125E-6,-0.0226552227744912));
#4206=CARTESIAN_POINT('',(0.0232520616319442,-9.32447395491114E-6,-0.0224664870571458));
#4207=CARTESIAN_POINT('',(0.023252061631945,-3.41257836304743E-5,-0.022184056044042));
#4208=CARTESIAN_POINT('',(0.0232520616319446,-6.11657462213707E-5,-0.0219946930878753));
#4209=CARTESIAN_POINT('',(0.0232520616319442,-0.000136367995798675,-0.0216108291747492));
#4210=CARTESIAN_POINT('',(0.0232520616319444,-0.000232640574373181,-0.0212226162066904));
#4211=CARTESIAN_POINT('',(0.0232520616319445,-0.000427181338507062,-0.0206766305586153));
#4212=CARTESIAN_POINT('',(0.0232520616319445,-0.00067532790270134,-0.0201539445590728));
#4213=CARTESIAN_POINT('',(0.0232520616319444,-0.000881060850707476,-0.0198122527532165));
#4214=CARTESIAN_POINT('',(0.0232520616319444,-0.00109940167674668,-0.0194874171257843));
#4215=CARTESIAN_POINT('',(0.0232520616319444,-0.00121459529206476,-0.0193337579443908));
#4216=CARTESIAN_POINT('',(0.0232520616319444,-0.00139700643503458,-0.0191161871903281));
#4217=CARTESIAN_POINT('',(0.0232520616319444,-0.00152252261214052,-0.0189746196691862));
#4218=CARTESIAN_POINT('',(0.0232520616319444,-0.00166166632604148,-0.0188333272721501));
#4219=CARTESIAN_POINT('',(0.0232520616319444,-0.00175485612725396,-0.0187401375014924));
#4220=CARTESIAN_POINT('',(0.0233164605034722,6.97157118055507E-6,-0.0229852813742384));
#4221=CARTESIAN_POINT('',(0.0233164605034741,6.971595891784E-6,-0.022853491393367));
#4222=CARTESIAN_POINT('',(0.0233164605034714,5.45333570573058E-6,-0.0226551108179683));
#4223=CARTESIAN_POINT('',(0.023316460503472,-5.90061431481573E-6,-0.0224662494985784));
#4224=CARTESIAN_POINT('',(0.0233164605034728,-3.07183336110332E-5,-0.0221836310407787));
#4225=CARTESIAN_POINT('',(0.0233164605034724,-5.77758814325518E-5,-0.0219941478990651));
#4226=CARTESIAN_POINT('',(0.023316460503472,-0.000133022442078335,-0.0216100568704037));
#4227=CARTESIAN_POINT('',(0.0233164605034722,-0.000229348464018794,-0.0212216286424659));
#4228=CARTESIAN_POINT('',(0.0233164605034722,-0.000424005491703695,-0.0206753148933867));
#4229=CARTESIAN_POINT('',(0.0233164605034722,-0.000672301635181167,-0.0201523152341413));
#4230=CARTESIAN_POINT('',(0.0233164605034722,-0.000878148598142542,-0.0198104339472464));
#4231=CARTESIAN_POINT('',(0.0233164605034722,-0.00109661872055147,-0.0194854062779989));
#4232=CARTESIAN_POINT('',(0.0233164605034722,-0.00121188511319353,-0.0193316493200008));
#4233=CARTESIAN_POINT('',(0.0233164605034722,-0.00139441735049727,-0.0191139342120619));
#4234=CARTESIAN_POINT('',(0.0233164605034722,-0.00152001701219544,-0.0189722724136171));
#4235=CARTESIAN_POINT('',(0.0233164605034722,-0.00165923986367,-0.0188309008108684));
#4236=CARTESIAN_POINT('',(0.0233164605034722,-0.00175242966762342,-0.0187377110418619));
#4237=CARTESIAN_POINT('',(0.0235125868055556,2.56076388888882E-5,-0.0229852813742384));
#4238=CARTESIAN_POINT('',(0.0235125868055574,2.56076706145445E-5,-0.0228534913891818));
#4239=CARTESIAN_POINT('',(0.0235125868055548,2.4089162773564E-5,-0.0226545028011201));
#4240=CARTESIAN_POINT('',(0.0235125868055553,1.26937869001772E-5,-0.0224649593583743));
#4241=CARTESIAN_POINT('',(0.0235125868055561,-1.22130545481554E-5,-0.0221813229202896));
#4242=CARTESIAN_POINT('',(0.0235125868055557,-3.93661029310165E-5,-0.0219911870712939));
#4243=CARTESIAN_POINT('',(0.0235125868055553,-0.000114853307411553,-0.0216058626167677));
#4244=CARTESIAN_POINT('',(0.0235125868055556,-0.000211469572713717,-0.0212162653490341));
#4245=CARTESIAN_POINT('',(0.0235125868055555,-0.000406758007264936,-0.0206681697390504));
#4246=CARTESIAN_POINT('',(0.0235125868055556,-0.000655866490996397,-0.0201434666476962));
#4247=CARTESIAN_POINT('',(0.0235125868055556,-0.000862332648708945,-0.0198005563204218));
#4248=CARTESIAN_POINT('',(0.0235125868055556,-0.0010815049591691,-0.0194744857061668));
#4249=CARTESIAN_POINT('',(0.0235125868055556,-0.00119716659438987,-0.0193201977413446));
#4250=CARTESIAN_POINT('',(0.0235125868055556,-0.00138035647140584,-0.0191016986690035));
#4251=CARTESIAN_POINT('',(0.0235125868055556,-0.00150640952176918,-0.0189595248645846));
#4252=CARTESIAN_POINT('',(0.0235125868055556,-0.00164606216589953,-0.0188177231190166));
#4253=CARTESIAN_POINT('',(0.0235125868055556,-0.00173925197777221,-0.0187245333520106));
#4254=CARTESIAN_POINT('',(0.0236475694444444,4.9479166666666E-5,-0.0229852813742384));
#4255=CARTESIAN_POINT('',(0.0236475694444463,4.94792001024402E-5,-0.0228534913838209));
#4256=CARTESIAN_POINT('',(0.0236475694444437,4.79603854166301E-5,-0.0226537239731341));
#4257=CARTESIAN_POINT('',(0.0236475694444442,3.65119438068052E-5,-0.0224633067770358));
#4258=CARTESIAN_POINT('',(0.023647569444445,1.14909398099429E-5,-0.0221783663758492));
#4259=CARTESIAN_POINT('',(0.0236475694444446,-1.57844369017207E-5,-0.0219873944534767));
#4260=CARTESIAN_POINT('',(0.0236475694444442,-9.15798881597441E-5,-0.0216004900648057));
#4261=CARTESIAN_POINT('',(0.0236475694444445,-0.000188567936477428,-0.021209395337087));
#4262=CARTESIAN_POINT('',(0.0236475694444444,-0.000384665159496743,-0.0206590172851032));
#4263=CARTESIAN_POINT('',(0.0236475694444444,-0.000634814195953934,-0.0201321322140708));
#4264=CARTESIAN_POINT('',(0.0236475694444444,-0.000842073498974645,-0.0197879037556853));
#4265=CARTESIAN_POINT('',(0.0236475694444444,-0.00106214526535456,-0.0194604972012996));
#4266=CARTESIAN_POINT('',(0.0236475694444444,-0.0011783131802398,-0.0193055290540215));
#4267=CARTESIAN_POINT('',(0.0236475694444444,-0.00136234544649533,-0.0190860257746737));
#4268=CARTESIAN_POINT('',(0.0236475694444444,-0.00148897925526904,-0.0189431961241784));
#4269=CARTESIAN_POINT('',(0.0236475694444444,-0.0016291824417307,-0.0188008434024291));
#4270=CARTESIAN_POINT('',(0.0236475694444444,-0.00172237225860326,-0.0187076536328417));
#4271=CARTESIAN_POINT('',(0.0239149305555556,0.000127604166666666,-0.0229852813742384));
#4272=CARTESIAN_POINT('',(0.0239149305555574,0.00012760420195461,-0.0228534913662761));
#4273=CARTESIAN_POINT('',(0.0239149305555548,0.000126084388394381,-0.0226511750815434));
#4274=CARTESIAN_POINT('',(0.0239149305555553,0.000114462276044917,-0.0224578983290192));
#4275=CARTESIAN_POINT('',(0.0239149305555561,8.90676475308802E-5,-0.0221686904122258));
#4276=CARTESIAN_POINT('',(0.0239149305555557,6.13919242596783E-5,-0.02197498224971));
#4277=CARTESIAN_POINT('',(0.0239149305555554,-1.54123338557078E-5,-0.0215829071674768));
#4278=CARTESIAN_POINT('',(0.0239149305555556,-0.000113617127167253,-0.021186911661633));
#4279=CARTESIAN_POINT('',(0.0239149305555555,-0.000312361293990668,-0.0206290637994235));
#4280=CARTESIAN_POINT('',(0.0239149305555556,-0.000565915775956141,-0.0200950377041519));
#4281=CARTESIAN_POINT('',(0.0239149305555556,-0.000775770826842785,-0.0197464953617259));
#4282=CARTESIAN_POINT('',(0.0239149305555556,-0.00099878626769021,-0.0194147166401921));
#4283=CARTESIAN_POINT('',(0.0239149305555556,-0.00111661109833563,-0.0192575224417327));
#4284=CARTESIAN_POINT('',(0.0239149305555556,-0.00130340027367654,-0.0190347326655736));
#4285=CARTESIAN_POINT('',(0.0239149305555556,-0.00143193474559142,-0.0188897566089903));
#4286=CARTESIAN_POINT('',(0.0239149305555556,-0.00157393971073509,-0.0187456006962452));
#4287=CARTESIAN_POINT('',(0.0239149305555556,-0.00166712954132306,-0.0186524109155615));
#4288=CARTESIAN_POINT('',(0.024046875,0.000181640624999999,-0.0229852813742384));
#4289=CARTESIAN_POINT('',(0.0240468750000018,0.000181640660383804,-0.0228534913541409));
#4290=CARTESIAN_POINT('',(0.0240468749999992,0.000180120157627226,-0.0226494120981932));
#4291=CARTESIAN_POINT('',(0.0240468749999997,0.000168377922681698,-0.0224541574858077));
#4292=CARTESIAN_POINT('',(0.0240468750000005,0.000142724870027019,-0.0221619978707196));
#4293=CARTESIAN_POINT('',(0.0240468750000002,0.000114772240606513,-0.0219663971421044));
#4294=CARTESIAN_POINT('',(0.0240468749999998,3.727022466105E-5,-0.0215707456634915));
#4295=CARTESIAN_POINT('',(0.024046875,-6.17761507879833E-5,-0.0211713604527803));
#4296=CARTESIAN_POINT('',(0.024046875,-0.000262351120322728,-0.0206083459718174));
#4297=CARTESIAN_POINT('',(0.024046875,-0.000518261035502353,-0.0200693806681652));
#4298=CARTESIAN_POINT('',(0.024046875,-0.000729911478531477,-0.0197178545558167));
#4299=CARTESIAN_POINT('',(0.024046875,-0.00095496296105914,-0.01938305175218));
#4300=CARTESIAN_POINT('',(0.024046875,-0.00107393382526193,-0.0192243178684764));
#4301=CARTESIAN_POINT('',(0.024046875,-0.0012626298623552,-0.0189992549316577));
#4302=CARTESIAN_POINT('',(0.024046875,-0.00139247895937286,-0.0188527942772937));
#4303=CARTESIAN_POINT('',(0.024046875,-0.00153573015596788,-0.0187073911586393));
#4304=CARTESIAN_POINT('',(0.024046875,-0.00162891999520425,-0.0186142013694427));
#4305=CARTESIAN_POINT('',(0.024291015625,0.000319335937499999,-0.0229852813742384));
#4306=CARTESIAN_POINT('',(0.0242910156250018,0.000319335973008183,-0.0228534913232183));
#4307=CARTESIAN_POINT('',(0.0242910156249992,0.000317813714217587,-0.0226449196767646));
#4308=CARTESIAN_POINT('',(0.0242910156249997,0.000305765383707291,-0.0224446250961784));
#4309=CARTESIAN_POINT('',(0.0242910156250005,0.000279453816473329,-0.0221449439848334));
#4310=CARTESIAN_POINT('',(0.0242910156250002,0.000250795576827258,-0.0219445206329646));
#4311=CARTESIAN_POINT('',(0.0242910156249998,0.000171515539448135,-0.0215397558069505));
#4312=CARTESIAN_POINT('',(0.024291015625,7.03246504615294E-5,-0.0211317329748004));
#4313=CARTESIAN_POINT('',(0.024291015625,-0.000134915557298758,-0.0205555529532781));
#4314=CARTESIAN_POINT('',(0.024291015625,-0.000396827570374626,-0.0200040015945406));
#4315=CARTESIAN_POINT('',(0.024291015625,-0.000613053018669187,-0.0196448722612319));
#4316=CARTESIAN_POINT('',(0.024291015625,-0.000843292727905614,-0.0193023635134594));
#4317=CARTESIAN_POINT('',(0.024291015625,-0.000965183906550535,-0.0191397062149624));
#4318=CARTESIAN_POINT('',(0.024291015625,-0.00115873899493973,-0.0189088508265464));
#4319=CARTESIAN_POINT('',(0.024291015625,-0.00129193801011704,-0.0187586071308258));
#4320=CARTESIAN_POINT('',(0.024291015625,-0.00143836484480848,-0.0186100258912102));
#4321=CARTESIAN_POINT('',(0.024291015625,-0.0015315547059979,-0.0185168360802363));
#4322=CARTESIAN_POINT('',(0.0244027777777778,0.000402777777777777,-0.0229852813742384));
#4323=CARTESIAN_POINT('',(0.0244027777777796,0.000402777813268287,-0.0228534913044795));
#4324=CARTESIAN_POINT('',(0.024402777777777,0.000401254490473264,-0.0226421973189406));
#4325=CARTESIAN_POINT('',(0.0244027777777775,0.000389020669401401,-0.0224388485732273));
#4326=CARTESIAN_POINT('',(0.0244027777777783,0.0003623100495568,-0.02213460951813));
#4327=CARTESIAN_POINT('',(0.024402777777778,0.000333224217915899,-0.0219312637097742));
#4328=CARTESIAN_POINT('',(0.0244027777777776,0.000252866719182994,-0.0215209762957763));
#4329=CARTESIAN_POINT('',(0.0244027777777778,0.000150376278637157,-0.0211077191603274));
#4330=CARTESIAN_POINT('',(0.0244027777777778,-5.76910120126692E-5,-0.0205235609664714));
#4331=CARTESIAN_POINT('',(0.0244027777777778,-0.000323240230202231,-0.0199643825972094));
#4332=CARTESIAN_POINT('',(0.0244027777777778,-0.000542238081204454,-0.0196006457958699));
#4333=CARTESIAN_POINT('',(0.0244027777777778,-0.000775621798601895,-0.0192534673309791));
#4334=CARTESIAN_POINT('',(0.0244027777777778,-0.000899282655593225,-0.0190884324864139));
#4335=CARTESIAN_POINT('',(0.0244027777777778,-0.00109578227543255,-0.0188540669362054));
#4336=CARTESIAN_POINT('',(0.0244027777777778,-0.00123101130403871,-0.0187015307591399));
#4337=CARTESIAN_POINT('',(0.0244027777777778,-0.00137936254047586,-0.0185510236133777));
#4338=CARTESIAN_POINT('',(0.0244027777777778,-0.0014725524149028,-0.0184578337891412));
#4339=CARTESIAN_POINT('',(0.0245972222222222,0.000597222222222221,-0.0229852813742384));
#4340=CARTESIAN_POINT('',(0.0245972222222241,0.000597222257725354,-0.0228534912608127));
#4341=CARTESIAN_POINT('',(0.0245972222222215,0.000595696455404977,-0.0226358534109815));
#4342=CARTESIAN_POINT('',(0.024597222222222,0.000583030385861526,-0.0224253875470525));
#4343=CARTESIAN_POINT('',(0.0245972222222228,0.000555389854105039,-0.0221105271197784));
#4344=CARTESIAN_POINT('',(0.0245972222222224,0.000525307605217777,-0.0219003711137312));
#4345=CARTESIAN_POINT('',(0.024597222222222,0.000442439299261756,-0.0214772144179816));
#4346=CARTESIAN_POINT('',(0.0245972222222223,0.000336920514908716,-0.0210517597903199));
#4347=CARTESIAN_POINT('',(0.0245972222222222,0.000122265275570888,-0.0204490100687374));
#4348=CARTESIAN_POINT('',(0.0245972222222222,-0.000151759718381043,-0.0198720584837908));
#4349=CARTESIAN_POINT('',(0.0245972222222222,-0.000377218096895261,-0.019497584903899));
#4350=CARTESIAN_POINT('',(0.0245972222222222,-0.000617928293640525,-0.0191395246014502));
#4351=CARTESIAN_POINT('',(0.0245972222222222,-0.000745713030464492,-0.0189689493634393));
#4352=CARTESIAN_POINT('',(0.0245972222222222,-0.000949074289278293,-0.0187264040864176));
#4353=CARTESIAN_POINT('',(0.0245972222222222,-0.00108903385634058,-0.0185685257421714));
#4354=CARTESIAN_POINT('',(0.0245972222222222,-0.0012418695243597,-0.0184135306590145));
#4355=CARTESIAN_POINT('',(0.0245972222222222,-0.00133505942967208,-0.0183203408039105));
#4356=CARTESIAN_POINT('',(0.0246806640625,0.000708984374999998,-0.0229852813742384));
#4357=CARTESIAN_POINT('',(0.0246806640625018,0.00070898441051039,-0.0228534912357142));
#4358=CARTESIAN_POINT('',(0.0246806640624992,0.000707457183016395,-0.0226322070799558));
#4359=CARTESIAN_POINT('',(0.0246806640624997,0.000694542667085816,-0.0224176504616954));
#4360=CARTESIAN_POINT('',(0.0246806640625006,0.000666367643549619,-0.0220966851162616));
#4361=CARTESIAN_POINT('',(0.0246806640625002,0.000635712677160262,-0.0218826147666752));
#4362=CARTESIAN_POINT('',(0.0246806640624998,0.00055140121749899,-0.021452061106526));
#4363=CARTESIAN_POINT('',(0.0246806640625,0.00044414181142641,-0.0210195956434965));
#4364=CARTESIAN_POINT('',(0.0246806640625,0.00022569997211724,-0.0204061599433658));
#4365=CARTESIAN_POINT('',(0.0246806640625,-5.31967009838196E-5,-0.0198189927266362));
#4366=CARTESIAN_POINT('',(0.0246806640625,-0.000282368440735401,-0.0194383478956791));
#4367=CARTESIAN_POINT('',(0.0246806640625,-0.000527289727730809,-0.0190740329656161));
#4368=CARTESIAN_POINT('',(0.0246806640625,-0.000657444774949652,-0.0189002732380689));
#4369=CARTESIAN_POINT('',(0.0246806640625,-0.000864749944557933,-0.0186530264439614));
#4370=CARTESIAN_POINT('',(0.0246806640625,-0.00100742851530872,-0.0184920775460344));
#4371=CARTESIAN_POINT('',(0.0246806640625,-0.00116284173049829,-0.0183345029006473));
#4372=CARTESIAN_POINT('',(0.0246806640625,-0.00125603165356291,-0.0182413130278014));
#4373=CARTESIAN_POINT('',(0.024818359375,0.000953124999999999,-0.0229852813742384));
#4374=CARTESIAN_POINT('',(0.0248183593750018,0.000953125035526247,-0.0228534911808872));
#4375=CARTESIAN_POINT('',(0.0248183593749992,0.000951594694788911,-0.0226242417937347));
#4376=CARTESIAN_POINT('',(0.0248183593749997,0.000938137456168003,-0.0224007490616433));
#4377=CARTESIAN_POINT('',(0.0248183593750005,0.000908794853501373,-0.0220664477299386));
#4378=CARTESIAN_POINT('',(0.0248183593750002,0.000876888805189965,-0.0218438266299025));
#4379=CARTESIAN_POINT('',(0.0248183593749998,0.000789424825298775,-0.0213971145523753));
#4380=CARTESIAN_POINT('',(0.024818359375,0.000678363090227196,-0.020949334157717));
#4381=CARTESIAN_POINT('',(0.024818359375,0.000451649551951505,-0.0203125553005638));
#4382=CARTESIAN_POINT('',(0.024818359375,0.000162110861291667,-0.0197030723833371));
#4383=CARTESIAN_POINT('',(0.024818359375,-7.51725899007526E-5,-0.0193089466641307));
#4384=CARTESIAN_POINT('',(0.024818359375,-0.000329292860452305,-0.0189309687125803));
#4385=CARTESIAN_POINT('',(0.024818359375,-0.00046462577018423,-0.0187502525758519));
#4386=CARTESIAN_POINT('',(0.024818359375,-0.000680546278906658,-0.018492735477431));
#4387=CARTESIAN_POINT('',(0.024818359375,-0.000829164420821662,-0.0183250790593274));
#4388=CARTESIAN_POINT('',(0.024818359375,-0.000990208200218536,-0.0181618694479034));
#4389=CARTESIAN_POINT('',(0.024818359375,-0.00108339816206228,-0.0180686795363007));
#4390=CARTESIAN_POINT('',(0.0248723958333333,0.00108506944444444,-0.0229852813742384));
#4391=CARTESIAN_POINT('',(0.0248723958333352,0.00108506947997926,-0.0228534911512563));
#4392=CARTESIAN_POINT('',(0.0248723958333326,0.00108353745670686,-0.022619936999048));
#4393=CARTESIAN_POINT('',(0.0248723958333331,0.00106978690662309,-0.0223916147938819));
#4394=CARTESIAN_POINT('',(0.0248723958333339,0.00103981329230197,-0.0220501061024858));
#4395=CARTESIAN_POINT('',(0.0248723958333335,0.00100723110371624,-0.0218228637968733));
#4396=CARTESIAN_POINT('',(0.0248723958333331,0.000918063361780791,-0.0213674189924432));
#4397=CARTESIAN_POINT('',(0.0248723958333333,0.000804946679125754,-0.0209113617280691));
#4398=CARTESIAN_POINT('',(0.0248723958333333,0.000573762747097491,-0.0202619671913872));
#4399=CARTESIAN_POINT('',(0.0248723958333333,0.00027847263717033,-0.019640423877803));
#4400=CARTESIAN_POINT('',(0.0248723958333333,3.68052565947737E-5,-0.0192390124874362));
#4401=CARTESIAN_POINT('',(0.0248723958333333,-0.000222286553514234,-0.0188536504318286));
#4402=CARTESIAN_POINT('',(0.0248723958333333,-0.000360417810275453,-0.0186691747424049));
#4403=CARTESIAN_POINT('',(0.0248723958333333,-0.000580994431159123,-0.018406107115075));
#4404=CARTESIAN_POINT('',(0.0248723958333333,-0.000732822581312207,-0.018234825654956));
#4405=CARTESIAN_POINT('',(0.0248723958333333,-0.000896909367854021,-0.0180685706574427));
#4406=CARTESIAN_POINT('',(0.0248723958333333,-0.000990099350655725,-0.0179753807248942));
#4407=CARTESIAN_POINT('',(0.0249505208333333,0.00135243055555556,-0.0229852813742384));
#4408=CARTESIAN_POINT('',(0.0249505208333351,0.00135243059110773,-0.0228534910912149));
#4409=CARTESIAN_POINT('',(0.0249505208333326,0.00135089515848796,-0.022611214125604));
#4410=CARTESIAN_POINT('',(0.0249505208333331,0.00133655026675576,-0.0223731058828915));
#4411=CARTESIAN_POINT('',(0.0249505208333338,0.0013052980235558,-0.0220169928047525));
#4412=CARTESIAN_POINT('',(0.0249505208333335,0.00127134576125632,-0.0217803864773142));
#4413=CARTESIAN_POINT('',(0.0249505208333331,0.00117872565938909,-0.0213072464104755));
#4414=CARTESIAN_POINT('',(0.0249505208333333,0.00106144500399915,-0.0208344175943089));
#4415=CARTESIAN_POINT('',(0.0249505208333333,0.000821202642524883,-0.020159459707003));
#4416=CARTESIAN_POINT('',(0.0249505208333333,0.000514258340924462,-0.0195134782218524));
#4417=CARTESIAN_POINT('',(0.0249505208333333,0.000263707735019918,-0.0190973037609761));
#4418=CARTESIAN_POINT('',(0.0249505208333333,-5.45798419235249E-6,-0.0186969791787263));
#4419=CARTESIAN_POINT('',(0.0249505208333333,-0.000149259575723455,-0.0185048854483148));
#4420=CARTESIAN_POINT('',(0.0249505208333333,-0.000379270950197014,-0.0182305706966168));
#4421=CARTESIAN_POINT('',(0.0249505208333333,-0.000537603590727261,-0.0180519437566244));
#4422=CARTESIAN_POINT('',(0.0249505208333333,-0.000707856470694334,-0.0178795178451934));
#4423=CARTESIAN_POINT('',(0.0249505208333333,-0.000801046495963488,-0.0177863278702019));
#4424=CARTESIAN_POINT('',(0.0249743923611111,0.00148741319444444,-0.0229852813742384));
#4425=CARTESIAN_POINT('',(0.0249743923611128,0.00148741323000539,-0.0228534910609017));
#4426=CARTESIAN_POINT('',(0.0249743923611104,0.00148587607610797,-0.0226068102073555));
#4427=CARTESIAN_POINT('',(0.0249743923611109,0.00147123111903053,-0.0223637612865961));
#4428=CARTESIAN_POINT('',(0.0249743923611116,0.00143933333430245,-0.0220002748898254));
#4429=CARTESIAN_POINT('',(0.0249743923611113,0.00140468936270919,-0.0217589409474718));
#4430=CARTESIAN_POINT('',(0.0249743923611109,0.00131032626743484,-0.0212768670712028));
#4431=CARTESIAN_POINT('',(0.0249743923611111,0.00119094334658945,-0.0207955707995047));
#4432=CARTESIAN_POINT('',(0.0249743923611111,0.000946127654664361,-0.0201077067400494));
#4433=CARTESIAN_POINT('',(0.0249743923611111,0.000633299499800332,-0.0194493871520462));
#4434=CARTESIAN_POINT('',(0.0249743923611111,0.000378264018770275,-0.0190257592578445));
#4435=CARTESIAN_POINT('',(0.0249743923611111,0.000104012283760741,-0.0186178805428257));
#4436=CARTESIAN_POINT('',(0.0249743923611111,-4.26520904220382E-5,-0.0184219406910713));
#4437=CARTESIAN_POINT('',(0.0249743923611111,-0.00027742679016582,-0.0181419476022328));
#4438=CARTESIAN_POINT('',(0.0249743923611111,-0.000439043353597527,-0.0179596121488628));
#4439=CARTESIAN_POINT('',(0.0249743923611111,-0.000612409309952992,-0.0177840707273208));
#4440=CARTESIAN_POINT('',(0.0249743923611111,-0.000705599356662699,-0.0176908807309012));
#4441=CARTESIAN_POINT('',(0.0249930284288195,0.00168353949652778,-0.0229852813742384));
#4442=CARTESIAN_POINT('',(0.0249930284288207,0.00168353953210144,-0.0228534910168574));
#4443=CARTESIAN_POINT('',(0.0249930284288189,0.0016819998772319,-0.0226004114274245));
#4444=CARTESIAN_POINT('',(0.0249930284288193,0.00166691893292656,-0.0223501838285543));
#4445=CARTESIAN_POINT('',(0.0249930284288198,0.00163408319296369,-0.0219759841894793));
#4446=CARTESIAN_POINT('',(0.0249930284288196,0.00159843418555971,-0.0217277811442644));
#4447=CARTESIAN_POINT('',(0.0249930284288193,0.00150153856570067,-0.0212327266727018));
#4448=CARTESIAN_POINT('',(0.0249930284288194,0.00137910110722608,-0.0207391274059285));
#4449=CARTESIAN_POINT('',(0.0249930284288195,0.00112764048379789,-0.0200325110103317));
#4450=CARTESIAN_POINT('',(0.0249930284288195,0.000806263241494975,-0.0193562644762626));
#4451=CARTESIAN_POINT('',(0.0249930284288195,0.000544711352274104,-0.0189218069351673));
#4452=CARTESIAN_POINT('',(0.0249930284288195,0.000263069767141144,-0.0185029522595536));
#4453=CARTESIAN_POINT('',(0.0249930284288195,0.000112245843406197,-0.0183014240924236));
#4454=CARTESIAN_POINT('',(0.0249930284288195,-0.000129449845425968,-0.0180131805257867));
#4455=CARTESIAN_POINT('',(0.0249930284288195,-0.000295837864359605,-0.0178254566978749));
#4456=CARTESIAN_POINT('',(0.0249930284288195,-0.000473727040628215,-0.0176453885202831));
#4457=CARTESIAN_POINT('',(0.0249930284288195,-0.000566917118490531,-0.017552198492729));
#4458=CARTESIAN_POINT('',(0.0249964599609375,0.00174793836805556,-0.0229852813742384));
#4459=CARTESIAN_POINT('',(0.0249964599609386,0.00174793840363339,-0.0228534910023953));
#4460=CARTESIAN_POINT('',(0.024996459960937,0.00174639792755945,-0.0225983103619257));
#4461=CARTESIAN_POINT('',(0.0249964599609373,0.00173117382506891,-0.0223457256148072));
#4462=CARTESIAN_POINT('',(0.0249964599609378,0.00169803010367763,-0.0219680082389092));
#4463=CARTESIAN_POINT('',(0.0249964599609376,0.00166205108866444,-0.0217175496957423));
#4464=CARTESIAN_POINT('',(0.0249964599609374,0.00156432390402474,-0.0212182329927513));
#4465=CARTESIAN_POINT('',(0.0249964599609375,0.00144088347565642,-0.0207205939873463));
#4466=CARTESIAN_POINT('',(0.0249964599609375,0.00118724096185639,-0.0200078201856637));
#4467=CARTESIAN_POINT('',(0.0249964599609375,0.000863056591810754,-0.019325687265708));
#4468=CARTESIAN_POINT('',(0.0249964599609375,0.000599365013372042,-0.0188876737658678));
#4469=CARTESIAN_POINT('',(0.0249964599609375,0.000315296940798832,-0.0184652150888084));
#4470=CARTESIAN_POINT('',(0.0249964599609375,0.000163107211996549,-0.0182618519755233));
#4471=CARTESIAN_POINT('',(0.0249964599609375,-8.08610118419565E-5,-0.0179708993308375));
#4472=CARTESIAN_POINT('',(0.0249964599609375,-0.000248815757658249,-0.017781406208159));
#4473=CARTESIAN_POINT('',(0.0249964599609375,-0.000428190151641068,-0.0175998516517482));
#4474=CARTESIAN_POINT('',(0.0249964599609375,-0.000521380239732478,-0.0175066616139709));
#4475=CARTESIAN_POINT('',(0.0249999491373698,0.00187492540147569,-0.0229852813742384));
#4476=CARTESIAN_POINT('',(0.0249999491373705,0.00187492543706176,-0.0228534909738777));
#4477=CARTESIAN_POINT('',(0.0249999491373695,0.00187338334166891,-0.022594167306801));
#4478=CARTESIAN_POINT('',(0.0249999491373697,0.00185787694800124,-0.0223369345393635));
#4479=CARTESIAN_POINT('',(0.02499994913737,0.00182412592329836,-0.0219522805983842));
#4480=CARTESIAN_POINT('',(0.0249999491373699,0.00178749617192433,-0.0216973744773793));
#4481=CARTESIAN_POINT('',(0.0249999491373697,0.00168812923891505,-0.0211896531531271));
#4482=CARTESIAN_POINT('',(0.0249999491373698,0.001562711071366,-0.0206840482562013));
#4483=CARTESIAN_POINT('',(0.0249999491373698,0.0013047661252563,-0.0199591327707618));
#4484=CARTESIAN_POINT('',(0.0249999491373698,0.000975046428022103,-0.0192653925871448));
#4485=CARTESIAN_POINT('',(0.0249999491373698,0.000707135633007558,-0.0188203671530694));
#4486=CARTESIAN_POINT('',(0.0249999491373698,0.00041828281134856,-0.0183908018071947));
#4487=CARTESIAN_POINT('',(0.0249999491373698,0.000263399874891914,-0.0181838203949674));
#4488=CARTESIAN_POINT('',(0.0249999491373698,1.49504781391503E-5,-0.0178875257656074));
#4489=CARTESIAN_POINT('',(0.0249999491373698,-0.000156093669622989,-0.0176945438008371));
#4490=CARTESIAN_POINT('',(0.0249999491373698,-0.000338396739016335,-0.0175100582794529));
#4491=CARTESIAN_POINT('',(0.0249999491373698,-0.000431586847278335,-0.0174168682215168));
#4492=CARTESIAN_POINT('',(0.025,0.0019375,-0.0229852813742384));
#4493=CARTESIAN_POINT('',(0.0250000000000004,0.00193750003559011,-0.0228534909598253));
#4494=CARTESIAN_POINT('',(0.0249999999999998,0.00193595714225573,-0.0225921257596909));
#4495=CARTESIAN_POINT('',(0.0249999999999999,0.00192031164574739,-0.0223326026166335));
#4496=CARTESIAN_POINT('',(0.0250000000000001,0.00188626136402683,-0.0219445305882841));
#4497=CARTESIAN_POINT('',(0.025,0.00184931095340572,-0.0216874328624348));
#4498=CARTESIAN_POINT('',(0.025,0.00174913601194751,-0.0211755700460397));
#4499=CARTESIAN_POINT('',(0.025,0.00162274328635196,-0.0206660398470544));
#4500=CARTESIAN_POINT('',(0.025,0.00136267825784326,-0.0199351413807858));
#4501=CARTESIAN_POINT('',(0.025,0.00103023095238644,-0.0192356815591554));
#4502=CARTESIAN_POINT('',(0.025,0.000760241080664535,-0.0187872008985278));
#4503=CARTESIAN_POINT('',(0.025,0.00046903050841464,-0.0183541336443402));
#4504=CARTESIAN_POINT('',(0.025,0.000312820457029995,-0.018145369265793));
#4505=CARTESIAN_POINT('',(0.025,6.21629009992651E-5,-0.0178464423003803));
#4506=CARTESIAN_POINT('',(0.025,-0.00011040359184989,-0.0176517411609248));
#4507=CARTESIAN_POINT('',(0.025,-0.00029414980613043,-0.0174658113664399));
#4508=CARTESIAN_POINT('',(0.025,-0.000387339924331772,-0.0173726212985702));
#4509=CARTESIAN_POINT('',(0.025,0.002,-0.0229852813742384));
#4510=CARTESIAN_POINT('',(0.025,0.00200000003559415,-0.0228534909457896));
#4511=CARTESIAN_POINT('',(0.025,0.0019984563452695,-0.0225900866464183));
#4512=CARTESIAN_POINT('',(0.025,0.00198267191175244,-0.0223282758582202));
#4513=CARTESIAN_POINT('',(0.025,0.00194832272977447,-0.0219367898173854));
#4514=CARTESIAN_POINT('',(0.025,0.00191105204218132,-0.0216775030994209));
#4515=CARTESIAN_POINT('',(0.025,0.00181007005554426,-0.0211615037281771));
#4516=CARTESIAN_POINT('',(0.025,0.00168270393372496,-0.0206480529066949));
#4517=CARTESIAN_POINT('',(0.025,0.00142052135028083,-0.0199111785922285));
#4518=CARTESIAN_POINT('',(0.025,0.00108534968832896,-0.0192060059512708));
#4519=CARTESIAN_POINT('',(0.025,0.000813283218478201,-0.0187540741832514));
#4520=CARTESIAN_POINT('',(0.025,0.000519717706437942,-0.0183175091955631));
#4521=CARTESIAN_POINT('',(0.025,0.000362182122249956,-0.0181069639762655));
#4522=CARTESIAN_POINT('',(0.025,0.000109319039405985,-0.0178054078129485));
#4523=CARTESIAN_POINT('',(0.025,-6.47679836612204E-5,-0.0176089895483278));
#4524=CARTESIAN_POINT('',(0.025,-0.00024995562237877,-0.0174216172025374));
#4525=CARTESIAN_POINT('',(0.025,-0.000343145750507613,-0.0173284271247461));
#4526=CARTESIAN_POINT('',(0.025,0.002,-0.0229852813742384));
#4527=CARTESIAN_POINT('',(0.025,0.00175,-0.0229852813742385));
#4528=CARTESIAN_POINT('',(0.0249739583333333,0.00121354166666667,-0.0229852813742385));
#4529=CARTESIAN_POINT('',(0.0245598958333333,0.000440104166666666,-0.0229852813742385));
#4530=CARTESIAN_POINT('',(0.0237864583333333,2.6041666666666E-5,-0.0229852813742384));
#4531=CARTESIAN_POINT('',(0.02325,-4.33680868994203E-19,-0.0229852813742385));
#4532=CARTESIAN_POINT('',(0.023,0.,-0.0229852813742384));
#4533=CARTESIAN_POINT('',(0.023,0.,-0.0263488096002151));
#4534=CARTESIAN_POINT('',(0.023,0.,-0.0229852813742384));
#4535=CARTESIAN_POINT('',(0.0233,-5.20417042793043E-19,-0.0263488096002151));
#4536=CARTESIAN_POINT('',(0.0233,-5.20417042793043E-19,-0.0229852813742384));
#4537=CARTESIAN_POINT('',(0.0236,-1.04083408558608E-18,-0.0263488096002151));
#4538=CARTESIAN_POINT('',(0.0236,-1.04083408558608E-18,-0.0229852813742384));
#4539=CARTESIAN_POINT('',(0.0243333333333334,0.000200000000000003,-0.0263488096002151));
#4540=CARTESIAN_POINT('',(0.0243333333333334,0.000200000000000003,-0.0229852813742384));
#4541=CARTESIAN_POINT('',(0.0248,0.000666666666666671,-0.0263488096002151));
#4542=CARTESIAN_POINT('',(0.0248,0.000666666666666671,-0.0229852813742384));
#4543=CARTESIAN_POINT('',(0.025,0.00140000000000001,-0.0263488096002151));
#4544=CARTESIAN_POINT('',(0.025,0.00140000000000001,-0.0229852813742384));
#4545=CARTESIAN_POINT('',(0.025,0.00170000000000001,-0.0263488096002151));
#4546=CARTESIAN_POINT('',(0.025,0.00170000000000001,-0.0229852813742384));
#4547=CARTESIAN_POINT('',(0.025,0.00200000000000001,-0.0263488096002151));
#4548=CARTESIAN_POINT('',(0.025,0.00200000000000001,-0.0229852813742384));
#4549=CARTESIAN_POINT('',(0.0230000000364087,-4.88588352078868E-26,-0.0263280774040121));
#4550=CARTESIAN_POINT('',(0.0232499902159531,-1.39099253539378E-19,-0.0263281333533183));
#4551=CARTESIAN_POINT('',(0.0237864233910478,2.60378491985684E-5,-0.0263282452519307));
#4552=CARTESIAN_POINT('',(0.0245598439970634,0.000440062357644173,-0.0263284130998493));
#4553=CARTESIAN_POINT('',(0.0249739258116852,0.00121343792354062,-0.0263285809477678));
#4554=CARTESIAN_POINT('',(0.0249999999969156,0.00174989200934136,-0.0263286928463802));
#4555=CARTESIAN_POINT('',(0.0249999999999995,0.00199988219094153,-0.0263287487956864));
#4556=CARTESIAN_POINT('',(-2.92405151223878E-6,0.0326052481145168,0.00858515853277575));
#4557=CARTESIAN_POINT('',(-2.28476180789378E-6,0.0326274330581624,0.00865158493928733));
#4558=CARTESIAN_POINT('',(1.64232037463133E-6,0.0326727124959945,0.00878328699115465));
#4559=CARTESIAN_POINT('',(2.64461513847953E-5,0.032765025669966,0.00904125489623622));
#4560=CARTESIAN_POINT('',(8.45900122967269E-5,0.0328504483616933,0.00929539988187443));
#4561=CARTESIAN_POINT('',(0.000166708525126019,0.0329075602972361,0.00950417845646211));
#4562=CARTESIAN_POINT('',(0.000222479256529751,0.0329338717465968,0.00961892548614841));
#4563=CARTESIAN_POINT('',(0.000268721972798851,0.0329505074056924,0.00970216526692909));
#4564=CARTESIAN_POINT('',(0.000319408706732247,0.0329637712486185,0.00978220363051962));
#4565=CARTESIAN_POINT('',(0.000374631949474468,0.0329735101070285,0.00985871122289537));
#4566=CARTESIAN_POINT('',(0.000434323857752333,0.0329795131482708,0.00993135685063787));
#4567=CARTESIAN_POINT('',(0.000498319125228319,0.0329815159002566,0.00999977827673484));
#4568=CARTESIAN_POINT('',(0.000566560257582717,0.0329794178982926,0.0100638289316517));
#4569=CARTESIAN_POINT('',(0.000663036093757604,0.0329713184417633,0.0101434099121169));
#4570=CARTESIAN_POINT('',(0.000793115248801179,0.0329519634382148,0.0102316269465736));
#4571=CARTESIAN_POINT('',(0.000962202274938563,0.0329151981808327,0.010319930827763));
#4572=CARTESIAN_POINT('',(0.00120010932544787,0.0328497666507497,0.0104140377545284));
#4573=CARTESIAN_POINT('',(0.00151721572831316,0.0327426273821949,0.0104878464227641));
#4574=CARTESIAN_POINT('',(0.00177958426817122,0.032643249571097,0.0105017917430129));
#4575=CARTESIAN_POINT('',(0.00191485167768013,0.0325948300278072,0.0105015454037519));
#4576=CARTESIAN_POINT('',(-2.50407744066517E-6,0.0326332200143138,0.00857912545005126));
#4577=CARTESIAN_POINT('',(-1.97768672962026E-6,0.0326554574649356,0.0086457262956325));
#4578=CARTESIAN_POINT('',(1.68301089212064E-6,0.0327008472822653,0.00877784277890889));
#4579=CARTESIAN_POINT('',(2.58763054059249E-5,0.0327935987662398,0.009036733441336));
#4580=CARTESIAN_POINT('',(8.34691188377074E-5,0.032879130371923,0.00929114902450457));
#4581=CARTESIAN_POINT('',(0.000165405144924442,0.0329362676638027,0.00950124215335635));
#4582=CARTESIAN_POINT('',(0.000221188240635394,0.0329627089863733,0.0096166287848284));
#4583=CARTESIAN_POINT('',(0.000267534562882221,0.0329794576798497,0.00970036169550895));
#4584=CARTESIAN_POINT('',(0.00031845929871208,0.0329928461206282,0.00978091311561602));
#4585=CARTESIAN_POINT('',(0.000373997686440933,0.0330027263471491,0.00985793306651661));
#4586=CARTESIAN_POINT('',(0.000434039665758586,0.0330088335310479,0.0099311106931519));
#4587=CARTESIAN_POINT('',(0.000498473124257784,0.0330109023222651,0.00999998984048843));
#4588=CARTESIAN_POINT('',(0.000567208969335586,0.0330087370059832,0.0100644690872853));
#4589=CARTESIAN_POINT('',(0.000664410383758794,0.0330004767773562,0.010144508654302));
#4590=CARTESIAN_POINT('',(0.000795333456324912,0.0329807910857568,0.0102331025527239));
#4591=CARTESIAN_POINT('',(0.000965153836088774,0.0329438243207049,0.0103213112148085));
#4592=CARTESIAN_POINT('',(0.00120436068412768,0.0328783910268004,0.0104151364500239));
#4593=CARTESIAN_POINT('',(0.00152203166900487,0.0327709810659057,0.0104882389917266));
#4594=CARTESIAN_POINT('',(0.00178517169368712,0.0326715331146271,0.0105016430339169));
#4595=CARTESIAN_POINT('',(0.00192077719579525,0.0326231473178392,0.0105012567253469));
#4596=CARTESIAN_POINT('',(-1.66953236747942E-6,0.0326928228493691,0.00856610106907933));
#4597=CARTESIAN_POINT('',(-1.37801270494215E-6,0.0327151670225463,0.0086330588130474));
#4598=CARTESIAN_POINT('',(1.69235248560353E-6,0.0327607811751289,0.00876600224482072));
#4599=CARTESIAN_POINT('',(2.46077995488076E-5,0.0328544207649888,0.00902695103524929));
#4600=CARTESIAN_POINT('',(8.08328760477729E-5,0.0329402062710165,0.0092814942544761));
#4601=CARTESIAN_POINT('',(0.000162320477115361,0.032997373802772,0.00949421107084703));
#4602=CARTESIAN_POINT('',(0.000218099567272365,0.0330240856073781,0.00961093566652408));
#4603=CARTESIAN_POINT('',(0.000264752742014679,0.0330410302969297,0.00969587205341916));
#4604=CARTESIAN_POINT('',(0.000316271696720762,0.033054654033596,0.00977770041392075));
#4605=CARTESIAN_POINT('',(0.000372530509952632,0.0330647232521735,0.00985605300970984));
#4606=CARTESIAN_POINT('',(0.00043352466394882,0.0330709809558147,0.00993045230987493));
#4607=CARTESIAN_POINT('',(0.00049902204848742,0.0330730850451159,0.010000487345274));
#4608=CARTESIAN_POINT('',(0.000568922781123855,0.033070811847739,0.0100659480530662));
#4609=CARTESIAN_POINT('',(0.000667719406899238,0.0330622957913904,0.0101470224855423));
#4610=CARTESIAN_POINT('',(0.000800751729978936,0.0330421277011823,0.0102365344059756));
#4611=CARTESIAN_POINT('',(0.000972242047986984,0.0330047582080931,0.0103246054682664));
#4612=CARTESIAN_POINT('',(0.00121403638795151,0.0329392739907999,0.0104177686519143));
#4613=CARTESIAN_POINT('',(0.00153245858393275,0.0328312744459228,0.0104891196807696));
#4614=CARTESIAN_POINT('',(0.00179731112398604,0.0327317687980266,0.0105013770294388));
#4615=CARTESIAN_POINT('',(0.0019336093772434,0.0326834545228748,0.0105007143990136));
#4616=CARTESIAN_POINT('',(-6.4768843607713E-7,0.0327838329191194,0.00854576239362003));
#4617=CARTESIAN_POINT('',(-5.61073221483615E-7,0.0328063681286543,0.00861333439026412));
#4618=CARTESIAN_POINT('',(1.33541166004404E-6,0.0328523144227345,0.00874691070129145));
#4619=CARTESIAN_POINT('',(2.26320564880432E-5,0.0329469807876381,0.00901161840532388));
#4620=CARTESIAN_POINT('',(7.60477564188495E-5,0.0330332957433165,0.00926515121041265));
#4621=CARTESIAN_POINT('',(0.000156194648148277,0.0330905616343364,0.00948013706211976));
#4622=CARTESIAN_POINT('',(0.000212679192323073,0.0331176868737024,0.00959954392260341));
#4623=CARTESIAN_POINT('',(0.000260432265138379,0.0331348777990064,0.0096868355668334));
#4624=CARTESIAN_POINT('',(0.000313263056756879,0.0331487267256188,0.00977101390690549));
#4625=CARTESIAN_POINT('',(0.000371087341967196,0.0331589269013991,0.00985159792296224));
#4626=CARTESIAN_POINT('',(0.000433794940280188,0.033165190880962,0.00992808613233396));
#4627=CARTESIAN_POINT('',(0.000501189871778169,0.0331672134709399,0.010000067511539));
#4628=CARTESIAN_POINT('',(0.000573049067386507,0.033164879341025,0.0100672765681555));
#4629=CARTESIAN_POINT('',(0.00067447766182756,0.0331561722628427,0.0101503420168673));
#4630=CARTESIAN_POINT('',(0.0008109844923046,0.033135668054779,0.010241938881014));
#4631=CARTESIAN_POINT('',(0.000986454694956682,0.0330977670980706,0.0103310758028078));
#4632=CARTESIAN_POINT('',(0.00123062707434813,0.0330316807174294,0.010422853833915));
#4633=CARTESIAN_POINT('',(0.00154893498987259,0.0329229513024035,0.0104903979651707));
#4634=CARTESIAN_POINT('',(0.00181668408318407,0.0328236828266145,0.0105012198965434));
#4635=CARTESIAN_POINT('',(0.00195373521130231,0.0327754567459525,0.0105001321680319));
#4636=CARTESIAN_POINT('',(-1.04269460227688E-7,0.0328783604676008,0.00852464283555364));
#4637=CARTESIAN_POINT('',(-1.38520789806033E-8,0.0329009714138307,0.00859264812882679));
#4638=CARTESIAN_POINT('',(1.02341166809431E-6,0.032947753047678,0.00872734503937821));
#4639=CARTESIAN_POINT('',(1.96262234584514E-5,0.0330423621405983,0.00899257032184153));
#4640=CARTESIAN_POINT('',(7.11878794061817E-5,0.0331290082717915,0.00924828104457738));
#4641=CARTESIAN_POINT('',(0.000151457480775121,0.0331875484612227,0.00946473521517453));
#4642=CARTESIAN_POINT('',(0.000209092311510003,0.0332150039546712,0.00958641027460137));
#4643=CARTESIAN_POINT('',(0.000257976668880248,0.0332324403100782,0.00967559800852548));
#4644=CARTESIAN_POINT('',(0.000312306930331422,0.0332464174985155,0.00976190538779396));
#4645=CARTESIAN_POINT('',(0.00037183392182297,0.0332566549680781,0.00984460524463057));
#4646=CARTESIAN_POINT('',(0.000436371373619925,0.0332628591573629,0.00992315098295953));
#4647=CARTESIAN_POINT('',(0.000505690649082436,0.0332648055258555,0.00999710644695602));
#4648=CARTESIAN_POINT('',(0.000579529937426766,0.0332624201559481,0.0100661732765672));
#4649=CARTESIAN_POINT('',(0.000683616091337851,0.0332536528255777,0.0101515143595931));
#4650=CARTESIAN_POINT('',(0.000823384136104704,0.0332328499979088,0.0102454481879459));
#4651=CARTESIAN_POINT('',(0.00100229361142171,0.0331943942425809,0.0103360260179548));
#4652=CARTESIAN_POINT('',(0.00124931955122895,0.033126337761337,0.010427869754532));
#4653=CARTESIAN_POINT('',(0.00156805790590306,0.0330177386440268,0.0104930901363881));
#4654=CARTESIAN_POINT('',(0.00183686737965361,0.0329191467720965,0.0105005574287336));
#4655=CARTESIAN_POINT('',(0.00197482773667589,0.0328707513879615,0.0105001514664101));
#4656=CARTESIAN_POINT('',(1.27373739748941E-7,0.0330041453724905,0.00849769156460495));
#4657=CARTESIAN_POINT('',(-2.77301842295865E-8,0.0330275246700825,0.00856675593647653));
#4658=CARTESIAN_POINT('',(7.36326504042432E-8,0.0330751343077879,0.00870230013811843));
#4659=CARTESIAN_POINT('',(1.6101597188989E-5,0.0331691719828218,0.00896577909676625));
#4660=CARTESIAN_POINT('',(6.73821307995619E-5,0.0332568131262175,0.00922572476243888));
#4661=CARTESIAN_POINT('',(0.000149595230303761,0.0333168249158807,0.00944458439542224));
#4662=CARTESIAN_POINT('',(0.000208829285432377,0.0333449157659759,0.00956799971695379));
#4663=CARTESIAN_POINT('',(0.000259259814575685,0.0333626291387445,0.00965888407133479));
#4664=CARTESIAN_POINT('',(0.000315416277041632,0.0333767469231432,0.00974715656865172));
#4665=CARTESIAN_POINT('',(0.000377013644161045,0.0333869896133533,0.00983202087339189));
#4666=CARTESIAN_POINT('',(0.000443752455813249,0.0333931209099647,0.00991281607774547));
#4667=CARTESIAN_POINT('',(0.000515339016999266,0.0333949811443957,0.0099890461851644));
#4668=CARTESIAN_POINT('',(0.000591455087614835,0.0333925367824701,0.0100603537658644));
#4669=CARTESIAN_POINT('',(0.000698502110299997,0.0333836604423536,0.0101485535143271));
#4670=CARTESIAN_POINT('',(0.000841654303559445,0.0333625237962483,0.0102452332461465));
#4671=CARTESIAN_POINT('',(0.00102382097089453,0.0333229141953235,0.0103385539297544));
#4672=CARTESIAN_POINT('',(0.00127402183183549,0.0332526554437569,0.0104294989010952));
#4673=CARTESIAN_POINT('',(0.0015945895586065,0.033143186492413,0.0104985217227547));
#4674=CARTESIAN_POINT('',(0.00186345148380463,0.0330459691979943,0.0104998803809349));
#4675=CARTESIAN_POINT('',(0.0020010300687142,0.0329975114273842,0.0104999170588598));
#4676=CARTESIAN_POINT('',(-3.47198990774096E-7,0.0331670435751802,0.0084750224698054));
#4677=CARTESIAN_POINT('',(-9.17479186061942E-8,0.0331889360396989,0.00854218623273823));
#4678=CARTESIAN_POINT('',(6.92207365378611E-7,0.033234835263868,0.00867582639341031));
#4679=CARTESIAN_POINT('',(1.76756550912538E-5,0.0333290511736561,0.00893812944415772));
#4680=CARTESIAN_POINT('',(7.06475493862447E-5,0.0334176721316272,0.00919767780658286));
#4681=CARTESIAN_POINT('',(0.000157228548068437,0.0334790640736574,0.00941930069870933));
#4682=CARTESIAN_POINT('',(0.000218790319695673,0.0335078071133016,0.0095434392512314));
#4683=CARTESIAN_POINT('',(0.000270994946238965,0.0335258704235468,0.00963492177619273));
#4684=CARTESIAN_POINT('',(0.000329033135962912,0.0335401532437246,0.00972409768709982));
#4685=CARTESIAN_POINT('',(0.00039259847377501,0.0335504268219308,0.00981021541024876));
#4686=CARTESIAN_POINT('',(0.000461347096522529,0.0335565046122745,0.00989259707314));
#4687=CARTESIAN_POINT('',(0.000534905215684428,0.033558277573032,0.00997066599198225));
#4688=CARTESIAN_POINT('',(0.000612874392344736,0.0335557223334949,0.0100439536221177));
#4689=CARTESIAN_POINT('',(0.000722126658161848,0.0335466263932358,0.0101347722258399));
#4690=CARTESIAN_POINT('',(0.000867392995819162,0.0335249267858426,0.0102346785498419));
#4691=CARTESIAN_POINT('',(0.00105114367420547,0.0334837985866673,0.0103303755590049));
#4692=CARTESIAN_POINT('',(0.00130314193213139,0.0334123061900089,0.0104258303729439));
#4693=CARTESIAN_POINT('',(0.00162275893794781,0.0332994303878984,0.0104989131472838));
#4694=CARTESIAN_POINT('',(0.00188986238407594,0.0332042596143745,0.0104999941970717));
#4695=CARTESIAN_POINT('',(0.00202433772989567,0.0331608363106375,0.0105004199283464));
#4696=CARTESIAN_POINT('',(8.85983683907845E-6,0.0333631361741264,0.00844297974140804));
#4697=CARTESIAN_POINT('',(1.07645323271387E-5,0.0333843867507646,0.00851124996685183));
#4698=CARTESIAN_POINT('',(1.44453497630131E-5,0.0334288012441397,0.00864667272164332));
#4699=CARTESIAN_POINT('',(3.52569554449712E-5,0.0335217898717169,0.00890866068567246));
#4700=CARTESIAN_POINT('',(9.28356974498102E-5,0.0336120830461211,0.00916533305832901));
#4701=CARTESIAN_POINT('',(0.00018442108479045,0.0336746402627496,0.00938509918860527));
#4702=CARTESIAN_POINT('',(0.0002486432031438,0.0337039406047786,0.00950829827236392));
#4703=CARTESIAN_POINT('',(0.000302626302878483,0.0337223147142101,0.00959904705448729));
#4704=CARTESIAN_POINT('',(0.000362226148674789,0.0337367796606206,0.00968764560584532));
#4705=CARTESIAN_POINT('',(0.000427150013843047,0.0337470991246239,0.00977351923058575));
#4706=CARTESIAN_POINT('',(0.000497033628298222,0.0337531286388833,0.00985606592946683));
#4707=CARTESIAN_POINT('',(0.000571467041395636,0.033754788345992,0.00993471529170693));
#4708=CARTESIAN_POINT('',(0.000650004977939106,0.0337520612740428,0.0100089512868384));
#4709=CARTESIAN_POINT('',(0.000759574188993952,0.03374264488162,0.0101014422447276));
#4710=CARTESIAN_POINT('',(0.000904391592957063,0.0337202816150518,0.0102038420090869));
#4711=CARTESIAN_POINT('',(0.00108674877117616,0.0336781527547165,0.0103035575001711));
#4712=CARTESIAN_POINT('',(0.00133649048490926,0.0336052883120563,0.0104061326403818));
#4713=CARTESIAN_POINT('',(0.00165332787499169,0.0334909013443649,0.0104813961786865));
#4714=CARTESIAN_POINT('',(0.00192013723792729,0.0334001797636685,0.010487804384944));
#4715=CARTESIAN_POINT('',(0.00205453035126885,0.0333584597555272,0.0104916124407833));
#4716=CARTESIAN_POINT('',(3.33402778830999E-5,0.0335548082516818,0.0084071192127114));
#4717=CARTESIAN_POINT('',(3.70583144047583E-5,0.0335754788073261,0.00847427917989512));
#4718=CARTESIAN_POINT('',(4.45457498680531E-5,0.0336191780767228,0.0086091233332797));
#4719=CARTESIAN_POINT('',(7.0772851337942E-5,0.0337126663915033,0.00887411596751633));
#4720=CARTESIAN_POINT('',(0.00013384886296349,0.0338047681640379,0.00912729096670611));
#4721=CARTESIAN_POINT('',(0.000229953781024393,0.0338688750923982,0.00934306133673709));
#4722=CARTESIAN_POINT('',(0.000296237603051753,0.033898794394523,0.00946382750222203));
#4723=CARTESIAN_POINT('',(0.000351516642290983,0.0339174169924099,0.00955285387983836));
#4724=CARTESIAN_POINT('',(0.000412098925906148,0.0339319427038564,0.0096399068560274));
#4725=CARTESIAN_POINT('',(0.000477641195416968,0.0339422177214726,0.00972450830169934));
#4726=CARTESIAN_POINT('',(0.000547743309296471,0.0339481350032971,0.00980616385226764));
#4727=CARTESIAN_POINT('',(0.000621978755695854,0.0339496532727787,0.009884369098904));
#4728=CARTESIAN_POINT('',(0.000699912181073508,0.0339467848729071,0.00995862510966284));
#4729=CARTESIAN_POINT('',(0.000808152719212087,0.0339371562734587,0.0100517495808332));
#4730=CARTESIAN_POINT('',(0.00095049914634254,0.0339144690790779,0.0101560568139997));
#4731=CARTESIAN_POINT('',(0.00112922135805007,0.0338716064940736,0.0102593373200861));
#4732=CARTESIAN_POINT('',(0.0013743914331851,0.0337974300551799,0.0103673550865382));
#4733=CARTESIAN_POINT('',(0.00168999474831789,0.0336834908162357,0.010446211474669));
#4734=CARTESIAN_POINT('',(0.00195670772507654,0.0335923693773435,0.0104598922475979));
#4735=CARTESIAN_POINT('',(0.00209043959888633,0.0335500828871979,0.0104674871795189));
#4736=CARTESIAN_POINT('',(8.67404030003652E-5,0.0338005342663068,0.00835126852331463));
#4737=CARTESIAN_POINT('',(9.35844458759035E-5,0.0338205629439101,0.00841623541462383));
#4738=CARTESIAN_POINT('',(0.000106466342410076,0.0338640744925683,0.0085478954269916));
#4739=CARTESIAN_POINT('',(0.000141564900095838,0.0339585258098411,0.00881250639966887));
#4740=CARTESIAN_POINT('',(0.000213195020495485,0.034054673444583,0.00906179918433367));
#4741=CARTESIAN_POINT('',(0.000313824665893109,0.0341223010586964,0.00927086601687416));
#4742=CARTESIAN_POINT('',(0.000382589913641813,0.0341525869941116,0.00938772876712291));
#4743=CARTESIAN_POINT('',(0.00043934319028569,0.0341710829047973,0.00947380205803444));
#4744=CARTESIAN_POINT('',(0.000500816847255649,0.034185350593613,0.00955807962353622));
#4745=CARTESIAN_POINT('',(0.000566565640159304,0.0341953350496346,0.009640280564622));
#4746=CARTESIAN_POINT('',(0.000636191175866547,0.0342010275130176,0.00972002991629106));
#4747=CARTESIAN_POINT('',(0.00070930342062679,0.0342023931657936,0.00979691371018012));
#4748=CARTESIAN_POINT('',(0.00078550544026514,0.0341994030984748,0.00987051766097815));
#4749=CARTESIAN_POINT('',(0.000890742966847145,0.0341897042201103,0.0099637012649338));
#4750=CARTESIAN_POINT('',(0.00102816094758338,0.0341670925199882,0.0100699056948514));
#4751=CARTESIAN_POINT('',(0.00120047244950037,0.0341241547443712,0.0101775534259462));
#4752=CARTESIAN_POINT('',(0.00143845757264854,0.0340479228316787,0.0102901075021074));
#4753=CARTESIAN_POINT('',(0.00175112259697794,0.0339314381109252,0.0103772817912829));
#4754=CARTESIAN_POINT('',(0.00201520692385238,0.0338385598419408,0.010400125424661));
#4755=CARTESIAN_POINT('',(0.00214670633550336,0.0337947993477316,0.0104150398393412));
#4756=CARTESIAN_POINT('',(0.000191285535486276,0.0340816939336075,0.0082612112139906));
#4757=CARTESIAN_POINT('',(0.000201676868511051,0.0341023806522452,0.0083248286289226));
#4758=CARTESIAN_POINT('',(0.000223823070160631,0.0341447299893219,0.0084513493867809));
#4759=CARTESIAN_POINT('',(0.000273341815706396,0.0342393613306151,0.00870180036523348));
#4760=CARTESIAN_POINT('',(0.000349677207851083,0.0343532932798256,0.00894470814785019));
#4761=CARTESIAN_POINT('',(0.000461585440813629,0.034417068072909,0.00914438299769511));
#4762=CARTESIAN_POINT('',(0.000534084508694541,0.0344457535830055,0.00925529909726055));
#4763=CARTESIAN_POINT('',(0.000592294836523967,0.0344632863542403,0.00933714277900795));
#4764=CARTESIAN_POINT('',(0.000654071477858755,0.0344766957539065,0.00941752690485218));
#4765=CARTESIAN_POINT('',(0.000719181390606305,0.0344860027672157,0.00949619486517828));
#4766=CARTESIAN_POINT('',(0.000787306757940952,0.0344912114040926,0.00957291015353196));
#4767=CARTESIAN_POINT('',(0.000858121415238193,0.0344924265518936,0.00964741016686907));
#4768=CARTESIAN_POINT('',(0.000931342515817646,0.0344897472165832,0.00971936629186951));
#4769=CARTESIAN_POINT('',(0.00103178959559842,0.0344808236424443,0.00981149446715099));
#4770=CARTESIAN_POINT('',(0.0011621743611071,0.0344593277010782,0.00991847333966728));
#4771=CARTESIAN_POINT('',(0.00132462690281589,0.0344173107725134,0.0100311753916542));
#4772=CARTESIAN_POINT('',(0.00155063322617295,0.0343430139377066,0.0101562242472215));
#4773=CARTESIAN_POINT('',(0.00185651703850977,0.0342147544343357,0.0102439403491314));
#4774=CARTESIAN_POINT('',(0.00210968060090335,0.0341186017531947,0.010288600987977));
#4775=CARTESIAN_POINT('',(0.00223467854321214,0.0340760953219753,0.0103124484614527));
#4776=CARTESIAN_POINT('',(0.000354894726669955,0.0343524873486779,0.00810194887187173));
#4777=CARTESIAN_POINT('',(0.000372175520821198,0.0343734956598652,0.00816284858721421));
#4778=CARTESIAN_POINT('',(0.000408201894792121,0.0344172901914853,0.00828434501883157));
#4779=CARTESIAN_POINT('',(0.000488099640587909,0.0345080662517212,0.00852514256602935));
#4780=CARTESIAN_POINT('',(0.000596290103483726,0.0346116494056192,0.00874625971156352));
#4781=CARTESIAN_POINT('',(0.000710888466289482,0.0346791324465327,0.00893279992433215));
#4782=CARTESIAN_POINT('',(0.000783291359769607,0.0347087441570044,0.00903756828778594));
#4783=CARTESIAN_POINT('',(0.00084096701758345,0.0347266294998409,0.00911468022225895));
#4784=CARTESIAN_POINT('',(0.000901585401779969,0.0347405389174357,0.00919016167383599));
#4785=CARTESIAN_POINT('',(0.000964660253438661,0.0347505316588975,0.0092639995240728));
#4786=CARTESIAN_POINT('',(0.00102992642136924,0.0347566185145946,0.00933608481242604));
#4787=CARTESIAN_POINT('',(0.00109723369263515,0.034758583609389,0.0094062917847164));
#4788=CARTESIAN_POINT('',(0.00116644774766817,0.0347562294113044,0.00947454386667715));
#4789=CARTESIAN_POINT('',(0.00126121289205863,0.0347476248205487,0.00956270180308974));
#4790=CARTESIAN_POINT('',(0.00138392561331846,0.0347272276126764,0.00966724882683591));
#4791=CARTESIAN_POINT('',(0.00153814568833847,0.0346865030299402,0.00977984793879202));
#4792=CARTESIAN_POINT('',(0.00175051581117336,0.034607653377458,0.00990859754438392));
#4793=CARTESIAN_POINT('',(0.00203092877845011,0.0344849565854871,0.0100361441439786));
#4794=CARTESIAN_POINT('',(0.0022706781205638,0.0343910866559343,0.0101130246078991));
#4795=CARTESIAN_POINT('',(0.00239215226363662,0.0343487406865338,0.0101490220003247));
#4796=CARTESIAN_POINT('',(0.000546336339046223,0.03457272685533,0.00790918115667987));
#4797=CARTESIAN_POINT('',(0.000569993689485519,0.0345897773348139,0.00796661596675962));
#4798=CARTESIAN_POINT('',(0.000619104305596351,0.0346238810734751,0.00808033495718412));
#4799=CARTESIAN_POINT('',(0.000725226183943032,0.0346955398765996,0.00830094885554078));
#4800=CARTESIAN_POINT('',(0.00085751942932735,0.0347779326067656,0.00851795661165254));
#4801=CARTESIAN_POINT('',(0.000989577255943091,0.0348405803484303,0.00869004810301742));
#4802=CARTESIAN_POINT('',(0.00106846268116843,0.0348705555672146,0.00878486647096432));
#4803=CARTESIAN_POINT('',(0.00112858068646975,0.0348896469436332,0.00885473533576754));
#4804=CARTESIAN_POINT('',(0.00118951303344723,0.03490451407111,0.00892344428564592));
#4805=CARTESIAN_POINT('',(0.0012514455093436,0.0349148768768565,0.00899090058283549));
#4806=CARTESIAN_POINT('',(0.00131439557076472,0.0349206965790598,0.00905720363399267));
#4807=CARTESIAN_POINT('',(0.00137834359255902,0.0349224708612289,0.00912246983641547));
#4808=CARTESIAN_POINT('',(0.00144336717739285,0.0349206248370176,0.00918666042767659));
#4809=CARTESIAN_POINT('',(0.0015314955377673,0.0349127106547036,0.00927088839162223));
#4810=CARTESIAN_POINT('',(0.00164492985643104,0.0348912497494162,0.00937320612787796));
#4811=CARTESIAN_POINT('',(0.00178560655462582,0.0348490951957137,0.00949251120455804));
#4812=CARTESIAN_POINT('',(0.00198138640390425,0.0347779106087953,0.00964282071233402));
#4813=CARTESIAN_POINT('',(0.00225021055840817,0.0346759651238489,0.00980638569217413));
#4814=CARTESIAN_POINT('',(0.00246867622319886,0.0345958556196079,0.00991933385497502));
#4815=CARTESIAN_POINT('',(0.00258077214617697,0.034558118834902,0.00997265325394075));
#4816=CARTESIAN_POINT('',(0.000745601931596579,0.0347443653108275,0.00768410908752523));
#4817=CARTESIAN_POINT('',(0.000775021903383319,0.0347578072994526,0.00773813932666174));
#4818=CARTESIAN_POINT('',(0.000836049783221022,0.0347848541559438,0.00784498536778883));
#4819=CARTESIAN_POINT('',(0.000970922612889774,0.0348374155604264,0.0080544870830001));
#4820=CARTESIAN_POINT('',(0.00112457037034799,0.0348900763289669,0.00824797146017721));
#4821=CARTESIAN_POINT('',(0.0012710984022661,0.034932454084272,0.00840572005165334));
#4822=CARTESIAN_POINT('',(0.00135698667230311,0.0349538452256824,0.00849388586469268));
#4823=CARTESIAN_POINT('',(0.00142213798338995,0.034967984757912,0.0085590462408105));
#4824=CARTESIAN_POINT('',(0.00148738633294814,0.0349800381700575,0.00862375318347973));
#4825=CARTESIAN_POINT('',(0.00155227028615796,0.0349896821361054,0.00868842456371196));
#4826=CARTESIAN_POINT('',(0.00161691169680185,0.0349965071921675,0.00875310719653561));
#4827=CARTESIAN_POINT('',(0.00168156587444261,0.0349991019174772,0.00881773085643791));
#4828=CARTESIAN_POINT('',(0.00174625706693305,0.0349964514326914,0.00888247618462478));
#4829=CARTESIAN_POINT('',(0.00183278452956905,0.0349873546882125,0.00896888979594188));
#4830=CARTESIAN_POINT('',(0.00194072474477903,0.0349691409579942,0.00907801122005128));
#4831=CARTESIAN_POINT('',(0.0020719844746495,0.0349385973216872,0.0092080583485774));
#4832=CARTESIAN_POINT('',(0.00225227370711508,0.0348901434865914,0.00937530302586158));
#4833=CARTESIAN_POINT('',(0.00249138278306856,0.0348232344609778,0.00956791774462604));
#4834=CARTESIAN_POINT('',(0.00269945356110561,0.03476903632173,0.00970826385570871));
#4835=CARTESIAN_POINT('',(0.00280477027696568,0.0347393855266562,0.00977412211704092));
#4836=CARTESIAN_POINT('',(0.000893950471131205,0.0348332175984307,0.00752421396711641));
#4837=CARTESIAN_POINT('',(0.000926238843800132,0.0348444247011817,0.0075767934222122));
#4838=CARTESIAN_POINT('',(0.000993183505929485,0.0348663827344027,0.00768071315007772));
#4839=CARTESIAN_POINT('',(0.00113708778286168,0.0349087302008806,0.00788156946412835));
#4840=CARTESIAN_POINT('',(0.00129786657403667,0.0349469620545586,0.00807004619668997));
#4841=CARTESIAN_POINT('',(0.00145369251595047,0.0349700250529538,0.00821682048408235));
#4842=CARTESIAN_POINT('',(0.00154709252839482,0.0349811646163086,0.00829723084256423));
#4843=CARTESIAN_POINT('',(0.00161811872981785,0.0349882861457416,0.00835707052874225));
#4844=CARTESIAN_POINT('',(0.00168908632331318,0.0349937574664753,0.00841708371796067));
#4845=CARTESIAN_POINT('',(0.00175934200432201,0.0349975045843407,0.00847804852665374));
#4846=CARTESIAN_POINT('',(0.00182818665797674,0.034999558309772,0.00854063977362323));
#4847=CARTESIAN_POINT('',(0.00189500841142175,0.0350001564434552,0.00860533380012166));
#4848=CARTESIAN_POINT('',(0.00195977187319141,0.0349995199063156,0.00867205017264238));
#4849=CARTESIAN_POINT('',(0.00204324616646279,0.0349967595929651,0.00876383698125142));
#4850=CARTESIAN_POINT('',(0.00214353717388725,0.0349890862715208,0.00888194530681869));
#4851=CARTESIAN_POINT('',(0.00226288198259561,0.0349733990452378,0.00902339865399161));
#4852=CARTESIAN_POINT('',(0.00242826432336058,0.0349465850269934,0.0092019811521521));
#4853=CARTESIAN_POINT('',(0.00265966588002386,0.0348991728681477,0.00940478991739156));
#4854=CARTESIAN_POINT('',(0.00285988688634443,0.0348541132837174,0.00955335522055098));
#4855=CARTESIAN_POINT('',(0.00296244227755332,0.0348305423774598,0.00962451312576846));
#4856=CARTESIAN_POINT('',(0.000969808180058845,0.0348737299646667,0.00744313297416271));
#4857=CARTESIAN_POINT('',(0.00100331143008811,0.0348838101152512,0.00749495309289702));
#4858=CARTESIAN_POINT('',(0.00107257896766099,0.0349035898279183,0.00759725935770166));
#4859=CARTESIAN_POINT('',(0.00122092793536889,0.034940664407346,0.00779521833944763));
#4860=CARTESIAN_POINT('',(0.00138573264705264,0.034970813247028,0.00797931628598839));
#4861=CARTESIAN_POINT('',(0.00154704215604848,0.0349866376715859,0.00812201420658545));
#4862=CARTESIAN_POINT('',(0.00164303705577189,0.0349931421823561,0.00820031882829316));
#4863=CARTESIAN_POINT('',(0.00171616770280598,0.034996613055319,0.0082581331858471));
#4864=CARTESIAN_POINT('',(0.0017895108825307,0.0349986446186687,0.00831584895034828));
#4865=CARTESIAN_POINT('',(0.00186216637473541,0.0349996422844433,0.00837447248017186));
#4866=CARTESIAN_POINT('',(0.00193305565650033,0.0349999579551123,0.00843522495753378));
#4867=CARTESIAN_POINT('',(0.00200109251478918,0.0349999879875477,0.0084992377354795));
#4868=CARTESIAN_POINT('',(0.00206533571484167,0.034999952300209,0.00856699559063867));
#4869=CARTESIAN_POINT('',(0.00214638254247817,0.034999507369253,0.00866137325880497));
#4870=CARTESIAN_POINT('',(0.00224165622568902,0.0349974160231434,0.00878429137243794));
#4871=CARTESIAN_POINT('',(0.00235686051272139,0.034988974945313,0.00892978540419834));
#4872=CARTESIAN_POINT('',(0.00251790366991399,0.0349705352588289,0.00911417457772229));
#4873=CARTESIAN_POINT('',(0.00274344454932806,0.0349331002938548,0.00932249057661324));
#4874=CARTESIAN_POINT('',(0.00294114254166337,0.0348931296887637,0.00947500401046185));
#4875=CARTESIAN_POINT('',(0.00304215250533196,0.0348719796612652,0.0095483009700973));
#4876=CARTESIAN_POINT('',(0.0230851585328148,0.0326052481144703,0.010502924051514));
#4877=CARTESIAN_POINT('',(0.0231515849393258,0.0326274330581191,0.0105022847618087));
#4878=CARTESIAN_POINT('',(0.0232832869911915,0.0326727124959574,0.0104983576796244));
#4879=CARTESIAN_POINT('',(0.0235412548962675,0.0327650256699426,0.0104735538486107));
#4880=CARTESIAN_POINT('',(0.0237953998819031,0.0328504483616839,0.0104154099876947));
#4881=CARTESIAN_POINT('',(0.0240041784564882,0.0329075602972383,0.0103332914748629));
#4882=CARTESIAN_POINT('',(0.024118925486173,0.0329338717466051,0.0102775207434575));
#4883=CARTESIAN_POINT('',(0.024202165266953,0.0329505074057053,0.010231278027187));
#4884=CARTESIAN_POINT('',(0.0242822036305427,0.0329637712486359,0.0101805912932522));
#4885=CARTESIAN_POINT('',(0.0243587112229176,0.0329735101070503,0.0101253680505084));
#4886=CARTESIAN_POINT('',(0.0244313568506592,0.0329795131482968,0.0100656761422289));
#4887=CARTESIAN_POINT('',(0.024499778276755,0.0329815159002867,0.0100016808747515));
#4888=CARTESIAN_POINT('',(0.0245638289316707,0.0329794178983266,0.00993343974239564));
#4889=CARTESIAN_POINT('',(0.0246434099121345,0.0329713184418024,0.00983696390621866));
#4890=CARTESIAN_POINT('',(0.0247316269465891,0.03295196343826,0.00970688475117281));
#4891=CARTESIAN_POINT('',(0.0248199308277758,0.0329151981808852,0.00953779772503323));
#4892=CARTESIAN_POINT('',(0.0249140377545376,0.0328497666508119,0.00929989067451996));
#4893=CARTESIAN_POINT('',(0.0249878464227682,0.0327426273822688,0.00898278427164946));
#4894=CARTESIAN_POINT('',(0.0250017917430111,0.0326432495711827,0.00872041573179064));
#4895=CARTESIAN_POINT('',(0.0250015454037464,0.0325948300279004,0.008585148322283));
#4896=CARTESIAN_POINT('',(0.0230791254500898,0.0326332200142609,0.0105025040774425));
#4897=CARTESIAN_POINT('',(0.0231457262956705,0.0326554574648858,0.0105019776867305));
#4898=CARTESIAN_POINT('',(0.0232778427789453,0.0327008472822218,0.010498316989107));
#4899=CARTESIAN_POINT('',(0.0235367334413674,0.0327935987662102,0.0104741236945895));
#4900=CARTESIAN_POINT('',(0.0237911490245332,0.0328791303719074,0.0104165308811539));
#4901=CARTESIAN_POINT('',(0.0240012421533823,0.0329362676637987,0.0103345948550645));
#4902=CARTESIAN_POINT('',(0.0241166287848527,0.0329627089863754,0.010278811759352));
#4903=CARTESIAN_POINT('',(0.0242003616955323,0.0329794576798565,0.0102324654371039));
#4904=CARTESIAN_POINT('',(0.0242809131156384,0.0329928461206394,0.0101815407012728));
#4905=CARTESIAN_POINT('',(0.0243579330665379,0.0330027263471648,0.0101260023135427));
#4906=CARTESIAN_POINT('',(0.0244311106931721,0.0330088335310678,0.0100659603342237));
#4907=CARTESIAN_POINT('',(0.0244999898405074,0.0330109023222892,0.0100015268757233));
#4908=CARTESIAN_POINT('',(0.0245644690873031,0.0330087370060113,0.00993279103064411));
#4909=CARTESIAN_POINT('',(0.0246445086543185,0.0330004767773895,0.00983558961621899));
#4910=CARTESIAN_POINT('',(0.0247331025527385,0.0329807910857963,0.00970466654365063));
#4911=CARTESIAN_POINT('',(0.0248213112148206,0.0329438243207517,0.00953484616388451));
#4912=CARTESIAN_POINT('',(0.0249151364500327,0.0328783910268571,0.00929563931584198));
#4913=CARTESIAN_POINT('',(0.0249882389917304,0.0327709810659742,0.00897796833096024));
#4914=CARTESIAN_POINT('',(0.0250016430339155,0.0326715331147074,0.00871482830627739));
#4915=CARTESIAN_POINT('',(0.0250012567253419,0.032623147317927,0.00857922280417055));
#4916=CARTESIAN_POINT('',(0.0230661010691155,0.032692822849309,0.0105016695323692));
#4917=CARTESIAN_POINT('',(0.0231330588130831,0.0327151670224894,0.0105013780127058));
#4918=CARTESIAN_POINT('',(0.0232660022448548,0.0327607811750784,0.0104983076475137));
#4919=CARTESIAN_POINT('',(0.0235269510352797,0.0328544207649523,0.0104753922004467));
#4920=CARTESIAN_POINT('',(0.0237814942545035,0.0329402062709945,0.0104191671239444));
#4921=CARTESIAN_POINT('',(0.0239942110708717,0.0329973738027615,0.0103376795228741));
#4922=CARTESIAN_POINT('',(0.0241109356665471,0.0330240856073738,0.0102819004327158));
#4923=CARTESIAN_POINT('',(0.0241958720534407,0.03304103029693,0.0102352472579727));
#4924=CARTESIAN_POINT('',(0.0242777004139408,0.0330546540336009,0.0101837283032658));
#4925=CARTESIAN_POINT('',(0.0243560530097284,0.0330647232521829,0.0101274694900331));
#4926=CARTESIAN_POINT('',(0.0244304523098922,0.0330709809558285,0.010066475336036));
#4927=CARTESIAN_POINT('',(0.0245004873452899,0.0330730850451341,0.0100009779514965));
#4928=CARTESIAN_POINT('',(0.024565948053081,0.0330708118477612,0.00993107721885897));
#4929=CARTESIAN_POINT('',(0.0246470224855561,0.0330622957914179,0.00983228059308181));
#4930=CARTESIAN_POINT('',(0.0247365344059881,0.0330421277012162,0.0096992482699999));
#4931=CARTESIAN_POINT('',(0.0248246054682771,0.0330047582081346,0.009527757951989));
#4932=CARTESIAN_POINT('',(0.0249177686519223,0.0329392739908515,0.00928596361202128));
#4933=CARTESIAN_POINT('',(0.0249891196807731,0.0328312744459863,0.00896754141603651));
#4934=CARTESIAN_POINT('',(0.0250013770294378,0.0327317687981018,0.00870268887598282));
#4935=CARTESIAN_POINT('',(0.0250007143990096,0.0326834545229574,0.00856639062272666));
#4936=CARTESIAN_POINT('',(0.0230457623936517,0.0327838329190511,0.0105006476884375));
#4937=CARTESIAN_POINT('',(0.0231133343902955,0.0328063681285895,0.0105005610732222));
#4938=CARTESIAN_POINT('',(0.0232469107013214,0.0328523144226763,0.0104986645883393));
#4939=CARTESIAN_POINT('',(0.0235116184053511,0.0329469807875946,0.010477367943508));
#4940=CARTESIAN_POINT('',(0.023765151210438,0.0330332957432877,0.0104239522435739));
#4941=CARTESIAN_POINT('',(0.0239801370621412,0.0330905616343188,0.010343805351843));
#4942=CARTESIAN_POINT('',(0.024099543922622,0.0331176868736911,0.0102873208076681));
#4943=CARTESIAN_POINT('',(0.0241868355668503,0.0331348777989997,0.0102395677348526));
#4944=CARTESIAN_POINT('',(0.0242710139069207,0.0331487267256168,0.0101867369432338));
#4945=CARTESIAN_POINT('',(0.0243515979229758,0.0331589269014018,0.0101289126580231));
#4946=CARTESIAN_POINT('',(0.0244280861323459,0.0331651908809694,0.0100662050597097));
#4947=CARTESIAN_POINT('',(0.0245000675115496,0.0331672134709518,0.00999881012821109));
#4948=CARTESIAN_POINT('',(0.0245672765681651,0.0331648793410413,0.00992695093260186));
#4949=CARTESIAN_POINT('',(0.0246503420168761,0.0331561722628645,0.00982552233815917));
#4950=CARTESIAN_POINT('',(0.0247419388810222,0.0331356680548072,0.00968901550768015));
#4951=CARTESIAN_POINT('',(0.0248310758028161,0.0330977670981066,0.00951354530502438));
#4952=CARTESIAN_POINT('',(0.0249228538339217,0.033031680717476,0.00926937292562888));
#4953=CARTESIAN_POINT('',(0.0249903979651736,0.0329229513024624,0.00895106501010271));
#4954=CARTESIAN_POINT('',(0.0250012198965431,0.0328236828266853,0.0086833159167906));
#4955=CARTESIAN_POINT('',(0.0250001321680293,0.0327754567460302,0.00854626478867329));
#4956=CARTESIAN_POINT('',(0.0230246428355791,0.0328783604675299,0.0105001042694611));
#4957=CARTESIAN_POINT('',(0.0230926481288523,0.0329009714137634,0.0105000138520794));
#4958=CARTESIAN_POINT('',(0.0232273450394027,0.0329477530476179,0.0104989765883312));
#4959=CARTESIAN_POINT('',(0.0234925703218643,0.0330423621405536,0.0104803737765382));
#4960=CARTESIAN_POINT('',(0.0237482810445972,0.0331290082717606,0.0104288121205887));
#4961=CARTESIAN_POINT('',(0.02396473521519,0.0331875484612035,0.0103485425192201));
#4962=CARTESIAN_POINT('',(0.024086410274614,0.0332150039546583,0.0102909076884855));
#4963=CARTESIAN_POINT('',(0.0241755980085361,0.0332324403100701,0.0102420233311154));
#4964=CARTESIAN_POINT('',(0.0242619053878028,0.0332464174985122,0.0101876930696643));
#4965=CARTESIAN_POINT('',(0.0243446052446378,0.0332566549680797,0.0101281660781727));
#4966=CARTESIAN_POINT('',(0.0244231509829654,0.0332628591573694,0.0100636286263754));
#4967=CARTESIAN_POINT('',(0.0244971064469608,0.0332648055258668,0.00999430935091239));
#4968=CARTESIAN_POINT('',(0.0245661732765713,0.0332624201559639,0.00992047006256718));
#4969=CARTESIAN_POINT('',(0.0246515143595968,0.0332536528255994,0.00981638390865455));
#4970=CARTESIAN_POINT('',(0.0247454481879498,0.0332328499979372,0.0096766158638853));
#4971=CARTESIAN_POINT('',(0.0248360260179601,0.0331943942426175,0.00949770638856401));
#4972=CARTESIAN_POINT('',(0.0249278697545364,0.0331263377613842,0.00925068044875224));
#4973=CARTESIAN_POINT('',(0.0249930901363909,0.0330177386440871,0.00893194209407645));
#4974=CARTESIAN_POINT('',(0.0250005574287332,0.0329191467721685,0.00866313262032556));
#4975=CARTESIAN_POINT('',(0.0250001514664093,0.0328707513880399,0.00852517226330367));
#4976=CARTESIAN_POINT('',(0.0229976915646212,0.0330041453724159,0.0104998726262599));
#4977=CARTESIAN_POINT('',(0.0230667559364935,0.0330275246700117,0.0105000277301841));
#4978=CARTESIAN_POINT('',(0.0232023001381357,0.0330751343077252,0.0104999263673492));
#4979=CARTESIAN_POINT('',(0.0234657790967808,0.0331691719827746,0.0104838984028102));
#4980=CARTESIAN_POINT('',(0.0237257247624501,0.033256813126183,0.0104326178691999));
#4981=CARTESIAN_POINT('',(0.0239445843954289,0.0333168249158587,0.0103504047696971));
#4982=CARTESIAN_POINT('',(0.0240679997169578,0.0333449157659607,0.0102911707145693));
#4983=CARTESIAN_POINT('',(0.0241588840713369,0.0333626291387342,0.0102407401854265));
#4984=CARTESIAN_POINT('',(0.0242471565686521,0.033376746923138,0.0101845837229609));
#4985=CARTESIAN_POINT('',(0.0243320208733908,0.0333869896133532,0.0101229863558416));
#4986=CARTESIAN_POINT('',(0.0244128160777433,0.0333931209099697,0.0100562475441892));
#4987=CARTESIAN_POINT('',(0.0244890461851614,0.0333949811444058,0.00998466098300268));
#4988=CARTESIAN_POINT('',(0.024560353765861,0.033392536782485,0.00990854491238625));
#4989=CARTESIAN_POINT('',(0.0246485535143239,0.0333836604423748,0.0098014978896995));
#4990=CARTESIAN_POINT('',(0.0247452332461446,0.033362523796277,0.00965834569643721));
#4991=CARTESIAN_POINT('',(0.0248385539297547,0.0333229141953609,0.00947617902909753));
#4992=CARTESIAN_POINT('',(0.0249294989010973,0.0332526554438056,0.00922597816815216));
#4993=CARTESIAN_POINT('',(0.0249985217227562,0.0331431864924746,0.00890541044137884));
#4994=CARTESIAN_POINT('',(0.0249998803809348,0.0330459691980678,0.00863654851618032));
#4995=CARTESIAN_POINT('',(0.0249999170588601,0.0329975114274632,0.00849896993127111));
#4996=CARTESIAN_POINT('',(0.0229750224698092,0.0331670435751003,0.010500347198992));
#4997=CARTESIAN_POINT('',(0.0230421862327406,0.033188936039624,0.0105000917479203));
#4998=CARTESIAN_POINT('',(0.0231758263934123,0.0332348352638014,0.0104993077926373));
#4999=CARTESIAN_POINT('',(0.0234381294441626,0.0333290511736044,0.0104823243449128));
#5000=CARTESIAN_POINT('',(0.0236976778065831,0.0334176721315886,0.0104293524506198));
#5001=CARTESIAN_POINT('',(0.0239193006987055,0.0334790640736312,0.0103427714519398));
#5002=CARTESIAN_POINT('',(0.0240434392512252,0.0335078071132827,0.0102812096803136));
#5003=CARTESIAN_POINT('',(0.0241349217761848,0.0335258704235333,0.010229005053771));
#5004=CARTESIAN_POINT('',(0.0242240976870903,0.0335401532437166,0.0101709668640475));
#5005=CARTESIAN_POINT('',(0.0243102154102381,0.0335504268219282,0.0101074015262355));
#5006=CARTESIAN_POINT('',(0.0243925970731284,0.0335565046122774,0.0100386529034878));
#5007=CARTESIAN_POINT('',(0.0244706659919703,0.0335582775730403,0.00996509478432539));
#5008=CARTESIAN_POINT('',(0.0245439536221058,0.0335557223335085,0.00988712560766417));
#5009=CARTESIAN_POINT('',(0.0246347722258286,0.0335466263932563,0.00977787334184535));
#5010=CARTESIAN_POINT('',(0.0247346785498326,0.0335249267858715,0.009632607004185));
#5011=CARTESIAN_POINT('',(0.0248303755589988,0.0334837985867057,0.00944885632579456));
#5012=CARTESIAN_POINT('',(0.0249258303729427,0.0334123061900595,0.00919685806786398));
#5013=CARTESIAN_POINT('',(0.0249989131472801,0.0332994303879628,0.00887724106204701));
#5014=CARTESIAN_POINT('',(0.0249999941970698,0.0332042596144513,0.00861013761592095));
#5015=CARTESIAN_POINT('',(0.0250004199283453,0.0331608363107223,0.00847566227010069));
#5016=CARTESIAN_POINT('',(0.0229429797414049,0.0333631361740455,0.0104911401631679));
#5017=CARTESIAN_POINT('',(0.0230112499668479,0.0333843867506874,0.0104892354676803));
#5018=CARTESIAN_POINT('',(0.0231466727216385,0.0334288012440695,0.010485554650245));
#5019=CARTESIAN_POINT('',(0.0234086606856663,0.0335217898716606,0.0104647430445655));
#5020=CARTESIAN_POINT('',(0.0236653330583197,0.0336120830460779,0.0104071643025639));
#5021=CARTESIAN_POINT('',(0.0238850991885916,0.0336746402627189,0.0103155789152257));
#5022=CARTESIAN_POINT('',(0.0240082982723479,0.0337039406047553,0.0102513567968735));
#5023=CARTESIAN_POINT('',(0.0240990470544697,0.0337223147141926,0.0101973736971394));
#5024=CARTESIAN_POINT('',(0.0241876456058263,0.033736779660609,0.0101377738513434));
#5025=CARTESIAN_POINT('',(0.0242735192305657,0.0337470991246181,0.0100728499861752));
#5026=CARTESIAN_POINT('',(0.0243560659294461,0.0337531286388836,0.0100029663717197));
#5027=CARTESIAN_POINT('',(0.0244347152916859,0.0337547883459982,0.00992853295862168));
#5028=CARTESIAN_POINT('',(0.0245089512868176,0.0337520612740549,0.00984999502207722));
#5029=CARTESIAN_POINT('',(0.0246014422447077,0.0337426448816399,0.00974042581102063));
#5030=CARTESIAN_POINT('',(0.0247038420090692,0.0337202816150812,0.00959560840705467));
#5031=CARTESIAN_POINT('',(0.0248035575001572,0.0336781527547567,0.00941325122883188));
#5032=CARTESIAN_POINT('',(0.0249061326403722,0.0336052883121097,0.00916350951509482));
#5033=CARTESIAN_POINT('',(0.024981396178676,0.0334909013444334,0.00884667212501219));
#5034=CARTESIAN_POINT('',(0.0249878043849358,0.0334001797637492,0.00857986276207483));
#5035=CARTESIAN_POINT('',(0.0249916124407762,0.0333584597556128,0.0084454696487326));
#5036=CARTESIAN_POINT('',(0.0229071192127016,0.0335548082516015,0.0104666597221309));
#5037=CARTESIAN_POINT('',(0.0229742791798845,0.0335754788072486,0.0104629416856095));
#5038=CARTESIAN_POINT('',(0.0231091233332681,0.0336191780766511,0.0104554542501466));
#5039=CARTESIAN_POINT('',(0.0233741159675033,0.033712666391444,0.010429227148679));
#5040=CARTESIAN_POINT('',(0.0236272909666892,0.0338047681639908,0.0103661511370573));
#5041=CARTESIAN_POINT('',(0.0238430613367162,0.0338688750923635,0.0102700462189989));
#5042=CARTESIAN_POINT('',(0.0239638275021988,0.033898794394496,0.0102037623969724));
#5043=CARTESIAN_POINT('',(0.0240528538798136,0.0339174169923887,0.0101484833577336));
#5044=CARTESIAN_POINT('',(0.0241399068560012,0.0339319427038414,0.0100879010741186));
#5045=CARTESIAN_POINT('',(0.024224508301672,0.0339422177214639,0.0100223588046076));
#5046=CARTESIAN_POINT('',(0.0243061638522395,0.0339481350032949,0.00995225669072765));
#5047=CARTESIAN_POINT('',(0.0243843690988754,0.033949653272783,0.00987802124432748));
#5048=CARTESIAN_POINT('',(0.0244586251096343,0.0339467848729178,0.00980008781894875));
#5049=CARTESIAN_POINT('',(0.0245517495808053,0.033937156273478,0.0096918472808084));
#5050=CARTESIAN_POINT('',(0.0246560568139737,0.0339144690791079,0.00954950085367528));
#5051=CARTESIAN_POINT('',(0.0247593373200634,0.0338716064941156,0.00937077864196435));
#5052=CARTESIAN_POINT('',(0.0248673550865195,0.0337974300552363,0.00912560856682599));
#5053=CARTESIAN_POINT('',(0.0249462114746515,0.0336834908163069,0.00881000525169133));
#5054=CARTESIAN_POINT('',(0.0249598922475823,0.0335923693774258,0.00854329227493122));
#5055=CARTESIAN_POINT('',(0.0249674871795043,0.0335500828872844,0.00840956040112091));
#5056=CARTESIAN_POINT('',(0.0228512685232971,0.0338005342662284,0.0104132595970232));
#5057=CARTESIAN_POINT('',(0.0229162354146048,0.0338205629438341,0.010406415554148));
#5058=CARTESIAN_POINT('',(0.0230478954269707,0.0338640744924966,0.0103935336576139));
#5059=CARTESIAN_POINT('',(0.0233125063996474,0.0339585258097792,0.0103584350999299));
#5060=CARTESIAN_POINT('',(0.0235617991843092,0.0340546734445318,0.0102868049795346));
#5061=CARTESIAN_POINT('',(0.0237708660168461,0.0341223010586569,0.0101861753341388));
#5062=CARTESIAN_POINT('',(0.0238877287670928,0.0341525869940802,0.0101174100863907));
#5063=CARTESIAN_POINT('',(0.0239738020580027,0.0341710829047721,0.010060656809747));
#5064=CARTESIAN_POINT('',(0.0240580796235028,0.0341853505935944,0.00999918315277688));
#5065=CARTESIAN_POINT('',(0.0241402805645872,0.0341953350496227,0.00993343435987273));
#5066=CARTESIAN_POINT('',(0.024220029916255,0.0342010275130126,0.00986380882416469));
#5067=CARTESIAN_POINT('',(0.0242969137101431,0.0342023931657956,0.00979069657940339));
#5068=CARTESIAN_POINT('',(0.0243705176609406,0.034199403098484,0.00971449455976377));
#5069=CARTESIAN_POINT('',(0.024463701264896,0.0341897042201289,0.00960925703317986));
#5070=CARTESIAN_POINT('',(0.0245699056948142,0.0341670925200185,0.00947183905244091));
#5071=CARTESIAN_POINT('',(0.0246775534259114,0.0341241547444154,0.00929952755052106));
#5072=CARTESIAN_POINT('',(0.0247901075020764,0.0340479228317385,0.00906154242736911));
#5073=CARTESIAN_POINT('',(0.0248772817912551,0.0339314381109976,0.00874887740303807));
#5074=CARTESIAN_POINT('',(0.0249001254246348,0.0338385598420226,0.00848479307616253));
#5075=CARTESIAN_POINT('',(0.0249150398393153,0.0337947993478178,0.00835329366451116));
#5076=CARTESIAN_POINT('',(0.0227612112139654,0.0340816939335326,0.0103087144645499));
#5077=CARTESIAN_POINT('',(0.0228248286288965,0.0341023806521721,0.0102983231315255));
#5078=CARTESIAN_POINT('',(0.0229513493867529,0.0341447299892524,0.0102761769298761));
#5079=CARTESIAN_POINT('',(0.0232018003652021,0.034239361330553,0.0102266581843313));
#5080=CARTESIAN_POINT('',(0.0234447081478189,0.0343532932797687,0.0101503227921897));
#5081=CARTESIAN_POINT('',(0.0236443829976619,0.0344170680728659,0.0100384145592296));
#5082=CARTESIAN_POINT('',(0.0237552990972252,0.0344457535829711,0.00996591549134867));
#5083=CARTESIAN_POINT('',(0.0238371427789708,0.0344632863542128,0.00990770516351873));
#5084=CARTESIAN_POINT('',(0.023917526904813,0.0344766957538858,0.00984592852218316));
#5085=CARTESIAN_POINT('',(0.023996194865137,0.0344860027672022,0.0097808186094345));
#5086=CARTESIAN_POINT('',(0.0240729101534887,0.0344912114040863,0.0097126932420985));
#5087=CARTESIAN_POINT('',(0.0241474101668239,0.0344924265518944,0.0096418785847997));
#5088=CARTESIAN_POINT('',(0.0242193662918226,0.0344897472165909,0.00956865748421851));
#5089=CARTESIAN_POINT('',(0.0243114944671021,0.0344808236424617,0.00946821040443532));
#5090=CARTESIAN_POINT('',(0.0244184733396169,0.0344593277011076,0.00933782563892372));
#5091=CARTESIAN_POINT('',(0.0245311753916032,0.0344173107725567,0.00917537309721141));
#5092=CARTESIAN_POINT('',(0.0246562242471744,0.034343013937769,0.00894936677385256));
#5093=CARTESIAN_POINT('',(0.0247439403490892,0.0342147544344088,0.00864348296151278));
#5094=CARTESIAN_POINT('',(0.0247886009879371,0.0341186017532732,0.0083903193991174));
#5095=CARTESIAN_POINT('',(0.0248124484614136,0.0340760953220557,0.00826532145680784));
#5096=CARTESIAN_POINT('',(0.0226019488718362,0.0343524873486098,0.0101451052733837));
#5097=CARTESIAN_POINT('',(0.022662848587178,0.0343734956597985,0.0101278244792322));
#5098=CARTESIAN_POINT('',(0.0227843450187947,0.0344172901914212,0.0100917981052612));
#5099=CARTESIAN_POINT('',(0.0230251425659915,0.0345080662516638,0.0100119003594682));
#5100=CARTESIAN_POINT('',(0.0232462597115283,0.0346116494055699,0.00990370989657803));
#5101=CARTESIAN_POINT('',(0.0234327999242934,0.0346791324464956,0.00978911153377003));
#5102=CARTESIAN_POINT('',(0.0235375682877448,0.0347087441569749,0.00971670864028835));
#5103=CARTESIAN_POINT('',(0.0236146802222156,0.0347266294998171,0.00965903298247305));
#5104=CARTESIAN_POINT('',(0.02369016167379,0.0347405389174177,0.00959841459827459));
#5105=CARTESIAN_POINT('',(0.0237639995240242,0.0347505316588855,0.00953533974661374));
#5106=CARTESIAN_POINT('',(0.0238360848123748,0.0347566185145888,0.00947007357868087));
#5107=CARTESIAN_POINT('',(0.0239062917846625,0.0347585836093899,0.00940276630741268));
#5108=CARTESIAN_POINT('',(0.0239745438666209,0.0347562294113122,0.00933355225237746));
#5109=CARTESIAN_POINT('',(0.0240627018030307,0.0347476248205653,0.00923878710798414));
#5110=CARTESIAN_POINT('',(0.0241672488267738,0.0347272276127034,0.00911607438672066));
#5111=CARTESIAN_POINT('',(0.0242798479387288,0.0346865030299797,0.00896185431169738));
#5112=CARTESIAN_POINT('',(0.02440859754432,0.0346076533775098,0.00874948418885668));
#5113=CARTESIAN_POINT('',(0.0245361441439186,0.0344849565855509,0.00846907122157956));
#5114=CARTESIAN_POINT('',(0.02461302460784,0.0343910866560078,0.00822932187946347));
#5115=CARTESIAN_POINT('',(0.0246490220002662,0.0343487406866142,0.00810784773638753));
#5116=CARTESIAN_POINT('',(0.0224091811566439,0.0345727268552711,0.00995366366102703));
#5117=CARTESIAN_POINT('',(0.022466615966722,0.0345897773347571,0.00993000631058778));
#5118=CARTESIAN_POINT('',(0.0225803349571429,0.0346238810734221,0.00988089569447705));
#5119=CARTESIAN_POINT('',(0.0228009488554921,0.0346955398765511,0.00977477381612917));
#5120=CARTESIAN_POINT('',(0.0230179566116056,0.0347779326067217,0.00964248057075216));
#5121=CARTESIAN_POINT('',(0.0231900481029674,0.0348405803483967,0.00951042274413444));
#5122=CARTESIAN_POINT('',(0.0232848664709116,0.0348705555671874,0.00943153731890591));
#5123=CARTESIAN_POINT('',(0.0233547353357126,0.0348896469436114,0.0093714193136016));
#5124=CARTESIAN_POINT('',(0.0234234442855892,0.034904514071094,0.00931048696662122));
#5125=CARTESIAN_POINT('',(0.0234909005827766,0.0349148768768462,0.00924855449072186));
#5126=CARTESIAN_POINT('',(0.0235572036339315,0.0349206965790551,0.00918560442929776));
#5127=CARTESIAN_POINT('',(0.0236224698363517,0.0349224708612288,0.00912165640750044));
#5128=CARTESIAN_POINT('',(0.0236866604276099,0.0349206248370221,0.00905663282266358));
#5129=CARTESIAN_POINT('',(0.0237708883915517,0.0349127106547159,0.00896850446228535));
#5130=CARTESIAN_POINT('',(0.0238732061278031,0.0348912497494394,0.00885507014361802));
#5131=CARTESIAN_POINT('',(0.0239925112044782,0.0348490951957469,0.00871439344541834));
#5132=CARTESIAN_POINT('',(0.024142820712252,0.0347779106088398,0.00851861359613583));
#5133=CARTESIAN_POINT('',(0.0243063856920958,0.0346759651239036,0.00824978944162974));
#5134=CARTESIAN_POINT('',(0.024419333854899,0.0345958556196675,0.00803132377683682));
#5135=CARTESIAN_POINT('',(0.0244726532538651,0.0345581188349648,0.00791922785385734));
#5136=CARTESIAN_POINT('',(0.0221841090874876,0.0347443653107658,0.00975439806849428));
#5137=CARTESIAN_POINT('',(0.0222381393266224,0.0347578072993937,0.00972497809670828));
#5138=CARTESIAN_POINT('',(0.0223449853677461,0.0347848541558901,0.00966395021687218));
#5139=CARTESIAN_POINT('',(0.0225544870829528,0.0348374155603856,0.00952907738720944));
#5140=CARTESIAN_POINT('',(0.0227479714601242,0.0348900763289334,0.00937542962975017));
#5141=CARTESIAN_POINT('',(0.0229057200515946,0.0349324540842457,0.00922890159782877));
#5142=CARTESIAN_POINT('',(0.0229938858646308,0.0349538452256609,0.00914301332778918));
#5143=CARTESIAN_POINT('',(0.0230590462407461,0.0349679847578941,0.00907786201669959));
#5144=CARTESIAN_POINT('',(0.0231237531834123,0.0349800381700432,0.00901261366713787));
#5145=CARTESIAN_POINT('',(0.0231884245636417,0.0349896821360947,0.00894772971392453));
#5146=CARTESIAN_POINT('',(0.0232531071964627,0.0349965071921611,0.00888308830327713));
#5147=CARTESIAN_POINT('',(0.023317730856362,0.0349991019174773,0.00881843412563304));
#5148=CARTESIAN_POINT('',(0.023382476184546,0.034996451432698,0.00875374293313944));
#5149=CARTESIAN_POINT('',(0.0234688897958585,0.0349873546882246,0.00866721547049915));
#5150=CARTESIAN_POINT('',(0.0235780112199606,0.0349691409580121,0.0085592752552827));
#5151=CARTESIAN_POINT('',(0.0237080583484817,0.0349385973217123,0.00842801552540593));
#5152=CARTESIAN_POINT('',(0.0238753030257617,0.0348901434866257,0.00824772629293242));
#5153=CARTESIAN_POINT('',(0.024067917744525,0.0348232344610213,0.00800861721696936));
#5154=CARTESIAN_POINT('',(0.0242082638556074,0.0347690363217795,0.00780054643892981));
#5155=CARTESIAN_POINT('',(0.02427412211694,0.0347393855267084,0.00769522972306823));
#5156=CARTESIAN_POINT('',(0.0220242139670787,0.0348332175983725,0.009606049528976));
#5157=CARTESIAN_POINT('',(0.0220767934221729,0.0348444247011268,0.00957376115630816));
#5158=CARTESIAN_POINT('',(0.0221807131500353,0.0348663827343546,0.00950681649418109));
#5159=CARTESIAN_POINT('',(0.0223815694640803,0.034908730200845,0.0093629122172522));
#5160=CARTESIAN_POINT('',(0.0225700461966368,0.0349469620545346,0.00920213342607718));
#5161=CARTESIAN_POINT('',(0.0227168204840256,0.0349700250529376,0.00904630748415972));
#5162=CARTESIAN_POINT('',(0.0227972308425025,0.0349811646162961,0.00895290747171216));
#5163=CARTESIAN_POINT('',(0.022857070528676,0.0349882861457321,0.00888188127028611));
#5164=CARTESIAN_POINT('',(0.0229170837178897,0.0349937574664686,0.00881091367678725));
#5165=CARTESIAN_POINT('',(0.0229780485265775,0.0349975045843368,0.00874065799577406));
#5166=CARTESIAN_POINT('',(0.0230406397735416,0.0349995583097704,0.00867181334211446));
#5167=CARTESIAN_POINT('',(0.0231053338000351,0.0350001564434553,0.00860499158866454));
#5168=CARTESIAN_POINT('',(0.0231720501725509,0.0349995199063174,0.00854022812688992));
#5169=CARTESIAN_POINT('',(0.0232638369811527,0.0349967595929698,0.008456753833611));
#5170=CARTESIAN_POINT('',(0.0233819453067126,0.0349890862715304,0.00835646282617798));
#5171=CARTESIAN_POINT('',(0.0235233986538803,0.0349733990452536,0.00823711801746067));
#5172=CARTESIAN_POINT('',(0.0237019811520368,0.0349465850270174,0.00807173567668736));
#5173=CARTESIAN_POINT('',(0.0239047899172729,0.0348991728681825,0.00784033412001639));
#5174=CARTESIAN_POINT('',(0.0240533552204319,0.0348541132837582,0.00764011311369094));
#5175=CARTESIAN_POINT('',(0.0241245131256492,0.0348305423775035,0.00753755772248014));
#5176=CARTESIAN_POINT('',(0.0219431329741252,0.0348737299646109,0.00953019182005678));
#5177=CARTESIAN_POINT('',(0.0219949530928579,0.0348838101151989,0.00949668857002864));
#5178=CARTESIAN_POINT('',(0.0220972593576595,0.034903589827873,0.00942742103245799));
#5179=CARTESIAN_POINT('',(0.0222952183393997,0.0349406644073143,0.00927907206475338));
#5180=CARTESIAN_POINT('',(0.0224793162859363,0.0349708132470085,0.00911426735306943));
#5181=CARTESIAN_POINT('',(0.0226220142065285,0.0349866376715742,0.00895295784406998));
#5182=CARTESIAN_POINT('',(0.0227003188282317,0.0349931421823486,0.0088569629443432));
#5183=CARTESIAN_POINT('',(0.0227581331857815,0.0349966130553144,0.00878383229730587));
#5184=CARTESIAN_POINT('',(0.0228158489502778,0.0349986446186665,0.00871048911757716));
#5185=CARTESIAN_POINT('',(0.0228744724800952,0.0349996422844426,0.00863783362536739));
#5186=CARTESIAN_POINT('',(0.0229352249574498,0.0349999579551123,0.00856694434359614));
#5187=CARTESIAN_POINT('',(0.0229992377353889,0.0349999879875477,0.00849890748530152));
#5188=CARTESIAN_POINT('',(0.0230669955905417,0.0349999523002092,0.0084346642852423));
#5189=CARTESIAN_POINT('',(0.0231613732586995,0.0349995073692542,0.00835361745759697));
#5190=CARTESIAN_POINT('',(0.0232842913723229,0.0349974160231474,0.00825834377437567));
#5191=CARTESIAN_POINT('',(0.0234297854040779,0.0349889749453237,0.00814313948733533));
#5192=CARTESIAN_POINT('',(0.023614174577598,0.0349705352588478,0.00798209633013397));
#5193=CARTESIAN_POINT('',(0.0238224905764857,0.0349331002938846,0.00775655545071242));
#5194=CARTESIAN_POINT('',(0.0239750040103333,0.0348931296887999,0.00755885745837202));
#5195=CARTESIAN_POINT('',(0.0240483009699685,0.0348719796613043,0.00745784749470127));
#5196=CARTESIAN_POINT('',(0.00191484146720965,0.0326052481145035,-0.0283310014197619));
#5197=CARTESIAN_POINT('',(0.00184841506069831,0.0326274330581503,-0.0283303621300572));
#5198=CARTESIAN_POINT('',(0.00171671300883167,0.0326727124959846,-0.0283264350478741));
#5199=CARTESIAN_POINT('',(0.00145874510375225,0.0327650256699612,-0.0283016312168626));
#5200=CARTESIAN_POINT('',(0.00120460011811489,0.0328504483616936,-0.0282434873559491));
#5201=CARTESIAN_POINT('',(0.000995821543528152,0.0329075602972407,-0.0281613688431189));
#5202=CARTESIAN_POINT('',(0.000881074513842396,0.0329338717466036,-0.0281055981117145));
#5203=CARTESIAN_POINT('',(0.000797834733061978,0.0329505074057009,-0.0280593553954449));
#5204=CARTESIAN_POINT('',(0.000717796369471728,0.0329637712486286,-0.0280086686615109));
#5205=CARTESIAN_POINT('',(0.000641288777096308,0.0329735101070401,-0.0279534454187681));
#5206=CARTESIAN_POINT('',(0.000568643149354159,0.0329795131482839,-0.0278937535104897));
#5207=CARTESIAN_POINT('',(0.000500221723257631,0.0329815159002711,-0.0278297582430132));
#5208=CARTESIAN_POINT('',(0.000436171068341191,0.0329794178983085,-0.0277615171106582));
#5209=CARTESIAN_POINT('',(0.000356590087876532,0.032971318441781,-0.0276650412744825));
#5210=CARTESIAN_POINT('',(0.000268373053420634,0.0329519634382345,-0.0275349621194381));
#5211=CARTESIAN_POINT('',(0.000180069172232317,0.0329151981808549,-0.0273658750932999));
#5212=CARTESIAN_POINT('',(8.5962245468296E-5,0.0328497666507751,-0.0271279680427893));
#5213=CARTESIAN_POINT('',(1.21535772344145E-5,0.0327426273822242,-0.0268108616399224));
#5214=CARTESIAN_POINT('',(-1.79174301272124E-6,0.0326432495711302,-0.026548493100064));
#5215=CARTESIAN_POINT('',(-1.54540375077122E-6,0.0325948300278428,-0.0264132256905555));
#5216=CARTESIAN_POINT('',(0.00192087454993437,0.0326332200142983,-0.0283305814456903));
#5217=CARTESIAN_POINT('',(0.00185427370435337,0.0326554574649213,-0.0283300550549789));
#5218=CARTESIAN_POINT('',(0.00172215722107764,0.0327008472822532,-0.0283263943573566));
#5219=CARTESIAN_POINT('',(0.00146326655865246,0.0327935987662329,-0.0283022010628414));
#5220=CARTESIAN_POINT('',(0.00120885097548481,0.0328791303719212,-0.0282446082494082));
#5221=CARTESIAN_POINT('',(0.000998757846633988,0.0329362676638052,-0.0281626722233205));
#5222=CARTESIAN_POINT('',(0.000883371215162504,0.032962708986378,-0.0281068891276089));
#5223=CARTESIAN_POINT('',(0.000799638304482281,0.0329794576798562,-0.0280605428053616));
#5224=CARTESIAN_POINT('',(0.000719086884375594,0.0329928461206362,-0.0280096180695313));
#5225=CARTESIAN_POINT('',(0.000642066933475404,0.0330027263471586,-0.027954079681802));
#5226=CARTESIAN_POINT('',(0.000568889306840522,0.033008833531059,-0.0278940377024838));
#5227=CARTESIAN_POINT('',(0.000500010159504461,0.0330109023222776,-0.0278296042439841));
#5228=CARTESIAN_POINT('',(0.000435530912708053,0.0330087370059971,-0.0277608683989058));
#5229=CARTESIAN_POINT('',(0.000355491345691823,0.0330004767773719,-0.0276636669844819));
#5230=CARTESIAN_POINT('',(0.000266897447270685,0.0329807910857746,-0.0275327439119149));
#5231=CARTESIAN_POINT('',(0.000178688785187018,0.0329438243207252,-0.0273629235321503));
#5232=CARTESIAN_POINT('',(8.48635499729406E-5,0.032878391026824,-0.0271237166841101));
#5233=CARTESIAN_POINT('',(1.17610082720748E-5,0.0327709810659332,-0.0268060456992315));
#5234=CARTESIAN_POINT('',(-1.64303391673338E-6,0.0326715331146585,-0.026542905674549));
#5235=CARTESIAN_POINT('',(-1.25672534583198E-6,0.0326231473178731,-0.0264073001724413));
#5236=CARTESIAN_POINT('',(0.00193389893090727,0.0326928228493511,-0.0283297469006171));
#5237=CARTESIAN_POINT('',(0.00186694118693939,0.0327151670225294,-0.0283294553809543));
#5238=CARTESIAN_POINT('',(0.00173399775516671,0.0327607811751144,-0.0283263850157632));
#5239=CARTESIAN_POINT('',(0.00147304896473952,0.0328544207649795,-0.0283034695686986));
#5240=CARTESIAN_POINT('',(0.00121850574551374,0.0329402062710127,-0.0282472444921984));
#5241=CARTESIAN_POINT('',(0.00100578892914374,0.0329973738027723,-0.0281657568911297));
#5242=CARTESIAN_POINT('',(0.0008890643334673,0.0330240856073807,-0.0281099778009722));
#5243=CARTESIAN_POINT('',(0.000804127946572743,0.0330410302969339,-0.0280633246262296));
#5244=CARTESIAN_POINT('',(0.000722299586071689,0.0330546540336019,-0.0280118056715232));
#5245=CARTESIAN_POINT('',(0.000643946990283116,0.033064723252181,-0.027955546858291));
#5246=CARTESIAN_POINT('',(0.000569547690118531,0.0330709809558237,-0.0278945527042944));
#5247=CARTESIAN_POINT('',(0.000499512654719932,0.0330730850451264,-0.0278290553197555));
#5248=CARTESIAN_POINT('',(0.000434051946928217,0.033070811847751,-0.0277591545871186));
#5249=CARTESIAN_POINT('',(0.000352977514452493,0.0330622957914042,-0.0276603579613426));
#5250=CARTESIAN_POINT('',(0.000263465594019747,0.0330421277011982,-0.0275273256382621));
#5251=CARTESIAN_POINT('',(0.000175394531729659,0.0330047582081116,-0.027355835320253));
#5252=CARTESIAN_POINT('',(8.22313480827609E-5,0.0329392739908217,-0.0271140409802874));
#5253=CARTESIAN_POINT('',(1.08803192292174E-5,0.0328312744459486,-0.0267956187843051));
#5254=CARTESIAN_POINT('',(-1.3770294385834E-6,0.0327317687980562,-0.0265307662442517));
#5255=CARTESIAN_POINT('',(-7.14399012576556E-7,0.032683454522907,-0.0263944679909947));
#5256=CARTESIAN_POINT('',(0.0019542376063683,0.0327838329190985,-0.0283287250566856));
#5257=CARTESIAN_POINT('',(0.0018866656097243,0.0328063681286347,-0.0283286384414708));
#5258=CARTESIAN_POINT('',(0.00175308929869757,0.0328523144227173,-0.0283267419565888));
#5259=CARTESIAN_POINT('',(0.00148838159466607,0.0329469807876264,-0.0283054453117596));
#5260=CARTESIAN_POINT('',(0.00123484878957796,0.0330332957433103,-0.0282520296118275));
#5261=CARTESIAN_POINT('',(0.00101986293787217,0.0330905616343342,-0.0281718827200975));
#5262=CARTESIAN_POINT('',(0.00090045607738951,0.0331176868737025,-0.0281153981759226));
#5263=CARTESIAN_POINT('',(0.000813164433160149,0.0331348777990082,-0.0280676451031072));
#5264=CARTESIAN_POINT('',(0.00072898609308866,0.0331487267256222,-0.0280148143114885));
#5265=CARTESIAN_POINT('',(0.000648402077032512,0.0331589269014043,-0.0279569900262781));
#5266=CARTESIAN_POINT('',(0.000571913867661363,0.0331651908809688,-0.0278942824279649));
#5267=CARTESIAN_POINT('',(0.000499932488456791,0.0331672134709483,-0.0278268874964667));
#5268=CARTESIAN_POINT('',(0.000432723431840685,0.0331648793410349,-0.027755028300858));
#5269=CARTESIAN_POINT('',(0.000349657983129244,0.0331561722628545,-0.0276535997064162));
#5270=CARTESIAN_POINT('',(0.000258061118982802,0.0331356680547929,-0.0275170928759385));
#5271=CARTESIAN_POINT('',(0.000168924197189047,0.0330977670980871,-0.0273416226732851));
#5272=CARTESIAN_POINT('',(7.71461660825355E-5,0.0330316807174495,-0.0270974502938922));
#5273=CARTESIAN_POINT('',(9.60203482831151E-6,0.0329229513024276,-0.0267791423783672));
#5274=CARTESIAN_POINT('',(-1.21989654330401E-6,0.0328236828266427,-0.0265113932850557));
#5275=CARTESIAN_POINT('',(-1.32168031087001E-7,0.0327754567459829,-0.0263743421569377));
#5276=CARTESIAN_POINT('',(0.001975357164437,0.0328783604675787,-0.0283281816377096));
#5277=CARTESIAN_POINT('',(0.00190735187116382,0.03290097141381,-0.0283280912203282));
#5278=CARTESIAN_POINT('',(0.00177265496061279,0.03294775304766,-0.0283270539565807));
#5279=CARTESIAN_POINT('',(0.00150742967815006,0.033042362140586,-0.0283084511447893));
#5280=CARTESIAN_POINT('',(0.00125171895541519,0.0331290082717844,-0.028256889488841));
#5281=CARTESIAN_POINT('',(0.00103526478481958,0.0331875484612199,-0.0281766198874721));
#5282=CARTESIAN_POINT('',(0.000913589725393698,0.0332150039546706,-0.0281189850567372));
#5283=CARTESIAN_POINT('',(0.000824401991470275,0.0332324403100794,-0.0280701006993671));
#5284=CARTESIAN_POINT('',(0.000738094612202398,0.0332464174985184,-0.0280157704379159));
#5285=CARTESIAN_POINT('',(0.000655394755366355,0.0332566549680827,-0.0279562434464242));
#5286=CARTESIAN_POINT('',(0.000576849017037913,0.0332628591573692,-0.0278917059946271));
#5287=CARTESIAN_POINT('',(0.000502893553041831,0.0332648055258635,-0.0278223867191644));
#5288=CARTESIAN_POINT('',(0.000433826723430877,0.0332624201559577,-0.0277485474308196));
#5289=CARTESIAN_POINT('',(0.000348485640405247,0.0332536528255893,-0.027644461276908));
#5290=CARTESIAN_POINT('',(0.000254551812052382,0.0332328499979227,-0.0275046932321402));
#5291=CARTESIAN_POINT('',(0.000163973982043118,0.0331943942425975,-0.0273257837568217));
#5292=CARTESIAN_POINT('',(7.21302454663045E-5,0.0331263377613571,-0.0270787578170128));
#5293=CARTESIAN_POINT('',(6.90986361091958E-6,0.0330177386440513,-0.0267600194623383));
#5294=CARTESIAN_POINT('',(-5.57428733358699E-7,0.032919146772125,-0.0264912099885877));
#5295=CARTESIAN_POINT('',(-1.51466409696339E-7,0.032870751387992,-0.0263532496315655));
#5296=CARTESIAN_POINT('',(0.00200230843538908,0.0330041453724669,-0.0283279499945092));
#5297=CARTESIAN_POINT('',(0.00193324406351724,0.0330275246700604,-0.0283281050984333));
#5298=CARTESIAN_POINT('',(0.0017976998618752,0.0330751343077689,-0.0283280037355985));
#5299=CARTESIAN_POINT('',(0.00153422090322832,0.0331691719828086,-0.0283119757710597));
#5300=CARTESIAN_POINT('',(0.00127427523755681,0.033256813126209,-0.0282606952374493));
#5301=CARTESIAN_POINT('',(0.00105541560457498,0.0333168249158768,-0.0281784821379454));
#5302=CARTESIAN_POINT('',(0.000932000283044337,0.0333449157659744,-0.0281192480828171));
#5303=CARTESIAN_POINT('',(0.000841115928663981,0.0333626291387447,-0.0280688175536739));
#5304=CARTESIAN_POINT('',(0.000752843431347632,0.0333767469231453,-0.0280126610912081));
#5305=CARTESIAN_POINT('',(0.000667979126607954,0.0333869896133571,-0.0279510637240887));
#5306=CARTESIAN_POINT('',(0.000587183922254781,0.0333931209099704,-0.0278843249124364));
#5307=CARTESIAN_POINT('',(0.000510953814836136,0.0333949811444031,-0.0278127383512501));
#5308=CARTESIAN_POINT('',(0.000439646234136294,0.0333925367824792,-0.0277366222806342));
#5309=CARTESIAN_POINT('',(0.000351446485673557,0.0333836604423649,-0.0276295752579484));
#5310=CARTESIAN_POINT('',(0.000254766753853793,0.033362523796262,-0.0274864230646878));
#5311=CARTESIAN_POINT('',(0.000161446070245222,0.0333229141953402,-0.0273042563973511));
#5312=CARTESIAN_POINT('',(7.05010989039535E-5,0.0332526554437774,-0.0270540555364085));
#5313=CARTESIAN_POINT('',(1.47827724481203E-6,0.0331431864924378,-0.0267334878096369));
#5314=CARTESIAN_POINT('',(1.1961906518608E-7,0.033045969198023,-0.0264646258844386));
#5315=CARTESIAN_POINT('',(8.294114016991E-8,0.0329975114274146,-0.0263270472995291));
#5316=CARTESIAN_POINT('',(0.00202497753019317,0.0331670435751545,-0.0283284245672403));
#5317=CARTESIAN_POINT('',(0.00195781376726089,0.0331889360396751,-0.0283281691161683));
#5318=CARTESIAN_POINT('',(0.00182417360658898,0.0332348352638473,-0.0283273851608846));
#5319=CARTESIAN_POINT('',(0.00156187055584042,0.0333290511736411,-0.0283104017131592));
#5320=CARTESIAN_POINT('',(0.00130232219341685,0.033417672131617,-0.0282574298188649));
#5321=CARTESIAN_POINT('',(0.00108069930129167,0.0334790640736518,-0.0281708488201835));
#5322=CARTESIAN_POINT('',(0.000956560748770392,0.0335078071132986,-0.0281092870485566));
#5323=CARTESIAN_POINT('',(0.000865078223809609,0.0335258704235457,-0.0280570824220135));
#5324=CARTESIAN_POINT('',(0.000775902312903002,0.0335401532437254,-0.0279990442322897));
#5325=CARTESIAN_POINT('',(0.000689784589754457,0.0335504268219336,-0.0279354788944776));
#5326=CARTESIAN_POINT('',(0.000607402926863493,0.0335565046122792,-0.0278667302717299));
#5327=CARTESIAN_POINT('',(0.000529334008021378,0.0335582775730386,-0.0277931721525678));
#5328=CARTESIAN_POINT('',(0.000456046377885934,0.0335557223335032,-0.0277152029759071));
#5329=CARTESIAN_POINT('',(0.000365227774163558,0.0335466263932465,-0.0276059507100892));
#5330=CARTESIAN_POINT('',(0.000265321450160944,0.0335249267858561,-0.0274606843724307));
#5331=CARTESIAN_POINT('',(0.000169624440996923,0.0334837985866841,-0.0272769336940429));
#5332=CARTESIAN_POINT('',(7.41696270563474E-5,0.0334123061900298,-0.0270249354361152));
#5333=CARTESIAN_POINT('',(1.08685271772864E-6,0.033299430387924,-0.0267053184302986));
#5334=CARTESIAN_POINT('',(5.80292910815419E-9,0.0332042596144042,-0.0264382149841713));
#5335=CARTESIAN_POINT('',(-4.19928345870212E-7,0.0331608363106699,-0.0263037396383515));
#5336=CARTESIAN_POINT('',(0.0020570202585931,0.0333631361741002,-0.0283192175314123));
#5337=CARTESIAN_POINT('',(0.0019887500331496,0.0333843867507398,-0.0283173128359243));
#5338=CARTESIAN_POINT('',(0.00185332727835849,0.0334288012441175,-0.0283136320184886));
#5339=CARTESIAN_POINT('',(0.00159133931432979,0.0335217898716999,-0.0282928204128076));
#5340=CARTESIAN_POINT('',(0.00133466694167422,0.033612083046109,-0.0282352416708039));
#5341=CARTESIAN_POINT('',(0.00111490081139935,0.033674640262742,-0.0281436562834643));
#5342=CARTESIAN_POINT('',(0.000991701727641396,0.0337039406047736,-0.0280794341651114));
#5343=CARTESIAN_POINT('',(0.000900952945518497,0.0337223147142073,-0.0280254510653768));
#5344=CARTESIAN_POINT('',(0.000812354394160879,0.0337367796606199,-0.0279658512195806));
#5345=CARTESIAN_POINT('',(0.000726480769420759,0.0337470991246253,-0.0279009273544124));
#5346=CARTESIAN_POINT('',(0.000643934070539884,0.0337531286388867,-0.0278310437399571));
#5347=CARTESIAN_POINT('',(0.000565284708299856,0.0337547883459976,-0.0277566103268593));
#5348=CARTESIAN_POINT('',(0.000491048713168274,0.0337520612740503,-0.0276780723903154));
#5349=CARTESIAN_POINT('',(0.000398557755278816,0.0337426448816302,-0.0275685031792598));
#5350=CARTESIAN_POINT('',(0.000296157990918827,0.0337202816150653,-0.0274236857752954));
#5351=CARTESIAN_POINT('',(0.00019644249983346,0.0336781527547336,-0.0272413285970749));
#5352=CARTESIAN_POINT('',(9.38673596215277E-5,0.0336052883120779,-0.0269915868833402));
#5353=CARTESIAN_POINT('',(1.86038213176415E-5,0.0334909013443917,-0.0266747494932576));
#5354=CARTESIAN_POINT('',(1.21956150592301E-5,0.0334001797636994,-0.0264079401303216));
#5355=CARTESIAN_POINT('',(8.38755921949048E-6,0.0333584597555596,-0.0262735470169799));
#5356=CARTESIAN_POINT('',(0.00209288078729221,0.0335548082516557,-0.0282947370903706));
#5357=CARTESIAN_POINT('',(0.0020257208201088,0.033575478807301,-0.028291019053849));
#5358=CARTESIAN_POINT('',(0.0018908766667246,0.0336191780766999,-0.0282835316183857));
#5359=CARTESIAN_POINT('',(0.00162588403248851,0.033712666391485,-0.0282573045169166));
#5360=CARTESIAN_POINT('',(0.00137270903329997,0.0338047681640241,-0.0281942285052926));
#5361=CARTESIAN_POINT('',(0.00115693866327019,0.0338688750923888,-0.0280981235872327));
#5362=CARTESIAN_POINT('',(0.00103617249778592,0.0338987943945165,-0.0280318397652057));
#5363=CARTESIAN_POINT('',(0.000947146120170051,0.0339174169924054,-0.0279765607259667));
#5364=CARTESIAN_POINT('',(0.000860093143981409,0.0339319427038542,-0.0279159784423516));
#5365=CARTESIAN_POINT('',(0.000775491698309795,0.0339422177214726,-0.0278504361728407));
#5366=CARTESIAN_POINT('',(0.000693836147741721,0.0339481350032994,-0.027780334058961));
#5367=CARTESIAN_POINT('',(0.000615630901105475,0.0339496532727832,-0.0277060986125612));
#5368=CARTESIAN_POINT('',(0.000541374890346627,0.0339467848729138,-0.027628165187183));
#5369=CARTESIAN_POINT('',(0.000448250419176082,0.0339371562734684,-0.0275199246490436));
#5370=CARTESIAN_POINT('',(0.000343943186009032,0.0339144690790913,-0.027377578221912));
#5371=CARTESIAN_POINT('',(0.000240662679921753,0.033871606494091,-0.0271988560102031));
#5372=CARTESIAN_POINT('',(0.000132644913468582,0.0337974300552022,-0.0269536859350666));
#5373=CARTESIAN_POINT('',(5.37885253378248E-5,0.0336834908162632,-0.026638082619933));
#5374=CARTESIAN_POINT('',(4.01077524081088E-5,0.0335923693773747,-0.0263713696431741));
#5375=CARTESIAN_POINT('',(3.25128204866785E-5,0.0335500828872305,-0.0262376377693643));
#5376=CARTESIAN_POINT('',(0.0021487314766919,0.033800534266281,-0.0282413369652564));
#5377=CARTESIAN_POINT('',(0.00208376458538322,0.0338205629438852,-0.028234492922381));
#5378=CARTESIAN_POINT('',(0.00195210457301614,0.033864074492545,-0.0282216110258468));
#5379=CARTESIAN_POINT('',(0.00168749360033915,0.0339585258098214,-0.0281865124681615));
#5380=CARTESIAN_POINT('',(0.00143820081567524,0.0340546734445673,-0.0281148823477636));
#5381=CARTESIAN_POINT('',(0.00122913398313582,0.0341223010586849,-0.0280142527023667));
#5382=CARTESIAN_POINT('',(0.00111227123288767,0.0341525869941031,-0.0279454874546184));
#5383=CARTESIAN_POINT('',(0.00102619794197661,0.034171082904791,-0.0278887341779746));
#5384=CARTESIAN_POINT('',(0.000941920376475293,0.0341853505936091,-0.0278272605210046));
#5385=CARTESIAN_POINT('',(0.000859719435389946,0.034195335049633,-0.0277615117281008));
#5386=CARTESIAN_POINT('',(0.000779970083721263,0.0342010275130184,-0.0276918861923932));
#5387=CARTESIAN_POINT('',(0.000703086289832499,0.0342023931657969,-0.0276187739476325));
#5388=CARTESIAN_POINT('',(0.000629482339034683,0.0341994030984806,-0.0275425719279935));
#5389=CARTESIAN_POINT('',(0.000536298735079181,0.0341897042201193,-0.0274373344014107));
#5390=CARTESIAN_POINT('',(0.000430094305161506,0.0341670925200011,-0.0272999164206733));
#5391=CARTESIAN_POINT('',(0.000322446574066149,0.034124154744389,-0.027127604918755));
#5392=CARTESIAN_POINT('',(0.000209892497903993,0.0340479228317018,-0.0268896197956051));
#5393=CARTESIAN_POINT('',(0.000122718208727781,0.0339314381109526,-0.0265769547712751));
#5394=CARTESIAN_POINT('',(9.98745753489096E-5,0.0338385598419714,-0.0263128704444006));
#5395=CARTESIAN_POINT('',(8.49601606685206E-5,0.0337947993477637,-0.0261813710327496));
#5396=CARTESIAN_POINT('',(0.00223878878601875,0.0340816939335825,-0.0281367918327749));
#5397=CARTESIAN_POINT('',(0.00217517137108706,0.0341023806522209,-0.0281264004997502));
#5398=CARTESIAN_POINT('',(0.0020486506132295,0.0341447299892989,-0.0281042542981005));
#5399=CARTESIAN_POINT('',(0.00179819963477821,0.0342393613305948,-0.028054735552555));
#5400=CARTESIAN_POINT('',(0.00155529185216138,0.0343532932798071,-0.0279784001604112));
#5401=CARTESIAN_POINT('',(0.00135561700231696,0.0344170680728955,-0.0278664919274497));
#5402=CARTESIAN_POINT('',(0.00124470090275216,0.0344457535829953,-0.027793992859569));
#5403=CARTESIAN_POINT('',(0.00116285722100534,0.0344632863542325,-0.0277357825317394));
#5404=CARTESIAN_POINT('',(0.00108247309516173,0.0344766957539012,-0.0276740058904043));
#5405=CARTESIAN_POINT('',(0.0010038051348363,0.0344860027672129,-0.0276088959776564));
#5406=CARTESIAN_POINT('',(0.000927089846483296,0.0344912114040924,-0.0275407706103213));
#5407=CARTESIAN_POINT('',(0.000852589833146835,0.034492426551896,-0.0274699559530234));
#5408=CARTESIAN_POINT('',(0.00078063370814702,0.0344897472165879,-0.0273967348524433));
#5409=CARTESIAN_POINT('',(0.000688505532866292,0.0344808236424523,-0.0272962877726615));
#5410=CARTESIAN_POINT('',(0.000581526660350676,0.0344593277010904,-0.0271659030071515));
#5411=CARTESIAN_POINT('',(0.000468824608364218,0.0344173107725302,-0.0270034504654412));
#5412=CARTESIAN_POINT('',(0.000343775752795997,0.0343430139377298,-0.0267774441420832));
#5413=CARTESIAN_POINT('',(0.000256059650884421,0.0342147544343628,-0.0264715603297455));
#5414=CARTESIAN_POINT('',(0.00021139901203786,0.0341186017532238,-0.0262183967673516));
#5415=CARTESIAN_POINT('',(0.000187551538561805,0.034076095322005,-0.0260933988250426));
#5416=CARTESIAN_POINT('',(0.00239805112814145,0.0343524873486549,-0.0279731826415973));
#5417=CARTESIAN_POINT('',(0.00233715141279919,0.0343734956598428,-0.0279559018474459));
#5418=CARTESIAN_POINT('',(0.00221565498118205,0.0344172901914637,-0.0279198754734749));
#5419=CARTESIAN_POINT('',(0.00197485743398468,0.0345080662517019,-0.0278399777276799));
#5420=CARTESIAN_POINT('',(0.00175374028844964,0.0346116494056026,-0.0277317872647861));
#5421=CARTESIAN_POINT('',(0.00156720007568206,0.0346791324465205,-0.0276171889019795));
#5422=CARTESIAN_POINT('',(0.00146243171222906,0.034708744156995,-0.0275447860084989));
#5423=CARTESIAN_POINT('',(0.00138531977775676,0.0347266294998336,-0.0274871103506845));
#5424=CARTESIAN_POINT('',(0.0013098383261806,0.0347405389174305,-0.0274264919664873));
#5425=CARTESIAN_POINT('',(0.00123600047594469,0.0347505316588945,-0.0273634171148279));
#5426=CARTESIAN_POINT('',(0.00116391518759236,0.0347566185145938,-0.0272981509468965));
#5427=CARTESIAN_POINT('',(0.0010937082153029,0.0347585836093905,-0.0272308436756297));
#5428=CARTESIAN_POINT('',(0.00102545613334299,0.0347562294113083,-0.0271616296205959));
#5429=CARTESIAN_POINT('',(0.000937298196931455,0.0347476248205556,-0.0270668644762043));
#5430=CARTESIAN_POINT('',(0.000832751173186454,0.0347272276126867,-0.0269441517549429));
#5431=CARTESIAN_POINT('',(0.000720152061230917,0.0346865030299547,-0.0267899316799216));
#5432=CARTESIAN_POINT('',(0.000591402455639429,0.0346076533774767,-0.0265775615570845));
#5433=CARTESIAN_POINT('',(0.000463855856043404,0.0344849565855103,-0.0262971485898078));
#5434=CARTESIAN_POINT('',(0.000386975392122548,0.0343910866559611,-0.0260573992476935));
#5435=CARTESIAN_POINT('',(0.000350977999696697,0.034348740686563,-0.0259359251046196));
#5436=CARTESIAN_POINT('',(0.00259081884333366,0.0345727268553097,-0.0277817410292281));
#5437=CARTESIAN_POINT('',(0.00253338403325441,0.0345897773347943,-0.0277580836787888));
#5438=CARTESIAN_POINT('',(0.00241966504283106,0.0346238810734569,-0.027708973062678));
#5439=CARTESIAN_POINT('',(0.00219905114447695,0.0346955398765829,-0.0276028511843307));
#5440=CARTESIAN_POINT('',(0.00198204338836467,0.0347779326067505,-0.027470557938949));
#5441=CARTESIAN_POINT('',(0.00180995189700084,0.0348405803484187,-0.0273385001123326));
#5442=CARTESIAN_POINT('',(0.00171513352905484,0.0348705555672052,-0.0272596146871061));
#5443=CARTESIAN_POINT('',(0.00164526466425234,0.0348896469436258,-0.0271994966818037));
#5444=CARTESIAN_POINT('',(0.00157655571437457,0.0349045140711047,-0.0271385643348252));
#5445=CARTESIAN_POINT('',(0.00150909941718568,0.0349148768768532,-0.0270766318589278));
#5446=CARTESIAN_POINT('',(0.0014427963660293,0.0349206965790585,-0.0270136817975056));
#5447=CARTESIAN_POINT('',(0.00137753016360737,0.0349224708612291,-0.0269497337757101));
#5448=CARTESIAN_POINT('',(0.00131333957234726,0.0349206248370195,-0.0268847101908752));
#5449=CARTESIAN_POINT('',(0.00122911160840303,0.0349127106547081,-0.0267965818304993));
#5450=CARTESIAN_POINT('',(0.00112679387214888,0.0348912497494245,-0.0266831475118342));
#5451=CARTESIAN_POINT('',(0.00100748879547062,0.0348490951957255,-0.0265424708136375));
#5452=CARTESIAN_POINT('',(0.000857179287695513,0.0347779106088112,-0.0263466909643576));
#5453=CARTESIAN_POINT('',(0.000693614307854134,0.0346759651238686,-0.0260778668098529));
#5454=CARTESIAN_POINT('',(0.000580666145052345,0.0345958556196292,-0.0258594011450614));
#5455=CARTESIAN_POINT('',(0.000527346746086503,0.0345581188349245,-0.0257473052220829));
#5456=CARTESIAN_POINT('',(0.00281589091248954,0.0347443653108063,-0.0275824754366841));
#5457=CARTESIAN_POINT('',(0.00276186067335348,0.0347578072994323,-0.0275530554648975));
#5458=CARTESIAN_POINT('',(0.00265501463222721,0.0347848541559252,-0.0274920275850603));
#5459=CARTESIAN_POINT('',(0.00244551291701714,0.0348374155604123,-0.0273571547553937));
#5460=CARTESIAN_POINT('',(0.00225202853984191,0.0348900763289553,-0.0272035069979352));
#5461=CARTESIAN_POINT('',(0.00209427994836775,0.0349324540842628,-0.027056978966016));
#5462=CARTESIAN_POINT('',(0.00200611413532947,0.0349538452256749,-0.0269710906959781));
#5463=CARTESIAN_POINT('',(0.00194095375921251,0.0349679847579058,-0.0269059393848903));
#5464=CARTESIAN_POINT('',(0.00187624681654434,0.0349800381700525,-0.0268406910353309));
#5465=CARTESIAN_POINT('',(0.00181157543631306,0.0349896821361016,-0.0267758070821198));
#5466=CARTESIAN_POINT('',(0.00174689280349035,0.0349965071921652,-0.0267111656714746));
#5467=CARTESIAN_POINT('',(0.00168226914358907,0.0349991019174772,-0.0266465114938327));
#5468=CARTESIAN_POINT('',(0.00161752381540324,0.0349964514326937,-0.0265818203013411));
#5469=CARTESIAN_POINT('',(0.00153111020408774,0.0349873546882168,-0.0264952928387036));
#5470=CARTESIAN_POINT('',(0.00142198877998093,0.0349691409580005,-0.0263873526234912));
#5471=CARTESIAN_POINT('',(0.00129194165145669,0.0349385973216961,-0.0262560928936183));
#5472=CARTESIAN_POINT('',(0.0011246969741741,0.0348901434866036,-0.0260758036611498));
#5473=CARTESIAN_POINT('',(0.000932082255410195,0.0348232344609934,-0.0258366945851928));
#5474=CARTESIAN_POINT('',(0.000791736144327803,0.0347690363217475,-0.0256286238071548));
#5475=CARTESIAN_POINT('',(0.000725877882995507,0.0347393855266745,-0.0255233070912942));
#5476=CARTESIAN_POINT('',(0.00297578603289912,0.034833217598411,-0.0274341268971553));
#5477=CARTESIAN_POINT('',(0.00292320657780366,0.0348444247011631,-0.0274018385244868));
#5478=CARTESIAN_POINT('',(0.00281928684993881,0.0348663827343863,-0.0273348938623582));
#5479=CARTESIAN_POINT('',(0.00261843053588949,0.0349087302008683,-0.0271909895854271));
#5480=CARTESIAN_POINT('',(0.00242995380332933,0.0349469620545503,-0.0270302107942521));
#5481=CARTESIAN_POINT('',(0.00228317951593796,0.0349700250529482,-0.0268743848523371));
#5482=CARTESIAN_POINT('',(0.00220276915745775,0.0349811646163043,-0.0267809848398918));
#5483=CARTESIAN_POINT('',(0.00214292947128127,0.0349882861457383,-0.0267099586384677));
#5484=CARTESIAN_POINT('',(0.00208291628206447,0.034993757466473,-0.0266389910449712));
#5485=CARTESIAN_POINT('',(0.00202195147337322,0.0349975045843393,-0.0265687353639609));
#5486=CARTESIAN_POINT('',(0.00195936022640563,0.0349995583097715,-0.0264998907103044));
#5487=CARTESIAN_POINT('',(0.00189466619990893,0.0350001564434552,-0.0264330689568577));
#5488=CARTESIAN_POINT('',(0.00182794982738998,0.0349995199063163,-0.0263683054950863));
#5489=CARTESIAN_POINT('',(0.00173616301878349,0.0349967595929668,-0.0262848312018122));
#5490=CARTESIAN_POINT('',(0.00161805469321889,0.0349890862715242,-0.0261845401943845));
#5491=CARTESIAN_POINT('',(0.00147660134604795,0.0349733990452434,-0.0260651953856728));
#5492=CARTESIAN_POINT('',(0.00129801884788904,0.0349465850270019,-0.0258998130449045));
#5493=CARTESIAN_POINT('',(0.00109521008265088,0.0348991728681599,-0.0256684114882385));
#5494=CARTESIAN_POINT('',(0.000946644779491749,0.0348541132837316,-0.0254681904819161));
#5495=CARTESIAN_POINT('',(0.000875486874274412,0.034830542377475,-0.0253656350907066));
#5496=CARTESIAN_POINT('',(0.00305686702585316,0.034873729964648,-0.0273582691882308));
#5497=CARTESIAN_POINT('',(0.00300504690711915,0.0348838101152336,-0.0273247659382019));
#5498=CARTESIAN_POINT('',(0.00290274064231512,0.0349035898279029,-0.0272554984006298));
#5499=CARTESIAN_POINT('',(0.00270478166057036,0.0349406644073351,-0.0271071494329229));
#5500=CARTESIAN_POINT('',(0.00252068371403057,0.0349708132470212,-0.0269423447212391));
#5501=CARTESIAN_POINT('',(0.00237798579343496,0.0349866376715817,-0.0267810352122421));
#5502=CARTESIAN_POINT('',(0.00229968117172875,0.0349931421823535,-0.0266850403125176));
#5503=CARTESIAN_POINT('',(0.00224186681417622,0.0349966130553174,-0.0266119096654824));
#5504=CARTESIAN_POINT('',(0.0021841510496767,0.0349986446186679,-0.0265385664857564));
#5505=CARTESIAN_POINT('',(0.00212552751985522,0.034999642284443,-0.0264659109935499));
#5506=CARTESIAN_POINT('',(0.00206477504249583,0.0349999579551123,-0.0263950217117828));
#5507=CARTESIAN_POINT('',(0.00200076226455245,0.0349999879875477,-0.026326984853492));
#5508=CARTESIAN_POINT('',(0.00193300440939555,0.034999952300209,-0.0262627416534371));
#5509=CARTESIAN_POINT('',(0.00183862674123232,0.0349995073692534,-0.0261816948257973));
#5510=CARTESIAN_POINT('',(0.0017157086276028,0.0349974160231448,-0.0260864211425826));
#5511=CARTESIAN_POINT('',(0.00157021459584444,0.0349889749453168,-0.0259712168555472));
#5512=CARTESIAN_POINT('',(0.00138582542232203,0.0349705352588355,-0.0258101736983513));
#5513=CARTESIAN_POINT('',(0.00117750942343233,0.0349331002938652,-0.0255846328189344));
#5514=CARTESIAN_POINT('',(0.00102499598958418,0.0348931296887762,-0.0253869348265972));
#5515=CARTESIAN_POINT('',(0.00095169902994891,0.0348719796612787,-0.0252859248629279));
#5516=CARTESIAN_POINT('',(0.0250029240515119,0.0326052481145165,-0.0264132359010258));
#5517=CARTESIAN_POINT('',(0.0250022847618076,0.0326274330581621,-0.0264796623075373));
#5518=CARTESIAN_POINT('',(0.0249983576796252,0.0326727124959941,-0.0266113643594045));
#5519=CARTESIAN_POINT('',(0.0249735538486151,0.0327650256699658,-0.0268693322644858));
#5520=CARTESIAN_POINT('',(0.0249154099877031,0.0328504483616932,-0.0271234772501239));
#5521=CARTESIAN_POINT('',(0.0248332914748738,0.0329075602972363,-0.0273322558247115));
#5522=CARTESIAN_POINT('',(0.02477752074347,0.0329338717465971,-0.0274470028543978));
#5523=CARTESIAN_POINT('',(0.0247312780272009,0.0329505074056928,-0.0275302426351785));
#5524=CARTESIAN_POINT('',(0.0246805912932675,0.0329637712486189,-0.027610280998769));
#5525=CARTESIAN_POINT('',(0.0246253680505253,0.032973510107029,-0.0276867885911447));
#5526=CARTESIAN_POINT('',(0.0245656761422473,0.0329795131482713,-0.0277594342188872));
#5527=CARTESIAN_POINT('',(0.0245016808747713,0.0329815159002572,-0.0278278556449842));
#5528=CARTESIAN_POINT('',(0.0244334397424169,0.0329794178982933,-0.027891906299901));
#5529=CARTESIAN_POINT('',(0.024336963906242,0.0329713184417641,-0.0279714872803662));
#5530=CARTESIAN_POINT('',(0.0242068847511984,0.0329519634382157,-0.0280597043148229));
#5531=CARTESIAN_POINT('',(0.024037797725061,0.0329151981808337,-0.0281480081960122));
#5532=CARTESIAN_POINT('',(0.0237998906745516,0.0328497666507509,-0.0282421151227776));
#5533=CARTESIAN_POINT('',(0.0234827842716862,0.0327426273821963,-0.0283159237910132));
#5534=CARTESIAN_POINT('',(0.023220415731828,0.0326432495710985,-0.028329869111262));
#5535=CARTESIAN_POINT('',(0.023085148322319,0.0325948300278086,-0.0283296227720011));
#5536=CARTESIAN_POINT('',(0.0250025040774404,0.0326332200143135,-0.0264072028183012));
#5537=CARTESIAN_POINT('',(0.0250019776867294,0.0326554574649353,-0.0264738036638824));
#5538=CARTESIAN_POINT('',(0.0249983169891077,0.0327008472822649,-0.0266059201471587));
#5539=CARTESIAN_POINT('',(0.024974123694594,0.0327935987662396,-0.0268648108095855));
#5540=CARTESIAN_POINT('',(0.0249165308811621,0.0328791303719229,-0.0271192263927541));
#5541=CARTESIAN_POINT('',(0.0248345948550754,0.0329362676638029,-0.0273293195216058));
#5542=CARTESIAN_POINT('',(0.0247788117593644,0.0329627089863735,-0.0274447061530778));
#5543=CARTESIAN_POINT('',(0.0247324654371176,0.0329794576798501,-0.0275284390637583));
#5544=CARTESIAN_POINT('',(0.0246815407012877,0.0329928461206286,-0.0276089904838654));
#5545=CARTESIAN_POINT('',(0.0246260023135588,0.0330027263471496,-0.0276860104347659));
#5546=CARTESIAN_POINT('',(0.0245659603342411,0.0330088335310485,-0.0277591880614012));
#5547=CARTESIAN_POINT('',(0.0245015268757419,0.0330109023222658,-0.0278280672087378));
#5548=CARTESIAN_POINT('',(0.0244327910306641,0.0330087370059839,-0.0278925464555346));
#5549=CARTESIAN_POINT('',(0.0243355896162408,0.0330004767773571,-0.0279725860225513));
#5550=CARTESIAN_POINT('',(0.0242046665436747,0.0329807910857577,-0.0280611799209731));
#5551=CARTESIAN_POINT('',(0.0240348461639108,0.0329438243207059,-0.0281493885830577));
#5552=CARTESIAN_POINT('',(0.0237956393158718,0.0328783910268016,-0.028243213818273));
#5553=CARTESIAN_POINT('',(0.0234779683309945,0.0327709810659071,-0.0283163163599756));
#5554=CARTESIAN_POINT('',(0.0232148283063121,0.0326715331146286,-0.028329720402166));
#5555=CARTESIAN_POINT('',(0.0230792228042039,0.0326231473178407,-0.0283293340935961));
#5556=CARTESIAN_POINT('',(0.0250016695323673,0.0326928228493687,-0.0263941784373291));
#5557=CARTESIAN_POINT('',(0.0250013780127048,0.0327151670225459,-0.0264611361812971));
#5558=CARTESIAN_POINT('',(0.0249983076475143,0.0327607811751284,-0.0265940796130703));
#5559=CARTESIAN_POINT('',(0.0249753922004511,0.0328544207649885,-0.0268550284034988));
#5560=CARTESIAN_POINT('',(0.0249191671239521,0.0329402062710165,-0.0271095716227255));
#5561=CARTESIAN_POINT('',(0.0248376795228845,0.0329973738027721,-0.0273222884390964));
#5562=CARTESIAN_POINT('',(0.0247819004327275,0.0330240856073784,-0.0274390130347734));
#5563=CARTESIAN_POINT('',(0.0247352472579851,0.0330410302969301,-0.0275239494216685));
#5564=CARTESIAN_POINT('',(0.024683728303279,0.0330546540335965,-0.0276057777821701));
#5565=CARTESIAN_POINT('',(0.0246274694900472,0.033064723252174,-0.0276841303779592));
#5566=CARTESIAN_POINT('',(0.0245664753360509,0.0330709809558153,-0.0277585296781242));
#5567=CARTESIAN_POINT('',(0.0245009779515123,0.0330730850451165,-0.0278285647135233));
#5568=CARTESIAN_POINT('',(0.0244310772188759,0.0330708118477398,-0.0278940254213154));
#5569=CARTESIAN_POINT('',(0.0243322805931004,0.0330622957913913,-0.0279750998537915));
#5570=CARTESIAN_POINT('',(0.0241992482700207,0.0330421277011832,-0.0280646117742248));
#5571=CARTESIAN_POINT('',(0.0240277579520126,0.0330047582080941,-0.0281526828365156));
#5572=CARTESIAN_POINT('',(0.023785963612048,0.0329392739908011,-0.0282458460201635));
#5573=CARTESIAN_POINT('',(0.0234675414160666,0.0328312744459242,-0.0283171970490187));
#5574=CARTESIAN_POINT('',(0.0232026888760133,0.0327317687980281,-0.0283294543976878));
#5575=CARTESIAN_POINT('',(0.0230663906227558,0.0326834545228764,-0.0283287917672626));
#5576=CARTESIAN_POINT('',(0.025000647688436,0.0327838329191188,-0.0263738397618696));
#5577=CARTESIAN_POINT('',(0.0250005610732215,0.0328063681286538,-0.0264414117585136));
#5578=CARTESIAN_POINT('',(0.0249986645883399,0.0328523144227339,-0.026574988069541));
#5579=CARTESIAN_POINT('',(0.0249773679435119,0.0329469807876379,-0.0268396957735733));
#5580=CARTESIAN_POINT('',(0.024923952243581,0.0330332957433164,-0.027093228578662));
#5581=CARTESIAN_POINT('',(0.0248438053518516,0.0330905616343365,-0.0273082144303691));
#5582=CARTESIAN_POINT('',(0.0247873208076767,0.0331176868737027,-0.0274276212908527));
#5583=CARTESIAN_POINT('',(0.0247395677348614,0.0331348777990067,-0.0275149129350826));
#5584=CARTESIAN_POINT('',(0.0246867369432429,0.0331487267256192,-0.0275990912751547));
#5585=CARTESIAN_POINT('',(0.0246289126580326,0.0331589269013996,-0.0276796752912115));
#5586=CARTESIAN_POINT('',(0.0245662050597196,0.0331651908809626,-0.0277561635005832));
#5587=CARTESIAN_POINT('',(0.0244988101282216,0.0331672134709406,-0.0278281448797882));
#5588=CARTESIAN_POINT('',(0.0244269509326132,0.0331648793410258,-0.0278953539364046));
#5589=CARTESIAN_POINT('',(0.0243255223381721,0.0331561722628435,-0.0279784193851164));
#5590=CARTESIAN_POINT('',(0.0241890155076951,0.0331356680547798,-0.0280700162492631));
#5591=CARTESIAN_POINT('',(0.0240135453050429,0.0330977670980716,-0.028159153171057));
#5592=CARTESIAN_POINT('',(0.0237693729256514,0.0330316807174306,-0.0282509312021641));
#5593=CARTESIAN_POINT('',(0.0234510650101269,0.0329229513024049,-0.0283184753334198));
#5594=CARTESIAN_POINT('',(0.0231833159168153,0.0328236828266161,-0.0283292972647924));
#5595=CARTESIAN_POINT('',(0.023046264788697,0.0327754567459541,-0.0283282095362808));
#5596=CARTESIAN_POINT('',(0.0250001042694603,0.0328783604676001,-0.0263527202038031));
#5597=CARTESIAN_POINT('',(0.025000013852079,0.03290097141383,-0.0264207254970762));
#5598=CARTESIAN_POINT('',(0.0249989765883319,0.0329477530476774,-0.0265554224076276));
#5599=CARTESIAN_POINT('',(0.0249803737765415,0.033042362140598,-0.0268206476900909));
#5600=CARTESIAN_POINT('',(0.0249288121205937,0.0331290082717914,-0.0270763584128266));
#5601=CARTESIAN_POINT('',(0.0248485425192248,0.0331875484612229,-0.0272928125834237));
#5602=CARTESIAN_POINT('',(0.0247909076884899,0.0332150039546715,-0.0274144876428505));
#5603=CARTESIAN_POINT('',(0.0247420233311196,0.0332324403100786,-0.0275036753767746));
#5604=CARTESIAN_POINT('',(0.0246876930696685,0.033246417498516,-0.0275899827560431));
#5605=CARTESIAN_POINT('',(0.0246281660781769,0.0332566549680786,-0.0276726826128797));
#5606=CARTESIAN_POINT('',(0.0245636286263799,0.0332628591573636,-0.0277512283512086));
#5607=CARTESIAN_POINT('',(0.0244943093509174,0.0332648055258562,-0.027825183815205));
#5608=CARTESIAN_POINT('',(0.0244204700625731,0.0332624201559489,-0.0278942506448163));
#5609=CARTESIAN_POINT('',(0.0243163839086619,0.0332536528255786,-0.0279795917278421));
#5610=CARTESIAN_POINT('',(0.024176615863895,0.0332328499979098,-0.028073525556195));
#5611=CARTESIAN_POINT('',(0.023997706388578,0.0331943942425819,-0.028164103386204));
#5612=CARTESIAN_POINT('',(0.0237506804487706,0.0331263377613382,-0.0282559471227811));
#5613=CARTESIAN_POINT('',(0.0234319420940965,0.0330177386440282,-0.0283211675046372));
#5614=CARTESIAN_POINT('',(0.0231631326203459,0.0329191467720981,-0.0283286347969826));
#5615=CARTESIAN_POINT('',(0.0230251722633236,0.0328707513879632,-0.0283282288346591));
#5616=CARTESIAN_POINT('',(0.0249998726262603,0.0330041453724896,-0.0263257689328542));
#5617=CARTESIAN_POINT('',(0.0250000277301843,0.0330275246700817,-0.0263948333047258));
#5618=CARTESIAN_POINT('',(0.0249999263673496,0.0330751343077873,-0.0265303775063677));
#5619=CARTESIAN_POINT('',(0.024983898402811,0.0331691719828215,-0.0267938564650155));
#5620=CARTESIAN_POINT('',(0.0249326178692005,0.0332568131262174,-0.027053802130688));
#5621=CARTESIAN_POINT('',(0.0248504047696962,0.0333168249158809,-0.0272726617636713));
#5622=CARTESIAN_POINT('',(0.0247911707145675,0.0333449157659763,-0.0273960770852028));
#5623=CARTESIAN_POINT('',(0.0247407401854242,0.0333626291387449,-0.0274869614395837));
#5624=CARTESIAN_POINT('',(0.0246845837229582,0.0333767469231438,-0.0275752339369006));
#5625=CARTESIAN_POINT('',(0.0246229863558389,0.0333869896133539,-0.0276600982416408));
#5626=CARTESIAN_POINT('',(0.0245562475441866,0.0333931209099654,-0.0277408934459944));
#5627=CARTESIAN_POINT('',(0.0244846609830006,0.0333949811443965,-0.0278171235534133));
#5628=CARTESIAN_POINT('',(0.0244085449123851,0.0333925367824709,-0.0278884311341133));
#5629=CARTESIAN_POINT('',(0.0243014978896999,0.0333836604423546,-0.027976630882576));
#5630=CARTESIAN_POINT('',(0.0241583456964404,0.0333625237962493,-0.0280733106143955));
#5631=CARTESIAN_POINT('',(0.0239761790291052,0.0333229141953246,-0.0281666312980034));
#5632=CARTESIAN_POINT('',(0.0237259781681642,0.0332526554437581,-0.0282575762693443));
#5633=CARTESIAN_POINT('',(0.0234054104413931,0.0331431864924144,-0.0283265990910038));
#5634=CARTESIAN_POINT('',(0.0231365485161949,0.0330459691979959,-0.0283279577491839));
#5635=CARTESIAN_POINT('',(0.0229989699312853,0.0329975114273858,-0.0283279944271088));
#5636=CARTESIAN_POINT('',(0.0250003471989908,0.0331670435751793,-0.0263030998380544));
#5637=CARTESIAN_POINT('',(0.0250000917479187,0.033188936039698,-0.0263702636009872));
#5638=CARTESIAN_POINT('',(0.0249993077926347,0.0332348352638673,-0.0265039037616593));
#5639=CARTESIAN_POINT('',(0.0249823243449088,0.0333290511736557,-0.0267662068124068));
#5640=CARTESIAN_POINT('',(0.0249293524506139,0.033417672131627,-0.0270257551748318));
#5641=CARTESIAN_POINT('',(0.0248427714519317,0.0334790640736576,-0.0272473780669582));
#5642=CARTESIAN_POINT('',(0.0247812096803043,0.033507807113302,-0.0273715166194802));
#5643=CARTESIAN_POINT('',(0.024729005053761,0.0335258704235473,-0.0274629991444415));
#5644=CARTESIAN_POINT('',(0.024670966864037,0.0335401532437253,-0.0275521750553486));
#5645=CARTESIAN_POINT('',(0.024607401526225,0.0335504268219316,-0.0276382927784975));
#5646=CARTESIAN_POINT('',(0.0245386529034774,0.0335565046122753,-0.0277206744413887));
#5647=CARTESIAN_POINT('',(0.0244650947843155,0.033558277573033,-0.027798743360231));
#5648=CARTESIAN_POINT('',(0.0243871256076552,0.0335557223334959,-0.0278720309903665));
#5649=CARTESIAN_POINT('',(0.0242778733418381,0.0335466263932368,-0.0279628495940888));
#5650=CARTESIAN_POINT('',(0.0241326070041807,0.0335249267858437,-0.0280627559180909));
#5651=CARTESIAN_POINT('',(0.0239488563257944,0.0334837985866685,-0.0281584529272539));
#5652=CARTESIAN_POINT('',(0.0236968580678684,0.0334123061900101,-0.0282539077411931));
#5653=CARTESIAN_POINT('',(0.0233772410620519,0.0332994303878998,-0.0283269905155327));
#5654=CARTESIAN_POINT('',(0.0231101376159238,0.0332042596143761,-0.0283280715653207));
#5655=CARTESIAN_POINT('',(0.0229756622701041,0.0331608363106392,-0.0283284972965954));
#5656=CARTESIAN_POINT('',(0.024991140163161,0.0333631361741253,-0.0262710571096569));
#5657=CARTESIAN_POINT('',(0.024989235467673,0.0333843867507637,-0.0263393273351007));
#5658=CARTESIAN_POINT('',(0.0249855546502371,0.0334288012441388,-0.0264747500898921));
#5659=CARTESIAN_POINT('',(0.0249647430445552,0.0335217898717163,-0.0267367380539213));
#5660=CARTESIAN_POINT('',(0.0249071643025505,0.0336120830461209,-0.0269934104265778));
#5661=CARTESIAN_POINT('',(0.0248155789152099,0.0336746402627498,-0.0272131765568539));
#5662=CARTESIAN_POINT('',(0.0247513567968565,0.033703940604779,-0.0273363756406126));
#5663=CARTESIAN_POINT('',(0.0246973736971218,0.0337223147142107,-0.0274271244227359));
#5664=CARTESIAN_POINT('',(0.0246377738513254,0.0337367796606215,-0.027515722974094));
#5665=CARTESIAN_POINT('',(0.0245728499861571,0.0337470991246248,-0.0276015965988344));
#5666=CARTESIAN_POINT('',(0.0245029663717019,0.0337531286388843,-0.0276841432977155));
#5667=CARTESIAN_POINT('',(0.0244285329586045,0.0337547883459931,-0.0277627926599557));
#5668=CARTESIAN_POINT('',(0.024349995022061,0.033752061274044,-0.0278370286550873));
#5669=CARTESIAN_POINT('',(0.0242404258110062,0.0337426448816212,-0.0279295196129765));
#5670=CARTESIAN_POINT('',(0.024095608407043,0.0337202816150531,-0.0280319193773359));
#5671=CARTESIAN_POINT('',(0.0239132512288238,0.0336781527547178,-0.0281316348684202));
#5672=CARTESIAN_POINT('',(0.0236635095150906,0.0336052883120576,-0.0282342100086309));
#5673=CARTESIAN_POINT('',(0.0233466721250081,0.0334909013443663,-0.0283094735469353));
#5674=CARTESIAN_POINT('',(0.0230798627620725,0.0334001797636701,-0.0283158817531928));
#5675=CARTESIAN_POINT('',(0.022945469648731,0.0333584597555289,-0.0283196898090322));
#5676=CARTESIAN_POINT('',(0.0249666597221171,0.0335548082516808,-0.0262351965809601));
#5677=CARTESIAN_POINT('',(0.0249629416855955,0.0335754788073251,-0.0263023565481438));
#5678=CARTESIAN_POINT('',(0.0249554542501321,0.0336191780767219,-0.0264372007015284));
#5679=CARTESIAN_POINT('',(0.0249292271486623,0.0337126663915027,-0.026702193335765));
#5680=CARTESIAN_POINT('',(0.024866151137037,0.0338047681640377,-0.0269553683349548));
#5681=CARTESIAN_POINT('',(0.0247700462189761,0.0338688750923984,-0.0271711387049857));
#5682=CARTESIAN_POINT('',(0.0247037623969488,0.0338987943945235,-0.0272919048704706));
#5683=CARTESIAN_POINT('',(0.0246484833577095,0.0339174169924106,-0.027380931248087));
#5684=CARTESIAN_POINT('',(0.0245879010740943,0.0339319427038572,-0.027467984224276));
#5685=CARTESIAN_POINT('',(0.0245223588045835,0.0339422177214736,-0.0275525856699479));
#5686=CARTESIAN_POINT('',(0.0244522566907039,0.0339481350032983,-0.0276342412205163));
#5687=CARTESIAN_POINT('',(0.0243780212443045,0.0339496532727799,-0.0277124464671527));
#5688=CARTESIAN_POINT('',(0.0243000878189268,0.0339467848729084,-0.0277867024779116));
#5689=CARTESIAN_POINT('',(0.0241918472807882,0.03393715627346,-0.0278798269490821));
#5690=CARTESIAN_POINT('',(0.0240495008536577,0.0339144690790793,-0.0279841341822486));
#5691=CARTESIAN_POINT('',(0.0238707786419501,0.033871606494075,-0.0280874146883351));
#5692=CARTESIAN_POINT('',(0.0236256085668149,0.0337974300551813,-0.0281954324547872));
#5693=CARTESIAN_POINT('',(0.0233100052516821,0.0336834908162371,-0.0282742888429176));
#5694=CARTESIAN_POINT('',(0.0230432922749233,0.0335923693773452,-0.0282879696158466));
#5695=CARTESIAN_POINT('',(0.0229095604011136,0.0335500828871996,-0.0282955645477676));
#5696=CARTESIAN_POINT('',(0.0249132595969999,0.0338005342663057,-0.0261793458915632));
#5697=CARTESIAN_POINT('',(0.0249064155541244,0.033820562943909,-0.0262443127828724));
#5698=CARTESIAN_POINT('',(0.0248935336575902,0.0338640744925673,-0.0263759727952401));
#5699=CARTESIAN_POINT('',(0.0248584350999045,0.0339585258098403,-0.0266405837679174));
#5700=CARTESIAN_POINT('',(0.0247868049795051,0.0340546734445827,-0.0268898765525822));
#5701=CARTESIAN_POINT('',(0.0246861753341077,0.0341223010586965,-0.0270989433851227));
#5702=CARTESIAN_POINT('',(0.024617410086359,0.0341525869941121,-0.0272158061353715));
#5703=CARTESIAN_POINT('',(0.0245606568097151,0.034171082904798,-0.027301879426283));
#5704=CARTESIAN_POINT('',(0.0244991831527451,0.0341853505936139,-0.0273861569917849));
#5705=CARTESIAN_POINT('',(0.0244334343598415,0.0341953350496357,-0.0274683579328707));
#5706=CARTESIAN_POINT('',(0.0243638088241342,0.0342010275130188,-0.0275481072845398));
#5707=CARTESIAN_POINT('',(0.0242906965793739,0.0342023931657949,-0.0276249910784289));
#5708=CARTESIAN_POINT('',(0.0242144945597355,0.0341994030984762,-0.0276985950292269));
#5709=CARTESIAN_POINT('',(0.0241092570331534,0.0341897042201117,-0.0277917786331826));
#5710=CARTESIAN_POINT('',(0.023971839052417,0.0341670925199896,-0.0278979830631002));
#5711=CARTESIAN_POINT('',(0.0237995275504999,0.0341241547443726,-0.0280056307941949));
#5712=CARTESIAN_POINT('',(0.0235615424273516,0.03404792283168,-0.0281181848703561));
#5713=CARTESIAN_POINT('',(0.0232488774030221,0.0339314381109265,-0.0282053591595313));
#5714=CARTESIAN_POINT('',(0.0229847930761477,0.0338385598419424,-0.0282282027929095));
#5715=CARTESIAN_POINT('',(0.0228532936644967,0.0337947993477332,-0.0282431172075897));
#5716=CARTESIAN_POINT('',(0.0248087144645143,0.0340816939336064,-0.026089288582239));
#5717=CARTESIAN_POINT('',(0.0247983231314894,0.0341023806522442,-0.026152905997171));
#5718=CARTESIAN_POINT('',(0.0247761769298399,0.034144729989321,-0.0262794267550293));
#5719=CARTESIAN_POINT('',(0.0247266581842941,0.0342393613306142,-0.0265298777334818));
#5720=CARTESIAN_POINT('',(0.0246503227921495,0.0343532932798248,-0.0267727855160986));
#5721=CARTESIAN_POINT('',(0.0245384145591872,0.0344170680729088,-0.0269724603659436));
#5722=CARTESIAN_POINT('',(0.0244659154913064,0.0344457535830058,-0.0270833764655091));
#5723=CARTESIAN_POINT('',(0.024407705163477,0.0344632863542408,-0.0271652201472565));
#5724=CARTESIAN_POINT('',(0.0243459285221422,0.0344766957539072,-0.0272456042731008));
#5725=CARTESIAN_POINT('',(0.0242808186093947,0.0344860027672166,-0.0273242722334269));
#5726=CARTESIAN_POINT('',(0.02421269324206,0.0344912114040937,-0.0274009875217806));
#5727=CARTESIAN_POINT('',(0.0241418785847627,0.0344924265518948,-0.0274754875351176));
#5728=CARTESIAN_POINT('',(0.0240686574841832,0.0344897472165844,-0.0275474436601181));
#5729=CARTESIAN_POINT('',(0.0239682104044023,0.0344808236424455,-0.0276395718353995));
#5730=CARTESIAN_POINT('',(0.0238378256388935,0.0344593277010794,-0.0277465507079157));
#5731=CARTESIAN_POINT('',(0.0236753730971845,0.0344173107725146,-0.0278592527599025));
#5732=CARTESIAN_POINT('',(0.0234493667738273,0.0343430139377077,-0.0279843016154697));
#5733=CARTESIAN_POINT('',(0.0231434829614904,0.0342147544343371,-0.0280720177173796));
#5734=CARTESIAN_POINT('',(0.0228903193990968,0.0341186017531962,-0.0281166783562252));
#5735=CARTESIAN_POINT('',(0.022765321456788,0.0340760953219768,-0.0281405258297009));
#5736=CARTESIAN_POINT('',(0.0246451052733308,0.0343524873486768,-0.0259300262401198));
#5737=CARTESIAN_POINT('',(0.0246278244791796,0.0343734956598643,-0.0259909259554623));
#5738=CARTESIAN_POINT('',(0.0245917981052087,0.0344172901914843,-0.0261124223870797));
#5739=CARTESIAN_POINT('',(0.024511900359413,0.0345080662517203,-0.0263532199342775));
#5740=CARTESIAN_POINT('',(0.0244037098965172,0.0346116494056184,-0.0265743370798118));
#5741=CARTESIAN_POINT('',(0.0242891115337114,0.0346791324465323,-0.0267608772925805));
#5742=CARTESIAN_POINT('',(0.0242167086402314,0.0347087441570042,-0.0268656456560344));
#5743=CARTESIAN_POINT('',(0.0241590329824175,0.0347266294998408,-0.0269427575905074));
#5744=CARTESIAN_POINT('',(0.024098414598221,0.0347405389174358,-0.0270182390420844));
#5745=CARTESIAN_POINT('',(0.0240353397465623,0.0347505316588977,-0.0270920768923212));
#5746=CARTESIAN_POINT('',(0.0239700735786317,0.034756618514595,-0.0271641621806744));
#5747=CARTESIAN_POINT('',(0.0239027663073657,0.0347585836093895,-0.0272343691529647));
#5748=CARTESIAN_POINT('',(0.0238335522523326,0.0347562294113049,-0.0273026212349254));
#5749=CARTESIAN_POINT('',(0.0237387871079421,0.0347476248205495,-0.0273907791713379));
#5750=CARTESIAN_POINT('',(0.0236160743866822,0.0347272276126772,-0.027495326195084));
#5751=CARTESIAN_POINT('',(0.023461854311662,0.034686503029941,-0.0276079253070399));
#5752=CARTESIAN_POINT('',(0.0232494841888269,0.0346076533774589,-0.0277366749126318));
#5753=CARTESIAN_POINT('',(0.0229690712215502,0.0344849565854882,-0.0278642215122266));
#5754=CARTESIAN_POINT('',(0.0227293218794365,0.0343910866559356,-0.027941101976147));
#5755=CARTESIAN_POINT('',(0.0226078477363637,0.0343487406865352,-0.0279770993685726));
#5756=CARTESIAN_POINT('',(0.0244536636609548,0.0345727268553289,-0.0257372585249279));
#5757=CARTESIAN_POINT('',(0.0244300063105156,0.034589777334813,-0.0257946933350078));
#5758=CARTESIAN_POINT('',(0.0243808956944048,0.0346238810734742,-0.0259084123254322));
#5759=CARTESIAN_POINT('',(0.0242747738160582,0.0346955398765988,-0.0261290262237888));
#5760=CARTESIAN_POINT('',(0.0241424805706739,0.0347779326067649,-0.0263460339799006));
#5761=CARTESIAN_POINT('',(0.0240104227440581,0.0348405803484297,-0.0265181254712655));
#5762=CARTESIAN_POINT('',(0.0239315373188327,0.0348705555672141,-0.0266129438392124));
#5763=CARTESIAN_POINT('',(0.0238714193135313,0.0348896469436328,-0.0266828127040156));
#5764=CARTESIAN_POINT('',(0.0238104869665538,0.0349045140711098,-0.026751521653894));
#5765=CARTESIAN_POINT('',(0.0237485544906574,0.0349148768768563,-0.0268189779510835));
#5766=CARTESIAN_POINT('',(0.0236856044292362,0.0349206965790598,-0.0268852810022407));
#5767=CARTESIAN_POINT('',(0.0236216564074419,0.034922470861229,-0.0269505472046635));
#5768=CARTESIAN_POINT('',(0.023556632822608,0.0349206248370178,-0.0270147377959245));
#5769=CARTESIAN_POINT('',(0.0234685044622335,0.0349127106547039,-0.0270989657598701));
#5770=CARTESIAN_POINT('',(0.0233550701435697,0.0348912497494166,-0.0272012834961258));
#5771=CARTESIAN_POINT('',(0.0232143934453748,0.0348490951957141,-0.0273205885728057));
#5772=CARTESIAN_POINT('',(0.0230186135960962,0.034777910608796,-0.0274708980805816));
#5773=CARTESIAN_POINT('',(0.0227497894415924,0.0346759651238499,-0.0276344630604218));
#5774=CARTESIAN_POINT('',(0.0225313237768016,0.0345958556196088,-0.0277474112232226));
#5775=CARTESIAN_POINT('',(0.0224192278538234,0.034558118834903,-0.0278007306221883));
#5776=CARTESIAN_POINT('',(0.0242543980684047,0.0347443653108262,-0.0255121864557733));
#5777=CARTESIAN_POINT('',(0.024224978096618,0.0347578072994514,-0.0255662166949098));
#5778=CARTESIAN_POINT('',(0.0241639502167804,0.0347848541559427,-0.0256730627360368));
#5779=CARTESIAN_POINT('',(0.0240290773871118,0.0348374155604257,-0.0258825644512481));
#5780=CARTESIAN_POINT('',(0.0238754296296536,0.0348900763289665,-0.0260760488284252));
#5781=CARTESIAN_POINT('',(0.0237289015977354,0.0349324540842715,-0.0262337974199013));
#5782=CARTESIAN_POINT('',(0.0236430133276984,0.034953845225682,-0.0263219632329406));
#5783=CARTESIAN_POINT('',(0.0235778620166114,0.0349679847579117,-0.0263871236090584));
#5784=CARTESIAN_POINT('',(0.0235126136670532,0.0349800381700573,-0.0264518305517276));
#5785=CARTESIAN_POINT('',(0.0234477297138433,0.0349896821361052,-0.0265165019319598));
#5786=CARTESIAN_POINT('',(0.0233830883031994,0.0349965071921673,-0.0265811845647834));
#5787=CARTESIAN_POINT('',(0.0233184341255585,0.0349991019174772,-0.0266458082246856));
#5788=CARTESIAN_POINT('',(0.023253742933068,0.0349964514326914,-0.0267105535528725));
#5789=CARTESIAN_POINT('',(0.0231672154704319,0.0349873546882127,-0.0267969671641895));
#5790=CARTESIAN_POINT('',(0.0230592752552219,0.0349691409579945,-0.0269060885882988));
#5791=CARTESIAN_POINT('',(0.0229280155253513,0.0349385973216876,-0.0270361357168248));
#5792=CARTESIAN_POINT('',(0.0227477262928856,0.034890143486592,-0.0272033803941088));
#5793=CARTESIAN_POINT('',(0.0225086172169319,0.0348232344609785,-0.0273959951128732));
#5794=CARTESIAN_POINT('',(0.0223005464388947,0.0347690363217305,-0.0275363412239557));
#5795=CARTESIAN_POINT('',(0.0221952297230346,0.0347393855266566,-0.0276021994852878));
#5796=CARTESIAN_POINT('',(0.0241060495288705,0.0348332175984294,-0.0253522913353646));
#5797=CARTESIAN_POINT('',(0.0240737611562017,0.0348444247011805,-0.0254048707904604));
#5798=CARTESIAN_POINT('',(0.0240068164940724,0.0348663827344016,-0.0255087905183259));
#5799=CARTESIAN_POINT('',(0.0238629122171403,0.0349087302008798,-0.0257096468323764));
#5800=CARTESIAN_POINT('',(0.0237021334259652,0.0349469620545581,-0.0258981235649378));
#5801=CARTESIAN_POINT('',(0.0235463074840513,0.0349700250529535,-0.0260448978523303));
#5802=CARTESIAN_POINT('',(0.0234529074716069,0.0349811646163084,-0.0261253082108121));
#5803=CARTESIAN_POINT('',(0.0233818812701838,0.0349882861457414,-0.0261851478969901));
#5804=CARTESIAN_POINT('',(0.0233109136766884,0.0349937574664752,-0.0262451610862085));
#5805=CARTESIAN_POINT('',(0.0232406579956795,0.0349975045843407,-0.0263061258949015));
#5806=CARTESIAN_POINT('',(0.0231718133420247,0.034999558309772,-0.0263687171418709));
#5807=CARTESIAN_POINT('',(0.0231049915885796,0.0350001564434552,-0.0264334111683692));
#5808=CARTESIAN_POINT('',(0.0230402281268099,0.0349995199063156,-0.0265001275408899));
#5809=CARTESIAN_POINT('',(0.0229567538335383,0.0349967595929652,-0.0265919143494988));
#5810=CARTESIAN_POINT('',(0.0228564628261137,0.0349890862715209,-0.026710022675066));
#5811=CARTESIAN_POINT('',(0.0227371180174052,0.034973399045238,-0.0268514760222387));
#5812=CARTESIAN_POINT('',(0.02257173567664,0.0349465850269937,-0.027030058520399));
#5813=CARTESIAN_POINT('',(0.0223403341199766,0.034899172868148,-0.0272328672856385));
#5814=CARTESIAN_POINT('',(0.0221401131136559,0.0348541132837177,-0.0273814325887979));
#5815=CARTESIAN_POINT('',(0.022037557722447,0.0348305423774601,-0.0274525904940153));
#5816=CARTESIAN_POINT('',(0.0240301918199432,0.0348737299646654,-0.0252712103424111));
#5817=CARTESIAN_POINT('',(0.0239966885699139,0.0348838101152498,-0.0253230304611454));
#5818=CARTESIAN_POINT('',(0.0239274210323411,0.0349035898279171,-0.0254253367259499));
#5819=CARTESIAN_POINT('',(0.0237790720646332,0.0349406644073451,-0.0256232957076956));
#5820=CARTESIAN_POINT('',(0.0236142673529494,0.0349708132470275,-0.0258073936542363));
#5821=CARTESIAN_POINT('',(0.0234529578439534,0.0349866376715856,-0.0259500915748334));
#5822=CARTESIAN_POINT('',(0.0233569629442299,0.034993142182356,-0.026028396196541));
#5823=CARTESIAN_POINT('',(0.0232838322971958,0.0349966130553188,-0.0260862105540949));
#5824=CARTESIAN_POINT('',(0.023210489117471,0.0349986446186686,-0.026143926318596));
#5825=CARTESIAN_POINT('',(0.0231378336252662,0.0349996422844433,-0.0262025498484196));
#5826=CARTESIAN_POINT('',(0.0230669443435012,0.0349999579551123,-0.0262633023257814));
#5827=CARTESIAN_POINT('',(0.0229989074852122,0.0349999879875477,-0.026327315103727));
#5828=CARTESIAN_POINT('',(0.0229346642851596,0.034999952300209,-0.0263950729588861));
#5829=CARTESIAN_POINT('',(0.022853617457523,0.034999507369253,-0.0264894506270522));
#5830=CARTESIAN_POINT('',(0.0227583437743119,0.0349974160231435,-0.026612368740685));
#5831=CARTESIAN_POINT('',(0.0226431394872794,0.0349889749453131,-0.0267578627724453));
#5832=CARTESIAN_POINT('',(0.0224820963300866,0.0349705352588289,-0.0269422519459691));
#5833=CARTESIAN_POINT('',(0.0222565554506724,0.034933100293855,-0.02715056794486));
#5834=CARTESIAN_POINT('',(0.022058857458337,0.0348931296887639,-0.0273030813787086));
#5835=CARTESIAN_POINT('',(0.0219578474946683,0.0348719796612654,-0.0273763783383441));
#5836=CARTESIAN_POINT('',(0.00308412608382976,0.000111078180748626,-0.0273191855324877));
#5837=CARTESIAN_POINT('',(0.0029792321165083,8.95181602555309E-5,-0.027251338659815));
#5838=CARTESIAN_POINT('',(0.00277270446459308,4.02845704746782E-5,-0.0271110367042213));
#5839=CARTESIAN_POINT('',(0.00249729983009166,1.69540692667935E-5,-0.0268821528078463));
#5840=CARTESIAN_POINT('',(0.0022408102435112,2.70677305204892E-7,-0.0266202174837986));
#5841=CARTESIAN_POINT('',(0.00201612424335569,2.8937040739605E-7,-0.0263128910077162));
#5842=CARTESIAN_POINT('',(0.00171017817063956,2.72036148282881E-7,-0.0260869925092281));
#5843=CARTESIAN_POINT('',(0.00144928361761569,1.60758356063636E-5,-0.0258288933546949));
#5844=CARTESIAN_POINT('',(0.00122055625318409,3.85702853009744E-5,-0.0255543237588946));
#5845=CARTESIAN_POINT('',(0.00108071848905908,8.80513621446745E-5,-0.0253476748738536));
#5846=CARTESIAN_POINT('',(0.00101312432069218,0.000109671528471706,-0.025242828600656));
#5847=CARTESIAN_POINT('',(0.00290927364335133,0.000195657871273925,-0.0274969096927418));
#5848=CARTESIAN_POINT('',(0.00280487194369764,0.000168028567115379,-0.027431258852221));
#5849=CARTESIAN_POINT('',(0.00258649589242023,0.000128965002446959,-0.027294437367778));
#5850=CARTESIAN_POINT('',(0.0023046136782949,7.01145295044614E-5,-0.0270754611502236));
#5851=CARTESIAN_POINT('',(0.00204302711988488,1.73084129712554E-5,-0.0268118932898543));
#5852=CARTESIAN_POINT('',(0.0017923727762104,-8.32076223597792E-6,-0.0265360295633033));
#5853=CARTESIAN_POINT('',(0.00151758380209721,1.71446121598848E-5,-0.0262840127083367));
#5854=CARTESIAN_POINT('',(0.00125473363366886,6.9555824559648E-5,-0.0260221495469086));
#5855=CARTESIAN_POINT('',(0.00103618068002232,0.00012768707040425,-0.0257401089808688));
#5856=CARTESIAN_POINT('',(0.000900234467610796,0.000167304571412636,-0.025521779091078));
#5857=CARTESIAN_POINT('',(0.000834668144693148,0.000194661157566532,-0.0254174253407936));
#5858=CARTESIAN_POINT('',(0.00265579744913926,0.000349598173156172,-0.0277278703639156));
#5859=CARTESIAN_POINT('',(0.00254525965051843,0.000319653610983077,-0.02767136028365));
#5860=CARTESIAN_POINT('',(0.0023296507559147,0.000255867677245141,-0.0275521258201427));
#5861=CARTESIAN_POINT('',(0.00200805346718721,0.000150799578030759,-0.0273539571081336));
#5862=CARTESIAN_POINT('',(0.00171595233217126,4.72789266803533E-5,-0.0271052244711831));
#5863=CARTESIAN_POINT('',(0.00147281280173834,-1.21750493280758E-5,-0.0268553294902725));
#5864=CARTESIAN_POINT('',(0.00122374968236572,4.70418233984432E-5,-0.0266103943592207));
#5865=CARTESIAN_POINT('',(0.000975492595269336,0.000150161338128964,-0.0263179041986435));
#5866=CARTESIAN_POINT('',(0.000777357680445477,0.000254851491285432,-0.0259963926436189));
#5867=CARTESIAN_POINT('',(0.000658127671581233,0.000318087943722343,-0.0257810313370929));
#5868=CARTESIAN_POINT('',(0.000601868055317491,0.000348224580910658,-0.025670454840791));
#5869=CARTESIAN_POINT('',(0.00239703014062357,0.000651685458247517,-0.027984480393596));
#5870=CARTESIAN_POINT('',(0.00227653725307612,0.00060650362390631,-0.0279391669634039));
#5871=CARTESIAN_POINT('',(0.00203273310490012,0.000517791017248626,-0.0278662400321238));
#5872=CARTESIAN_POINT('',(0.00168515041577752,0.000366482538073203,-0.0277108651667875));
#5873=CARTESIAN_POINT('',(0.00139202569937694,0.000255701593297185,-0.0274936301114697));
#5874=CARTESIAN_POINT('',(0.00110251153854308,0.000314930280271815,-0.0272238188559536));
#5875=CARTESIAN_POINT('',(0.00083388859042495,0.000255460942904776,-0.0269332871884068));
#5876=CARTESIAN_POINT('',(0.000617078234804081,0.000366472011514252,-0.0266402252201518));
#5877=CARTESIAN_POINT('',(0.000462555133833502,0.000517221822944386,-0.0262924091185464));
#5878=CARTESIAN_POINT('',(0.000389901048730623,0.000605139788119398,-0.0260485201036764));
#5879=CARTESIAN_POINT('',(0.000344622223056343,0.000649605167463323,-0.0259281242331345));
#5880=CARTESIAN_POINT('',(0.00226465786268674,0.000876698150079231,-0.0281150910702026));
#5881=CARTESIAN_POINT('',(0.00213977089135178,0.000832630255591574,-0.0280839843724365));
#5882=CARTESIAN_POINT('',(0.00187954831819662,0.000743675344852724,-0.0280413582683685));
#5883=CARTESIAN_POINT('',(0.00152807532288038,0.000579621703837821,-0.0279168052669271));
#5884=CARTESIAN_POINT('',(0.00120651225245197,0.000515215307451868,-0.0276792321820908));
#5885=CARTESIAN_POINT('',(0.000908756872774084,0.00048132499257962,-0.0274167663875366));
#5886=CARTESIAN_POINT('',(0.000647187921071897,0.0005149865639075,-0.0271182645475947));
#5887=CARTESIAN_POINT('',(0.000410834251323486,0.000579875629197078,-0.0267965792536607));
#5888=CARTESIAN_POINT('',(0.000287588556113366,0.000742614855558482,-0.0264447350778479));
#5889=CARTESIAN_POINT('',(0.000245007140651807,0.000830993962625334,-0.0261847101363207));
#5890=CARTESIAN_POINT('',(0.000213561407764471,0.000875170947642493,-0.0260597953243147));
#5891=CARTESIAN_POINT('',(0.00218317150898411,0.00108743077506288,-0.028201524511267));
#5892=CARTESIAN_POINT('',(0.00205272218566489,0.00104597630170425,-0.0281803771362523));
#5893=CARTESIAN_POINT('',(0.00178723561817261,0.000959069798053586,-0.0281592802727135));
#5894=CARTESIAN_POINT('',(0.00142643670995335,0.000812979402435335,-0.0280216012778069));
#5895=CARTESIAN_POINT('',(0.00109014431109498,0.000724275933884875,-0.0278115305131265));
#5896=CARTESIAN_POINT('',(0.000783987606946423,0.000701580218754252,-0.027540790863016));
#5897=CARTESIAN_POINT('',(0.000514350231844185,0.000724341751738872,-0.0272340070571791));
#5898=CARTESIAN_POINT('',(0.000305207469851615,0.000812920334163633,-0.0268976763576456));
#5899=CARTESIAN_POINT('',(0.000169427140223288,0.000957720473664549,-0.0265367426912464));
#5900=CARTESIAN_POINT('',(0.000148670417853287,0.00104392457891356,-0.0262714973503394));
#5901=CARTESIAN_POINT('',(0.000127501780457295,0.00108438413661896,-0.0261415588928226));
#5902=CARTESIAN_POINT('',(0.00213261530885177,0.00126166661596155,-0.0282550300071425));
#5903=CARTESIAN_POINT('',(0.0019999584692955,0.0012221046210423,-0.0282423814476986));
#5904=CARTESIAN_POINT('',(0.00173209215007238,0.00113536072393564,-0.0282268436575111));
#5905=CARTESIAN_POINT('',(0.00136297241618297,0.000992298740618892,-0.028094706436365));
#5906=CARTESIAN_POINT('',(0.00101555166792807,0.000901065608111929,-0.0278911732789318));
#5907=CARTESIAN_POINT('',(0.000702112445643877,0.000870967553703597,-0.0276221668406103));
#5908=CARTESIAN_POINT('',(0.000434230233009,0.000901197573927415,-0.0273081265435036));
#5909=CARTESIAN_POINT('',(0.000231744185344177,0.000992248501382474,-0.0269607462552243));
#5910=CARTESIAN_POINT('',(0.000101806239322899,0.00113398769852982,-0.0265919252750367));
#5911=CARTESIAN_POINT('',(8.67465062730308E-5,0.00121881635329656,-0.0263247129401708));
#5912=CARTESIAN_POINT('',(7.38997921678902E-5,0.0012585604114179,-0.0261920746590111));
#5913=CARTESIAN_POINT('',(0.00209001101482551,0.00144663760333118,-0.028295135755201));
#5914=CARTESIAN_POINT('',(0.00195625587075327,0.00140828964803343,-0.028287605420228));
#5915=CARTESIAN_POINT('',(0.00168974401008913,0.00132096188267122,-0.0282776244557894));
#5916=CARTESIAN_POINT('',(0.00131025070044958,0.00117845403898127,-0.0281520866804493));
#5917=CARTESIAN_POINT('',(0.00095344212675736,0.00108474269196947,-0.0279581749010549));
#5918=CARTESIAN_POINT('',(0.000633760073788749,0.00105249492263587,-0.0276900416482596));
#5919=CARTESIAN_POINT('',(0.000366854080520581,0.00108498330017595,-0.0273697039455677));
#5920=CARTESIAN_POINT('',(0.000174033699734104,0.00117833134192871,-0.0270132188182307));
#5921=CARTESIAN_POINT('',(5.06252779209175E-5,0.00131974419096744,-0.0266343542989624));
#5922=CARTESIAN_POINT('',(4.11919609504584E-5,0.00140504827619117,-0.0263685287335118));
#5923=CARTESIAN_POINT('',(3.39162083977565E-5,0.00144146380392883,-0.0262355659218374));
#5924=CARTESIAN_POINT('',(0.00205374945164366,0.00164025006474434,-0.0283194680007697));
#5925=CARTESIAN_POINT('',(0.00192055269991175,0.00160182998443902,-0.0283159055873823));
#5926=CARTESIAN_POINT('',(0.00165501209327769,0.00150878965705872,-0.0283103577808818));
#5927=CARTESIAN_POINT('',(0.00126732630538504,0.00136895051517079,-0.028195178117546));
#5928=CARTESIAN_POINT('',(0.000902060979280229,0.00127357915086417,-0.0280121797270118));
#5929=CARTESIAN_POINT('',(0.000578039807624417,0.00123973070172597,-0.0277452207706563));
#5930=CARTESIAN_POINT('',(0.000312786593721004,0.00127402825875781,-0.0274205274223353));
#5931=CARTESIAN_POINT('',(0.000130345319793633,0.00136850799124236,-0.0270560178042713));
#5932=CARTESIAN_POINT('',(1.78694894031783E-5,0.00150807827258505,-0.0266691743147581));
#5933=CARTESIAN_POINT('',(1.25725616927112E-5,0.00159852063811101,-0.026404592130779));
#5934=CARTESIAN_POINT('',(9.11815126906717E-6,0.0016346722255225,-0.0262720318546161));
#5935=CARTESIAN_POINT('',(0.0020290120700643,0.00180580907162109,-0.028327043503816));
#5936=CARTESIAN_POINT('',(0.00189699258524015,0.00176154757908565,-0.0283257550304368));
#5937=CARTESIAN_POINT('',(0.00162889439330753,0.00166723214787897,-0.0283233595321274));
#5938=CARTESIAN_POINT('',(0.00123750638853792,0.00152884830867833,-0.0282197082241467));
#5939=CARTESIAN_POINT('',(0.000866959636088576,0.00143356663406265,-0.0280466625406845));
#5940=CARTESIAN_POINT('',(0.000542248301181406,0.0013986895930039,-0.0277805429146654));
#5941=CARTESIAN_POINT('',(0.000278399516382156,0.00143402706367665,-0.0274551037976245));
#5942=CARTESIAN_POINT('',(0.000105615744256492,0.00152865646180151,-0.0270857862369855));
#5943=CARTESIAN_POINT('',(4.56706404163378E-6,0.00166514267330959,-0.0266955835886769));
#5944=CARTESIAN_POINT('',(2.50397351746851E-6,0.00175870543932486,-0.0264286961223582));
#5945=CARTESIAN_POINT('',(1.29487181951024E-6,0.00179980651313885,-0.0262976925093793));
#5946=CARTESIAN_POINT('',(0.0020100630639475,0.00193688236613055,-0.0283279834755697));
#5947=CARTESIAN_POINT('',(0.00187522204785498,0.00189006787764536,-0.0283277503435621));
#5948=CARTESIAN_POINT('',(0.00160731655155237,0.0017930645654529,-0.0283275735756549));
#5949=CARTESIAN_POINT('',(0.00121558205642053,0.00165748898265637,-0.0282318406483845));
#5950=CARTESIAN_POINT('',(0.000842983002415366,0.00156238258041531,-0.0280673130128386));
#5951=CARTESIAN_POINT('',(0.000520123927129434,0.00152688975152826,-0.027802159243642));
#5952=CARTESIAN_POINT('',(0.000257944806677909,0.00156294678814506,-0.0274787987753689));
#5953=CARTESIAN_POINT('',(9.349071343978E-5,0.00165735219951962,-0.0271074590423265));
#5954=CARTESIAN_POINT('',(3.48498301503417E-7,0.00179025127542188,-0.026717734310589));
#5955=CARTESIAN_POINT('',(2.5015535220249E-7,0.0018859037118127,-0.0264507802348402));
#5956=CARTESIAN_POINT('',(8.33187334464344E-8,0.00193071556737421,-0.0263169429185876));
#5957=CARTESIAN_POINT('',(0.00198857884141232,0.00206564314458411,-0.0283278394949265));
#5958=CARTESIAN_POINT('',(0.00185101464788296,0.00201844230814892,-0.0283280809456844));
#5959=CARTESIAN_POINT('',(0.00158370674676064,0.00191868694664923,-0.0283240924845466));
#5960=CARTESIAN_POINT('',(0.00119420573429331,0.00178642190528753,-0.0282460059383536));
#5961=CARTESIAN_POINT('',(0.000821856531615333,0.00169181340475357,-0.0280790332111027));
#5962=CARTESIAN_POINT('',(0.000501548717613025,0.00165574337433666,-0.0278205700838807));
#5963=CARTESIAN_POINT('',(0.000245728963261881,0.00169251881243144,-0.0274994445721984));
#5964=CARTESIAN_POINT('',(8.06172054412351E-5,0.00178628392483539,-0.027128746375415));
#5965=CARTESIAN_POINT('',(4.00840909438511E-6,0.00191553795435121,-0.0267415543583735));
#5966=CARTESIAN_POINT('',(-1.6588759794013E-7,0.00201295187019726,-0.0264753585911824));
#5967=CARTESIAN_POINT('',(1.25925220624415E-7,0.00205916925909034,-0.026338603363408));
#5968=CARTESIAN_POINT('',(0.00195252226594472,0.00221646087858154,-0.0283280606654664));
#5969=CARTESIAN_POINT('',(0.00181699184903315,0.00217365776669554,-0.0283288835727419));
#5970=CARTESIAN_POINT('',(0.00154716655760614,0.00207257366676101,-0.0283168504891009));
#5971=CARTESIAN_POINT('',(0.00116861513349733,0.00194301024530356,-0.0282382709918952));
#5972=CARTESIAN_POINT('',(0.000804033107198376,0.00185127474278454,-0.0280826678118592));
#5973=CARTESIAN_POINT('',(0.000483176900280353,0.00181394338205244,-0.0278386080885189));
#5974=CARTESIAN_POINT('',(0.000241600405596963,0.00185215740743461,-0.0275170191345142));
#5975=CARTESIAN_POINT('',(8.83393236785039E-5,0.00194291675846766,-0.0271543066789959));
#5976=CARTESIAN_POINT('',(1.08028536236225E-5,0.00206950067591177,-0.0267773924213194));
#5977=CARTESIAN_POINT('',(-8.77012306464631E-7,0.00216838200117153,-0.0265102723919057));
#5978=CARTESIAN_POINT('',(6.07740529394346E-7,0.00220893783184106,-0.0263752820841967));
#5979=CARTESIAN_POINT('',(0.00192666099779946,0.0023415315671245,-0.028330962811223));
#5980=CARTESIAN_POINT('',(0.00179121699478981,0.00229459826694673,-0.0283329165586694));
#5981=CARTESIAN_POINT('',(0.0015229553279111,0.00219919636758465,-0.0283163939874532));
#5982=CARTESIAN_POINT('',(0.00114454096091081,0.0020683232027727,-0.0282288418569939));
#5983=CARTESIAN_POINT('',(0.000790170582916425,0.00197990332061784,-0.0280709797329256));
#5984=CARTESIAN_POINT('',(0.000484438755425899,0.00194355127980156,-0.0278370664395452));
#5985=CARTESIAN_POINT('',(0.000253173014925549,0.0019807462295885,-0.0275307301274895));
#5986=CARTESIAN_POINT('',(9.77318038472085E-5,0.00206826717869192,-0.0271783514385423));
#5987=CARTESIAN_POINT('',(1.14035579515534E-5,0.00219611229823718,-0.0268022040950874));
#5988=CARTESIAN_POINT('',(-3.61169164683394E-6,0.00228873142727702,-0.026535552790981));
#5989=CARTESIAN_POINT('',(-1.77169360684719E-6,0.00233420229478125,-0.0264011181947457));
#5990=CARTESIAN_POINT('',(0.00191389840744495,0.00240123022392754,-0.0283325709442695));
#5991=CARTESIAN_POINT('',(0.00177907557197421,0.00235449763763092,-0.0283327787696655));
#5992=CARTESIAN_POINT('',(0.00150981137021055,0.00225954765203868,-0.0283167348627309));
#5993=CARTESIAN_POINT('',(0.00113395456870592,0.00212977065663462,-0.0282262848195001));
#5994=CARTESIAN_POINT('',(0.000782735381679381,0.00204215956962048,-0.0280665928367534));
#5995=CARTESIAN_POINT('',(0.000485178474539513,0.00200794706215734,-0.0278362148781547));
#5996=CARTESIAN_POINT('',(0.000257455666604234,0.00204292061187346,-0.0275380908630963));
#5997=CARTESIAN_POINT('',(0.000100227225456972,0.00212983213102877,-0.0271889856012952));
#5998=CARTESIAN_POINT('',(1.11387389866247E-5,0.00225635253666439,-0.0268153839679702));
#5999=CARTESIAN_POINT('',(-3.17506691659402E-6,0.00234856926172436,-0.0265477188492611));
#6000=CARTESIAN_POINT('',(-3.00514835319987E-6,0.0023937880188625,-0.0264138523158555));
#6001=CARTESIAN_POINT('',(0.023991108164227,0.000111078180745084,-0.0252439512844236));
#6002=CARTESIAN_POINT('',(0.0239232612915544,8.95181602525439E-5,-0.0253488452517454));
#6003=CARTESIAN_POINT('',(0.0237829593359598,4.02845704741081E-5,-0.0255553729036609));
#6004=CARTESIAN_POINT('',(0.023554075439587,1.69540692651162E-5,-0.0258307775381636));
#6005=CARTESIAN_POINT('',(0.0232921401155367,2.70677305165209E-7,-0.0260872671247439));
#6006=CARTESIAN_POINT('',(0.0229848136394581,2.89370407375884E-7,-0.0263119531249021));
#6007=CARTESIAN_POINT('',(0.0227589151409725,2.72036148327333E-7,-0.026617899197621));
#6008=CARTESIAN_POINT('',(0.0225008159864389,1.60758356078574E-5,-0.0268787937506436));
#6009=CARTESIAN_POINT('',(0.0222262463906393,3.85702853017227E-5,-0.0271075211150767));
#6010=CARTESIAN_POINT('',(0.0220195975055987,8.80513621476912E-5,-0.0272473588792011));
#6011=CARTESIAN_POINT('',(0.0219147512324012,0.00010967152847532,-0.0273149530475679));
#6012=CARTESIAN_POINT('',(0.0241688323244824,0.000195657871268298,-0.0254188037249016));
#6013=CARTESIAN_POINT('',(0.0241031814839615,0.000168028567110299,-0.0255232054245555));
#6014=CARTESIAN_POINT('',(0.0239663599995182,0.000128965002442898,-0.0257415814758333));
#6015=CARTESIAN_POINT('',(0.0237473837819637,7.01145295017662E-5,-0.0260234636899596));
#6016=CARTESIAN_POINT('',(0.0234838159215954,1.73084129695351E-5,-0.0262850502483706));
#6017=CARTESIAN_POINT('',(0.0232079521950457,-8.32076223595277E-6,-0.0265357045920466));
#6018=CARTESIAN_POINT('',(0.0229559353400802,1.71446121614322E-5,-0.026810493566161));
#6019=CARTESIAN_POINT('',(0.0226940721786533,6.95558245621824E-5,-0.0270733437345903));
#6020=CARTESIAN_POINT('',(0.0224120316126139,0.000127687070407964,-0.0272918966882371));
#6021=CARTESIAN_POINT('',(0.0221937017228235,0.000167304571417652,-0.027427842900648));
#6022=CARTESIAN_POINT('',(0.0220893479725391,0.000194661157571982,-0.0274934092235656));
#6023=CARTESIAN_POINT('',(0.0243997929956579,0.000349598173149773,-0.0256722799191133));
#6024=CARTESIAN_POINT('',(0.0243432829153921,0.000319653610977049,-0.0257828177177344));
#6025=CARTESIAN_POINT('',(0.0242240484518846,0.000255867677239994,-0.0259984266123383));
#6026=CARTESIAN_POINT('',(0.0240258797398755,0.000150799578026506,-0.0263200239010663));
#6027=CARTESIAN_POINT('',(0.0237771471029244,4.72789266777649E-5,-0.0266121250360824));
#6028=CARTESIAN_POINT('',(0.023527252122017,-1.21750493280886E-5,-0.0268552645665159));
#6029=CARTESIAN_POINT('',(0.0232823169909658,4.70418234009198E-5,-0.0271043276858921));
#6030=CARTESIAN_POINT('',(0.0229898268303883,0.000150161338132883,-0.027352584772988));
#6031=CARTESIAN_POINT('',(0.0226683152753644,0.000254851491290177,-0.0275507196878117));
#6032=CARTESIAN_POINT('',(0.0224529539688385,0.000318087943727756,-0.027669949696676));
#6033=CARTESIAN_POINT('',(0.0223423774725368,0.000348224580916613,-0.0277262093129396));
#6034=CARTESIAN_POINT('',(0.0246564030253409,0.000651685458239621,-0.0259310472276282));
#6035=CARTESIAN_POINT('',(0.0246110895951487,0.000606503623899022,-0.0260515401151756));
#6036=CARTESIAN_POINT('',(0.0245381626638687,0.000517791017241944,-0.0262953442633523));
#6037=CARTESIAN_POINT('',(0.024382787798531,0.000366482538067784,-0.0266429269524745));
#6038=CARTESIAN_POINT('',(0.0241655527432144,0.000255701593294416,-0.0269360516688763));
#6039=CARTESIAN_POINT('',(0.0238957414876983,0.000314930280270928,-0.027225565829711));
#6040=CARTESIAN_POINT('',(0.023605209820152,0.000255460942906828,-0.0274941887778293));
#6041=CARTESIAN_POINT('',(0.0233121478518982,0.000366472011518974,-0.0277109991334514));
#6042=CARTESIAN_POINT('',(0.0229643317502924,0.000517221822950214,-0.0278655222344208));
#6043=CARTESIAN_POINT('',(0.0227204427354231,0.000605139788125804,-0.0279381763195239));
#6044=CARTESIAN_POINT('',(0.0226000468648813,0.000649605167470045,-0.0279834551451981));
#6045=CARTESIAN_POINT('',(0.0247870137019488,0.000876698150071011,-0.0260634195055644));
#6046=CARTESIAN_POINT('',(0.0247559070041829,0.00083263025558331,-0.0261883064768998));
#6047=CARTESIAN_POINT('',(0.0247132809001144,0.000743675344845048,-0.026448529050055));
#6048=CARTESIAN_POINT('',(0.0245887278986725,0.000579621703831491,-0.0268000020453712));
#6049=CARTESIAN_POINT('',(0.0243511548138361,0.000515215307448657,-0.0271215651158004));
#6050=CARTESIAN_POINT('',(0.0240886890192826,0.000481324992578832,-0.0274193204954788));
#6051=CARTESIAN_POINT('',(0.0237901871793412,0.000514986563908786,-0.0276808894471819));
#6052=CARTESIAN_POINT('',(0.0234685018854076,0.000579875629202287,-0.0279172431169303));
#6053=CARTESIAN_POINT('',(0.0231166577095946,0.000742614855564721,-0.0280404888121397));
#6054=CARTESIAN_POINT('',(0.0228566327680677,0.000830993962632342,-0.0280830702276012));
#6055=CARTESIAN_POINT('',(0.0227317179560619,0.000875170947649823,-0.0281145159604888));
#6056=CARTESIAN_POINT('',(0.0248734471430145,0.00108743077505366,-0.0261449058592667));
#6057=CARTESIAN_POINT('',(0.0248522997679999,0.00104597630169586,-0.0262753551825858));
#6058=CARTESIAN_POINT('',(0.0248312029044608,0.000959069798046041,-0.0265408417500784));
#6059=CARTESIAN_POINT('',(0.0246935239095538,0.000812979402428634,-0.0269016406582978));
#6060=CARTESIAN_POINT('',(0.0244834531448732,0.000724275933881345,-0.0272379330571567));
#6061=CARTESIAN_POINT('',(0.0242127134947629,0.000701580218753107,-0.0275440897613058));
#6062=CARTESIAN_POINT('',(0.0239059296889262,0.000724341751740407,-0.0278137271364085));
#6063=CARTESIAN_POINT('',(0.0235695989893931,0.000812920334168287,-0.0280228698984009));
#6064=CARTESIAN_POINT('',(0.0232086653229938,0.000957720473670626,-0.0281586502280286));
#6065=CARTESIAN_POINT('',(0.0229434199820873,0.00104392457892041,-0.0281794069503985));
#6066=CARTESIAN_POINT('',(0.0228134815245708,0.00108438413662629,-0.0282005755877947));
#6067=CARTESIAN_POINT('',(0.0249269526388909,0.00126166661595242,-0.0261954620593984));
#6068=CARTESIAN_POINT('',(0.0249143040794469,0.00122210462103337,-0.0263281188989549));
#6069=CARTESIAN_POINT('',(0.0248987662892592,0.00113536072392805,-0.0265959852181779));
#6070=CARTESIAN_POINT('',(0.0247666290681127,0.000992298740612449,-0.0269651049520678));
#6071=CARTESIAN_POINT('',(0.0245630959106793,0.00090106560810816,-0.0273125257003231));
#6072=CARTESIAN_POINT('',(0.0242940894723579,0.00087096755370236,-0.0276259649226078));
#6073=CARTESIAN_POINT('',(0.0239800491752516,0.000901197573928796,-0.027893847135243));
#6074=CARTESIAN_POINT('',(0.0236326688869724,0.000992248501386673,-0.0280963331829076));
#6075=CARTESIAN_POINT('',(0.0232638479067849,0.00113398769853562,-0.0282262711289282));
#6076=CARTESIAN_POINT('',(0.0229966355719192,0.00121881635330356,-0.0282413308619781));
#6077=CARTESIAN_POINT('',(0.0228639972907597,0.00125856041142547,-0.0282541775760833));
#6078=CARTESIAN_POINT('',(0.0249670583869502,0.00144663760332191,-0.026238066353424));
#6079=CARTESIAN_POINT('',(0.0249595280519772,0.00140828964802459,-0.0263718214974965));
#6080=CARTESIAN_POINT('',(0.0249495470875384,0.00132096188266315,-0.0266383333581609));
#6081=CARTESIAN_POINT('',(0.0248240093121979,0.00117845403897521,-0.0270178266678006));
#6082=CARTESIAN_POINT('',(0.0246300975328033,0.00108474269196558,-0.0273746352414933));
#6083=CARTESIAN_POINT('',(0.024361964280008,0.00105249492263451,-0.0276943172944623));
#6084=CARTESIAN_POINT('',(0.0240416265773163,0.00108498330017715,-0.0279612232877306));
#6085=CARTESIAN_POINT('',(0.0236851414499795,0.00117833134193236,-0.028154043668517));
#6086=CARTESIAN_POINT('',(0.0233062769307113,0.00131974419097313,-0.0282774520903296));
#6087=CARTESIAN_POINT('',(0.0230404513652609,0.001405048276198,-0.0282868854072999));
#6088=CARTESIAN_POINT('',(0.0229074885535867,0.00144146380393634,-0.0282941611598527));
#6089=CARTESIAN_POINT('',(0.0249913906325199,0.00164025006473491,-0.0262743279166052));
#6090=CARTESIAN_POINT('',(0.0249878282191323,0.00160182998443021,-0.0264075246683372));
#6091=CARTESIAN_POINT('',(0.0249822804126315,0.00150878965705103,-0.0266730652749716));
#6092=CARTESIAN_POINT('',(0.0248671007492954,0.00136895051516484,-0.0270607510628646));
#6093=CARTESIAN_POINT('',(0.0246841023587611,0.00127357915086034,-0.0274260163889698));
#6094=CARTESIAN_POINT('',(0.0244171434024056,0.00123973070172447,-0.027750037560626));
#6095=CARTESIAN_POINT('',(0.0240924500540848,0.00127402825875874,-0.0280152907745295));
#6096=CARTESIAN_POINT('',(0.023727940436021,0.00136850799124559,-0.0281977320484567));
#6097=CARTESIAN_POINT('',(0.0233410969465079,0.00150807827259027,-0.0283102078788467));
#6098=CARTESIAN_POINT('',(0.023076514762529,0.0015985206381178,-0.0283155048065571));
#6099=CARTESIAN_POINT('',(0.0229439544863663,0.00163467222552987,-0.0283189592169807));
#6100=CARTESIAN_POINT('',(0.0249989661355665,0.00180580907161164,-0.0262990652981841));
#6101=CARTESIAN_POINT('',(0.0249976776621873,0.00176154757907708,-0.0264310847830082));
#6102=CARTESIAN_POINT('',(0.0249952821638777,0.00166723214787136,-0.0266991829749412));
#6103=CARTESIAN_POINT('',(0.0248916308558968,0.00152884830867264,-0.027090570979711));
#6104=CARTESIAN_POINT('',(0.0247185851724345,0.00143356663405882,-0.027461117732161));
#6105=CARTESIAN_POINT('',(0.0244524655464154,0.0013986895930023,-0.0277858290670685));
#6106=CARTESIAN_POINT('',(0.0241270264293746,0.00143402706367736,-0.0280496778518679));
#6107=CARTESIAN_POINT('',(0.023757708868736,0.00152865646180432,-0.0282224616239933));
#6108=CARTESIAN_POINT('',(0.0233675062204274,0.00166514267331453,-0.0283235103042078));
#6109=CARTESIAN_POINT('',(0.0231006187541089,0.00175870543933111,-0.028325573394732));
#6110=CARTESIAN_POINT('',(0.0229696151411301,0.00179980651314615,-0.0283267824964298));
#6111=CARTESIAN_POINT('',(0.0249999061073206,0.00193688236612145,-0.0263180143043002));
#6112=CARTESIAN_POINT('',(0.0249996729753129,0.00189006787763688,-0.0264528553203927));
#6113=CARTESIAN_POINT('',(0.0249994962074057,0.00179306456544552,-0.0267207608166956));
#6114=CARTESIAN_POINT('',(0.024903763280135,0.00165748898265083,-0.0271124953118279));
#6115=CARTESIAN_POINT('',(0.0247392356445891,0.00156238258041151,-0.0274850943658336));
#6116=CARTESIAN_POINT('',(0.0244740818753924,0.00152688975152658,-0.02780795344112));
#6117=CARTESIAN_POINT('',(0.0241507214071196,0.0015629467881456,-0.0280701325615717));
#6118=CARTESIAN_POINT('',(0.0237793816740775,0.00165735219952215,-0.0282345866548098));
#6119=CARTESIAN_POINT('',(0.0233896569423402,0.00179025127542652,-0.0283277288699476));
#6120=CARTESIAN_POINT('',(0.0231227028665918,0.00188590371181873,-0.0283278272128969));
#6121=CARTESIAN_POINT('',(0.0229888655503391,0.0019307155673811,-0.0283279940495157));
#6122=CARTESIAN_POINT('',(0.0249997621266774,0.0020656431445754,-0.0263394985268345));
#6123=CARTESIAN_POINT('',(0.0250000035774352,0.00201844230814057,-0.026477062720364));
#6124=CARTESIAN_POINT('',(0.0249960151162978,0.00191868694664207,-0.0267443706214866));
#6125=CARTESIAN_POINT('',(0.0249179285701046,0.00178642190528212,-0.0271338716339546));
#6126=CARTESIAN_POINT('',(0.0247509558428537,0.0016918134047498,-0.0275062208366332));
#6127=CARTESIAN_POINT('',(0.0244924927156317,0.0016557433743349,-0.0278265286506359));
#6128=CARTESIAN_POINT('',(0.0241713672039497,0.00169251881243183,-0.0280823484049873));
#6129=CARTESIAN_POINT('',(0.0238006690071667,0.00178628392483764,-0.0282474601628078));
#6130=CARTESIAN_POINT('',(0.0234134769901258,0.00191553795435557,-0.0283240689591545));
#6131=CARTESIAN_POINT('',(0.023147281222935,0.00201295187020307,-0.028328243255847));
#6132=CARTESIAN_POINT('',(0.0230105259951606,0.00205916925909674,-0.0283279514430285));
#6133=CARTESIAN_POINT('',(0.0249999832972174,0.00221646087857272,-0.0263755551023009));
#6134=CARTESIAN_POINT('',(0.0250008062044927,0.00217365776668738,-0.0265110855192129));
#6135=CARTESIAN_POINT('',(0.0249887731208522,0.00207257366675376,-0.0267809108106402));
#6136=CARTESIAN_POINT('',(0.0249101936236469,0.00194301024529801,-0.0271594622347497));
#6137=CARTESIAN_POINT('',(0.0247545904436109,0.00185127474278064,-0.0275240442610494));
#6138=CARTESIAN_POINT('',(0.0245105307202705,0.00181394338205041,-0.027844900467968));
#6139=CARTESIAN_POINT('',(0.0241889417662663,0.00185215740743455,-0.0280864769626516));
#6140=CARTESIAN_POINT('',(0.0238262293107485,0.0019429167584695,-0.02823973804457));
#6141=CARTESIAN_POINT('',(0.0234493150530726,0.00206950067591566,-0.0283172745146252));
#6142=CARTESIAN_POINT('',(0.0231821950236589,0.00216838200117677,-0.0283289543805557));
#6143=CARTESIAN_POINT('',(0.0230472047159505,0.00220893783184682,-0.0283274696277197));
#6144=CARTESIAN_POINT('',(0.0250028854429731,0.00234153156711567,-0.0264014163704455));
#6145=CARTESIAN_POINT('',(0.0250048391904203,0.00229459826693837,-0.0265368603734555));
#6146=CARTESIAN_POINT('',(0.0249883166192044,0.00219919636757742,-0.0268051220403347));
#6147=CARTESIAN_POINT('',(0.0249007644887457,0.00206832320276695,-0.0271835364073356));
#6148=CARTESIAN_POINT('',(0.0247429023646777,0.00197990332061381,-0.0275379067853308));
#6149=CARTESIAN_POINT('',(0.0245089890712974,0.00194355127979927,-0.027843638612822));
#6150=CARTESIAN_POINT('',(0.024202652759242,0.00198074622958806,-0.0280749043533226));
#6151=CARTESIAN_POINT('',(0.0238502740702953,0.00206826717869349,-0.0282303455644012));
#6152=CARTESIAN_POINT('',(0.0234741267268411,0.00219611229824053,-0.0283166738102974));
#6153=CARTESIAN_POINT('',(0.0232074754227351,0.00228873142728187,-0.0283316890598962));
#6154=CARTESIAN_POINT('',(0.0230730408265,0.00233420229478663,-0.0283298490618569));
#6155=CARTESIAN_POINT('',(0.0250044935760196,0.00240123022391857,-0.0264141789607996));
#6156=CARTESIAN_POINT('',(0.0250047014014162,0.00235449763762242,-0.0265490017962707));
#6157=CARTESIAN_POINT('',(0.0249886574944822,0.00225954765203134,-0.026818265998035));
#6158=CARTESIAN_POINT('',(0.024898207451252,0.00212977065662869,-0.0271941227995403));
#6159=CARTESIAN_POINT('',(0.0247385154685056,0.00204215956961629,-0.0275453419865676));
#6160=CARTESIAN_POINT('',(0.0245081375099071,0.00200794706215482,-0.0278428988937081));
#6161=CARTESIAN_POINT('',(0.0242100134948489,0.00204292061187278,-0.0280706217016438));
#6162=CARTESIAN_POINT('',(0.0238609082330484,0.00212983213103005,-0.0282278501427913));
#6163=CARTESIAN_POINT('',(0.023487306599724,0.00225635253666745,-0.0283169386292622));
#6164=CARTESIAN_POINT('',(0.0232196414810156,0.00234856926172889,-0.0283312524351662));
#6165=CARTESIAN_POINT('',(0.0230857749476102,0.00239378801886759,-0.0283310825166033));
#6166=MECHANICAL_DESIGN_GEOMETRIC_PRESENTATION_REPRESENTATION('',(#813),
#6167);
#6167=(
GEOMETRIC_REPRESENTATION_CONTEXT(3)
GLOBAL_UNCERTAINTY_ASSIGNED_CONTEXT((#6168))
GLOBAL_UNIT_ASSIGNED_CONTEXT((#6171,#6170,#6169))
REPRESENTATION_CONTEXT('XAxis-KW12Holder','TOP_LEVEL_ASSEMBLY_PART')
);
#6168=UNCERTAINTY_MEASURE_WITH_UNIT(LENGTH_MEASURE(2.0000000005114E-5),
#6171,'DISTANCE_ACCURACY_VALUE','Maximum Tolerance applied to model');
#6169=(
NAMED_UNIT(*)
SI_UNIT($,.STERADIAN.)
SOLID_ANGLE_UNIT()
);
#6170=(
NAMED_UNIT(*)
PLANE_ANGLE_UNIT()
SI_UNIT($,.RADIAN.)
);
#6171=(
LENGTH_UNIT()
NAMED_UNIT(*)
SI_UNIT($,.METRE.)
);
#6172=PRODUCT_DEFINITION_SHAPE('','',#6173);
#6173=PRODUCT_DEFINITION('','',#6175,#6174);
#6174=PRODUCT_DEFINITION_CONTEXT('',#6181,'design');
#6175=PRODUCT_DEFINITION_FORMATION_WITH_SPECIFIED_SOURCE('','',#6177,
 .NOT_KNOWN.);
#6176=PRODUCT_RELATED_PRODUCT_CATEGORY('','',(#6177));
#6177=PRODUCT('XAxis-KW12Holder','XAxis-KW12Holder','XAxis-KW12Holder',
(#6179));
#6178=PRODUCT_CATEGORY('','');
#6179=PRODUCT_CONTEXT('',#6181,'mechanical');
#6180=APPLICATION_PROTOCOL_DEFINITION('international standard',
'ap242_managed_model_based_3d_engineering',2020,#6181);
#6181=APPLICATION_CONTEXT('managed model based 3d engineering');
ENDSEC;
END-ISO-10303-21;
